ISO-10303-21;
HEADER;
FILE_DESCRIPTION( ( 'STEP AP214' ), '1' );
FILE_NAME( 'D:/pa/from_caxxxxx_V1.3.0(1)/from_caxxxxx/data/HG019/LGEHC-H33-A1-L100.stp', '2024-08-16T11:11:28', ( 'License CC BY-ND 4.0' ), ( 'CADENAS' ), ' ', 'PARTsolutions', ' ' );
FILE_SCHEMA( ( 'AUTOMOTIVE_DESIGN { 1 0 10303 214 1 1 1 1 }' ) );
ENDSEC;
DATA;
#1 = PRODUCT_DEFINITION_CONTEXT( '', #22, 'design' );
#2 = APPLICATION_PROTOCOL_DEFINITION( 'international standard', 'automotive_design', 2001, #22 );
#3 = PRODUCT_CATEGORY_RELATIONSHIP( 'NONE', 'NONE', #23, #24 );
#4 = SHAPE_DEFINITION_REPRESENTATION( #25, #26 );
#5 = PRODUCT_CATEGORY_RELATIONSHIP( 'NONE', 'NONE', #23, #27 );
#6 = CONTEXT_DEPENDENT_SHAPE_REPRESENTATION( #28, #29 );
#7 = SHAPE_DEFINITION_REPRESENTATION( #30, #31 );
#8 = SHAPE_REPRESENTATION_RELATIONSHIP( 'NONE', 'NONE', #31, #32 );
#9 = PRODUCT_CATEGORY_RELATIONSHIP( 'NONE', 'NONE', #23, #33 );
#10 = CONTEXT_DEPENDENT_SHAPE_REPRESENTATION( #34, #35 );
#11 = SHAPE_DEFINITION_REPRESENTATION( #36, #37 );
#12 = SHAPE_REPRESENTATION_RELATIONSHIP( 'NONE', 'NONE', #37, #38 );
#13 = PRODUCT_CATEGORY_RELATIONSHIP( 'NONE', 'NONE', #23, #39 );
#14 = CONTEXT_DEPENDENT_SHAPE_REPRESENTATION( #40, #41 );
#15 = SHAPE_DEFINITION_REPRESENTATION( #42, #43 );
#16 = SHAPE_REPRESENTATION_RELATIONSHIP( 'NONE', 'NONE', #43, #44 );
#17 = MECHANICAL_DESIGN_GEOMETRIC_PRESENTATION_REPRESENTATION( ' ', ( #45, #46, #47, #48, #49, #50, #51, #52, #53, #54, #55, #56, #57, #58, #59, #60, #61, #62, #63, #64, #65, #66, #67, #68, #69, #70, #71, #72, #73, #74, #75, #76, #77, #78, #79, #80, #81, #82, #83, #84, #85, #86, #87, #88, #89, #90, #91, #92, #93, #94, #95, #96, #97, #98, #99, #100, #101, #102, #103, #104, #105, #106, #107, #108, #109, #110, #111, #112, #113, #114, #115, #116, #117, #118, #119, #120, #121, #122, #123, #124, #125, #126, #127, #128, #129, #130, #131, #132, #133, #134, #135, #136, #137, #138, #139, #140, #141, #142, #143, #144, #145, #146, #147, #148, #149, #150, #151, #152, #153, #154, #155, #156, #157, #158, #159, #160, #161, #162, #163, #164, #165, #166, #167, #168, #169, #170, #171, #172, #173, #174, #175, #176, #177, #178, #179, #180, #181, #182, #183, #184, #185, #186, #187, #188, #189, #190, #191, #192, #193, #194, #195, #196, #197, #198, #199, #200, #201, #202, #203, #204, #205, #206, #207, #208, #209, #210, #211, #212, #213, #214, #215, #216, #217, #218, #219, #220, #221, #222, #223, #224, #225, #226, #227, #228, #229, #230, #231, #232, #233, #234, #235, #236, #237, #238, #239, #240, #241, #242, #243, #244, #245, #246, #247, #248, #249, #250, #251, #252, #253, #254, #255, #256, #257, #258, #259, #260, #261, #262, #263, #264, #265, #266, #267, #268, #269, #270, #271, #272 ), #18 );
#18 =  ( GEOMETRIC_REPRESENTATION_CONTEXT( 3 )GLOBAL_UNCERTAINTY_ASSIGNED_CONTEXT( ( #275 ) )GLOBAL_UNIT_ASSIGNED_CONTEXT( ( #277, #278, #279 ) )REPRESENTATION_CONTEXT( 'NONE', 'WORKSPACE' ) );
#22 = APPLICATION_CONTEXT( 'core data for automotive mechanical design processes' );
#23 = PRODUCT_CATEGORY( 'part', 'NONE' );
#24 = PRODUCT_RELATED_PRODUCT_CATEGORY( 'detail', ' ', ( #281 ) );
#25 = PRODUCT_DEFINITION_SHAPE( 'NONE', 'NONE', #282 );
#26 = SHAPE_REPRESENTATION( 'LGEHC-H33-A1-L100', ( #283, #284, #285, #286 ), #287 );
#27 = PRODUCT_RELATED_PRODUCT_CATEGORY( 'detail', ' ', ( #288 ) );
#28 = ( REPRESENTATION_RELATIONSHIP( '', '', #31, #26 )REPRESENTATION_RELATIONSHIP_WITH_TRANSFORMATION( #291 )SHAPE_REPRESENTATION_RELATIONSHIP(  ) );
#29 = PRODUCT_DEFINITION_SHAPE( 'NAUO-PROD-DEF', 'NAUO-PROD-DEF', #293 );
#30 = PRODUCT_DEFINITION_SHAPE( 'NONE', 'NONE', #294 );
#31 = SHAPE_REPRESENTATION( '_LGEHC-H33-A1-L100-dummy', ( #283 ), #287 );
#32 = GEOMETRICALLY_BOUNDED_WIREFRAME_SHAPE_REPRESENTATION( '_LGEHC-H33-A1-L100-dummy', ( #295 ), #18 );
#33 = PRODUCT_RELATED_PRODUCT_CATEGORY( 'detail', ' ', ( #296 ) );
#34 = ( REPRESENTATION_RELATIONSHIP( '', '', #37, #26 )REPRESENTATION_RELATIONSHIP_WITH_TRANSFORMATION( #299 )SHAPE_REPRESENTATION_RELATIONSHIP(  ) );
#35 = PRODUCT_DEFINITION_SHAPE( 'NAUO-PROD-DEF', 'NAUO-PROD-DEF', #301 );
#36 = PRODUCT_DEFINITION_SHAPE( 'NONE', 'NONE', #302 );
#37 = SHAPE_REPRESENTATION( '_LGEHC-H33-A1-L100-2', ( #283 ), #287 );
#38 = ADVANCED_BREP_SHAPE_REPRESENTATION( '_LGEHC-H33-A1-L100-2', ( #303 ), #18 );
#39 = PRODUCT_RELATED_PRODUCT_CATEGORY( 'detail', ' ', ( #304 ) );
#40 = ( REPRESENTATION_RELATIONSHIP( '', '', #43, #26 )REPRESENTATION_RELATIONSHIP_WITH_TRANSFORMATION( #307 )SHAPE_REPRESENTATION_RELATIONSHIP(  ) );
#41 = PRODUCT_DEFINITION_SHAPE( 'NAUO-PROD-DEF', 'NAUO-PROD-DEF', #309 );
#42 = PRODUCT_DEFINITION_SHAPE( 'NONE', 'NONE', #310 );
#43 = SHAPE_REPRESENTATION( '_LGEHC-H33-A1-L100-1', ( #283 ), #287 );
#44 = ADVANCED_BREP_SHAPE_REPRESENTATION( '_LGEHC-H33-A1-L100-1', ( #311 ), #18 );
#45 = STYLED_ITEM( '', ( #312 ), #313 );
#46 = STYLED_ITEM( '', ( #314 ), #315 );
#47 = STYLED_ITEM( '', ( #316 ), #317 );
#48 = STYLED_ITEM( '', ( #318 ), #319 );
#49 = STYLED_ITEM( '', ( #320 ), #321 );
#50 = STYLED_ITEM( '', ( #322 ), #323 );
#51 = STYLED_ITEM( '', ( #324 ), #325 );
#52 = STYLED_ITEM( '', ( #326 ), #327 );
#53 = STYLED_ITEM( '', ( #328 ), #329 );
#54 = STYLED_ITEM( '', ( #330 ), #331 );
#55 = STYLED_ITEM( '', ( #332 ), #333 );
#56 = STYLED_ITEM( '', ( #334 ), #335 );
#57 = STYLED_ITEM( '', ( #336 ), #337 );
#58 = STYLED_ITEM( '', ( #338 ), #339 );
#59 = STYLED_ITEM( '', ( #340 ), #341 );
#60 = STYLED_ITEM( '', ( #342 ), #343 );
#61 = STYLED_ITEM( '', ( #344 ), #345 );
#62 = STYLED_ITEM( '', ( #346 ), #347 );
#63 = STYLED_ITEM( '', ( #348 ), #349 );
#64 = STYLED_ITEM( '', ( #350 ), #351 );
#65 = STYLED_ITEM( '', ( #352 ), #353 );
#66 = STYLED_ITEM( '', ( #354 ), #355 );
#67 = STYLED_ITEM( '', ( #356 ), #357 );
#68 = STYLED_ITEM( '', ( #358 ), #359 );
#69 = STYLED_ITEM( '', ( #360 ), #361 );
#70 = STYLED_ITEM( '', ( #362 ), #363 );
#71 = STYLED_ITEM( '', ( #364 ), #365 );
#72 = STYLED_ITEM( '', ( #366 ), #367 );
#73 = STYLED_ITEM( '', ( #368 ), #369 );
#74 = STYLED_ITEM( '', ( #370 ), #371 );
#75 = STYLED_ITEM( '', ( #372 ), #373 );
#76 = STYLED_ITEM( '', ( #374 ), #375 );
#77 = STYLED_ITEM( '', ( #376 ), #377 );
#78 = STYLED_ITEM( '', ( #378 ), #379 );
#79 = STYLED_ITEM( '', ( #380 ), #381 );
#80 = STYLED_ITEM( '', ( #382 ), #383 );
#81 = STYLED_ITEM( '', ( #384 ), #385 );
#82 = STYLED_ITEM( '', ( #386 ), #387 );
#83 = STYLED_ITEM( '', ( #388 ), #389 );
#84 = STYLED_ITEM( '', ( #390 ), #391 );
#85 = STYLED_ITEM( '', ( #392 ), #393 );
#86 = STYLED_ITEM( '', ( #394 ), #395 );
#87 = STYLED_ITEM( '', ( #396 ), #397 );
#88 = STYLED_ITEM( '', ( #398 ), #399 );
#89 = STYLED_ITEM( '', ( #400 ), #401 );
#90 = STYLED_ITEM( '', ( #402 ), #403 );
#91 = STYLED_ITEM( '', ( #404 ), #405 );
#92 = STYLED_ITEM( '', ( #406 ), #407 );
#93 = STYLED_ITEM( '', ( #408 ), #409 );
#94 = STYLED_ITEM( '', ( #410 ), #411 );
#95 = STYLED_ITEM( '', ( #412 ), #413 );
#96 = STYLED_ITEM( '', ( #414 ), #415 );
#97 = STYLED_ITEM( '', ( #416 ), #417 );
#98 = STYLED_ITEM( '', ( #418 ), #419 );
#99 = STYLED_ITEM( '', ( #420 ), #421 );
#100 = STYLED_ITEM( '', ( #422 ), #423 );
#101 = STYLED_ITEM( '', ( #424 ), #425 );
#102 = STYLED_ITEM( '', ( #426 ), #427 );
#103 = STYLED_ITEM( '', ( #428 ), #429 );
#104 = STYLED_ITEM( '', ( #430 ), #431 );
#105 = STYLED_ITEM( '', ( #432 ), #433 );
#106 = STYLED_ITEM( '', ( #434 ), #435 );
#107 = STYLED_ITEM( '', ( #436 ), #437 );
#108 = STYLED_ITEM( '', ( #438 ), #439 );
#109 = STYLED_ITEM( '', ( #440 ), #441 );
#110 = STYLED_ITEM( '', ( #442 ), #443 );
#111 = STYLED_ITEM( '', ( #444 ), #445 );
#112 = STYLED_ITEM( '', ( #446 ), #447 );
#113 = STYLED_ITEM( '', ( #448 ), #449 );
#114 = STYLED_ITEM( '', ( #450 ), #451 );
#115 = STYLED_ITEM( '', ( #452 ), #453 );
#116 = STYLED_ITEM( '', ( #454 ), #455 );
#117 = STYLED_ITEM( '', ( #456 ), #457 );
#118 = STYLED_ITEM( '', ( #458 ), #459 );
#119 = STYLED_ITEM( '', ( #460 ), #461 );
#120 = STYLED_ITEM( '', ( #462 ), #463 );
#121 = STYLED_ITEM( '', ( #464 ), #465 );
#122 = STYLED_ITEM( '', ( #466 ), #467 );
#123 = STYLED_ITEM( '', ( #468 ), #469 );
#124 = STYLED_ITEM( '', ( #470 ), #471 );
#125 = STYLED_ITEM( '', ( #472 ), #473 );
#126 = STYLED_ITEM( '', ( #474 ), #475 );
#127 = STYLED_ITEM( '', ( #476 ), #477 );
#128 = STYLED_ITEM( '', ( #478 ), #479 );
#129 = STYLED_ITEM( '', ( #480 ), #481 );
#130 = STYLED_ITEM( '', ( #482 ), #483 );
#131 = STYLED_ITEM( '', ( #484 ), #485 );
#132 = STYLED_ITEM( '', ( #486 ), #487 );
#133 = STYLED_ITEM( '', ( #488 ), #489 );
#134 = STYLED_ITEM( '', ( #490 ), #491 );
#135 = STYLED_ITEM( '', ( #492 ), #493 );
#136 = STYLED_ITEM( '', ( #494 ), #495 );
#137 = STYLED_ITEM( '', ( #496 ), #497 );
#138 = STYLED_ITEM( '', ( #498 ), #499 );
#139 = STYLED_ITEM( '', ( #500 ), #501 );
#140 = STYLED_ITEM( '', ( #502 ), #503 );
#141 = STYLED_ITEM( '', ( #504 ), #505 );
#142 = STYLED_ITEM( '', ( #506 ), #507 );
#143 = STYLED_ITEM( '', ( #508 ), #509 );
#144 = STYLED_ITEM( '', ( #510 ), #511 );
#145 = STYLED_ITEM( '', ( #512 ), #513 );
#146 = STYLED_ITEM( '', ( #514 ), #515 );
#147 = STYLED_ITEM( '', ( #516 ), #517 );
#148 = STYLED_ITEM( '', ( #518 ), #519 );
#149 = STYLED_ITEM( '', ( #520 ), #521 );
#150 = STYLED_ITEM( '', ( #522 ), #523 );
#151 = STYLED_ITEM( '', ( #524 ), #525 );
#152 = STYLED_ITEM( '', ( #526 ), #527 );
#153 = STYLED_ITEM( '', ( #528 ), #529 );
#154 = STYLED_ITEM( '', ( #530 ), #531 );
#155 = STYLED_ITEM( '', ( #532 ), #533 );
#156 = STYLED_ITEM( '', ( #534 ), #535 );
#157 = STYLED_ITEM( '', ( #536 ), #537 );
#158 = STYLED_ITEM( '', ( #538 ), #539 );
#159 = STYLED_ITEM( '', ( #540 ), #541 );
#160 = STYLED_ITEM( '', ( #542 ), #543 );
#161 = STYLED_ITEM( '', ( #544 ), #545 );
#162 = STYLED_ITEM( '', ( #546 ), #547 );
#163 = STYLED_ITEM( '', ( #548 ), #549 );
#164 = STYLED_ITEM( '', ( #550 ), #551 );
#165 = STYLED_ITEM( '', ( #552 ), #553 );
#166 = STYLED_ITEM( '', ( #554 ), #555 );
#167 = STYLED_ITEM( '', ( #556 ), #557 );
#168 = STYLED_ITEM( '', ( #558 ), #559 );
#169 = STYLED_ITEM( '', ( #560 ), #561 );
#170 = STYLED_ITEM( '', ( #562 ), #563 );
#171 = STYLED_ITEM( '', ( #564 ), #565 );
#172 = STYLED_ITEM( '', ( #566 ), #567 );
#173 = STYLED_ITEM( '', ( #568 ), #569 );
#174 = STYLED_ITEM( '', ( #570 ), #571 );
#175 = STYLED_ITEM( '', ( #572 ), #573 );
#176 = STYLED_ITEM( '', ( #574 ), #575 );
#177 = STYLED_ITEM( '', ( #576 ), #577 );
#178 = STYLED_ITEM( '', ( #578 ), #579 );
#179 = STYLED_ITEM( '', ( #580 ), #581 );
#180 = STYLED_ITEM( '', ( #582 ), #583 );
#181 = STYLED_ITEM( '', ( #584 ), #585 );
#182 = STYLED_ITEM( '', ( #586 ), #587 );
#183 = STYLED_ITEM( '', ( #588 ), #589 );
#184 = STYLED_ITEM( '', ( #590 ), #591 );
#185 = STYLED_ITEM( '', ( #592 ), #593 );
#186 = STYLED_ITEM( '', ( #594 ), #595 );
#187 = STYLED_ITEM( '', ( #596 ), #597 );
#188 = STYLED_ITEM( '', ( #598 ), #599 );
#189 = STYLED_ITEM( '', ( #600 ), #601 );
#190 = STYLED_ITEM( '', ( #602 ), #603 );
#191 = STYLED_ITEM( '', ( #604 ), #605 );
#192 = STYLED_ITEM( '', ( #606 ), #607 );
#193 = STYLED_ITEM( '', ( #608 ), #609 );
#194 = STYLED_ITEM( '', ( #610 ), #611 );
#195 = STYLED_ITEM( '', ( #612 ), #613 );
#196 = STYLED_ITEM( '', ( #614 ), #615 );
#197 = STYLED_ITEM( '', ( #616 ), #617 );
#198 = STYLED_ITEM( '', ( #618 ), #619 );
#199 = STYLED_ITEM( '', ( #620 ), #621 );
#200 = STYLED_ITEM( '', ( #622 ), #623 );
#201 = STYLED_ITEM( '', ( #624 ), #625 );
#202 = STYLED_ITEM( '', ( #626 ), #627 );
#203 = STYLED_ITEM( '', ( #628 ), #629 );
#204 = STYLED_ITEM( '', ( #630 ), #631 );
#205 = STYLED_ITEM( '', ( #632 ), #633 );
#206 = STYLED_ITEM( '', ( #634 ), #635 );
#207 = STYLED_ITEM( '', ( #636 ), #637 );
#208 = STYLED_ITEM( '', ( #638 ), #639 );
#209 = STYLED_ITEM( '', ( #640 ), #641 );
#210 = STYLED_ITEM( '', ( #642 ), #643 );
#211 = STYLED_ITEM( '', ( #644 ), #645 );
#212 = STYLED_ITEM( '', ( #646 ), #647 );
#213 = STYLED_ITEM( '', ( #648 ), #649 );
#214 = STYLED_ITEM( '', ( #650 ), #651 );
#215 = STYLED_ITEM( '', ( #652 ), #653 );
#216 = STYLED_ITEM( '', ( #654 ), #655 );
#217 = STYLED_ITEM( '', ( #656 ), #657 );
#218 = STYLED_ITEM( '', ( #658 ), #659 );
#219 = STYLED_ITEM( '', ( #660 ), #661 );
#220 = STYLED_ITEM( '', ( #662 ), #663 );
#221 = STYLED_ITEM( '', ( #664 ), #665 );
#222 = STYLED_ITEM( '', ( #666 ), #667 );
#223 = STYLED_ITEM( '', ( #668 ), #669 );
#224 = STYLED_ITEM( '', ( #670 ), #671 );
#225 = STYLED_ITEM( '', ( #672 ), #673 );
#226 = STYLED_ITEM( '', ( #674 ), #675 );
#227 = STYLED_ITEM( '', ( #676 ), #677 );
#228 = STYLED_ITEM( '', ( #678 ), #679 );
#229 = STYLED_ITEM( '', ( #680 ), #681 );
#230 = STYLED_ITEM( '', ( #682 ), #683 );
#231 = STYLED_ITEM( '', ( #684 ), #685 );
#232 = STYLED_ITEM( '', ( #686 ), #687 );
#233 = STYLED_ITEM( '', ( #688 ), #689 );
#234 = STYLED_ITEM( '', ( #690 ), #691 );
#235 = STYLED_ITEM( '', ( #692 ), #693 );
#236 = STYLED_ITEM( '', ( #694 ), #695 );
#237 = STYLED_ITEM( '', ( #696 ), #697 );
#238 = STYLED_ITEM( '', ( #698 ), #699 );
#239 = STYLED_ITEM( '', ( #700 ), #701 );
#240 = STYLED_ITEM( '', ( #702 ), #703 );
#241 = STYLED_ITEM( '', ( #704 ), #705 );
#242 = STYLED_ITEM( '', ( #706 ), #707 );
#243 = STYLED_ITEM( '', ( #708 ), #709 );
#244 = STYLED_ITEM( '', ( #710 ), #711 );
#245 = STYLED_ITEM( '', ( #712 ), #713 );
#246 = STYLED_ITEM( '', ( #714 ), #715 );
#247 = STYLED_ITEM( '', ( #716 ), #717 );
#248 = STYLED_ITEM( '', ( #718 ), #719 );
#249 = STYLED_ITEM( '', ( #720 ), #721 );
#250 = STYLED_ITEM( '', ( #722 ), #723 );
#251 = STYLED_ITEM( '', ( #724 ), #725 );
#252 = STYLED_ITEM( '', ( #726 ), #727 );
#253 = STYLED_ITEM( '', ( #728 ), #729 );
#254 = STYLED_ITEM( '', ( #730 ), #731 );
#255 = STYLED_ITEM( '', ( #732 ), #733 );
#256 = STYLED_ITEM( '', ( #734 ), #735 );
#257 = STYLED_ITEM( '', ( #736 ), #737 );
#258 = STYLED_ITEM( '', ( #738 ), #739 );
#259 = STYLED_ITEM( '', ( #740 ), #741 );
#260 = STYLED_ITEM( '', ( #742 ), #743 );
#261 = STYLED_ITEM( '', ( #744 ), #745 );
#262 = STYLED_ITEM( '', ( #746 ), #747 );
#263 = STYLED_ITEM( '', ( #748 ), #749 );
#264 = STYLED_ITEM( '', ( #750 ), #751 );
#265 = STYLED_ITEM( '', ( #752 ), #753 );
#266 = STYLED_ITEM( '', ( #754 ), #755 );
#267 = STYLED_ITEM( '', ( #756 ), #757 );
#268 = STYLED_ITEM( '', ( #758 ), #759 );
#269 = STYLED_ITEM( '', ( #760 ), #761 );
#270 = STYLED_ITEM( '', ( #762 ), #763 );
#271 = STYLED_ITEM( '', ( #764 ), #765 );
#272 = STYLED_ITEM( '', ( #766 ), #767 );
#275 = UNCERTAINTY_MEASURE_WITH_UNIT( LENGTH_MEASURE( 0.00100000000000000 ), #277, '', '' );
#277 =  ( CONVERSION_BASED_UNIT( 'MILLIMETRE', #770 )LENGTH_UNIT(  )NAMED_UNIT( #773 ) );
#278 =  ( NAMED_UNIT( #775 )PLANE_ANGLE_UNIT(  )SI_UNIT( $, .RADIAN. ) );
#279 =  ( NAMED_UNIT( #775 )SI_UNIT( $, .STERADIAN. )SOLID_ANGLE_UNIT(  ) );
#281 = PRODUCT( 'LGEHC-H33-A1-L100', 'LGEHC-H33-A1-L100', 'PART-LGEHC-H33-A1-L100-DESC', ( #781 ) );
#282 = PRODUCT_DEFINITION( 'NONE', 'NONE', #782, #1 );
#283 = AXIS2_PLACEMENT_3D( '', #783, #784, #785 );
#284 = AXIS2_PLACEMENT_3D( '', #786, #787, #788 );
#285 = AXIS2_PLACEMENT_3D( '', #789, #790, #791 );
#286 = AXIS2_PLACEMENT_3D( '', #792, #793, #794 );
#287 =  ( GEOMETRIC_REPRESENTATION_CONTEXT( 3 )GLOBAL_UNCERTAINTY_ASSIGNED_CONTEXT( ( #797 ) )GLOBAL_UNIT_ASSIGNED_CONTEXT( ( #799, #800, #801 ) )REPRESENTATION_CONTEXT( 'NONE', 'WORKSPACE' ) );
#288 = PRODUCT( '_LGEHC-H33-A1-L100-dummy', '_LGEHC-H33-A1-L100-dummy', 'PART-_LGEHC-H33-A1-L100-dummy-DESC', ( #781 ) );
#291 = ITEM_DEFINED_TRANSFORMATION( '', '', #283, #284 );
#293 = NEXT_ASSEMBLY_USAGE_OCCURRENCE( 'NAUO1', '_LGEHC-H33-A1-L100-dummy', '_LGEHC-H33-A1-L100-dummy', #282, #294, $ );
#294 = PRODUCT_DEFINITION( '_LGEHC-H33-A1-L100-dummy', '_LGEHC-H33-A1-L100-dummy', #803, #1 );
#295 = GEOMETRIC_CURVE_SET( '_LGEHC-H33-A1-L100-dummy', ( #804 ) );
#296 = PRODUCT( '_LGEHC-H33-A1-L100-2', '_LGEHC-H33-A1-L100-2', 'PART-_LGEHC-H33-A1-L100-2-DESC', ( #781 ) );
#299 = ITEM_DEFINED_TRANSFORMATION( '', '', #283, #285 );
#301 = NEXT_ASSEMBLY_USAGE_OCCURRENCE( 'NAUO2', '_LGEHC-H33-A1-L100-2', '_LGEHC-H33-A1-L100-2', #282, #302, $ );
#302 = PRODUCT_DEFINITION( '_LGEHC-H33-A1-L100-2', '_LGEHC-H33-A1-L100-2', #805, #1 );
#303 = MANIFOLD_SOLID_BREP( '_LGEHC-H33-A1-L100-2', #806 );
#304 = PRODUCT( '_LGEHC-H33-A1-L100-1', '_LGEHC-H33-A1-L100-1', 'PART-_LGEHC-H33-A1-L100-1-DESC', ( #781 ) );
#307 = ITEM_DEFINED_TRANSFORMATION( '', '', #283, #286 );
#309 = NEXT_ASSEMBLY_USAGE_OCCURRENCE( 'NAUO3', '_LGEHC-H33-A1-L100-1', '_LGEHC-H33-A1-L100-1', #282, #310, $ );
#310 = PRODUCT_DEFINITION( '_LGEHC-H33-A1-L100-1', '_LGEHC-H33-A1-L100-1', #807, #1 );
#311 = MANIFOLD_SOLID_BREP( '_LGEHC-H33-A1-L100-1', #808 );
#312 = PRESENTATION_STYLE_ASSIGNMENT( ( #809 ) );
#313 = ADVANCED_FACE( '', ( #810 ), #811, .F. );
#314 = PRESENTATION_STYLE_ASSIGNMENT( ( #812 ) );
#315 = ADVANCED_FACE( '', ( #813 ), #814, .T. );
#316 = PRESENTATION_STYLE_ASSIGNMENT( ( #815 ) );
#317 = ADVANCED_FACE( '', ( #816 ), #817, .T. );
#318 = PRESENTATION_STYLE_ASSIGNMENT( ( #818 ) );
#319 = ADVANCED_FACE( '', ( #819 ), #820, .T. );
#320 = PRESENTATION_STYLE_ASSIGNMENT( ( #821 ) );
#321 = ADVANCED_FACE( '', ( #822 ), #823, .T. );
#322 = PRESENTATION_STYLE_ASSIGNMENT( ( #824 ) );
#323 = ADVANCED_FACE( '', ( #825 ), #826, .F. );
#324 = PRESENTATION_STYLE_ASSIGNMENT( ( #827 ) );
#325 = ADVANCED_FACE( '', ( #828 ), #829, .T. );
#326 = PRESENTATION_STYLE_ASSIGNMENT( ( #830 ) );
#327 = ADVANCED_FACE( '', ( #831 ), #832, .T. );
#328 = PRESENTATION_STYLE_ASSIGNMENT( ( #833 ) );
#329 = ADVANCED_FACE( '', ( #834 ), #835, .F. );
#330 = PRESENTATION_STYLE_ASSIGNMENT( ( #836 ) );
#331 = ADVANCED_FACE( '', ( #837 ), #838, .T. );
#332 = PRESENTATION_STYLE_ASSIGNMENT( ( #839 ) );
#333 = ADVANCED_FACE( '', ( #840 ), #841, .F. );
#334 = PRESENTATION_STYLE_ASSIGNMENT( ( #842 ) );
#335 = ADVANCED_FACE( '', ( #843 ), #844, .T. );
#336 = PRESENTATION_STYLE_ASSIGNMENT( ( #845 ) );
#337 = ADVANCED_FACE( '', ( #846 ), #847, .F. );
#338 = PRESENTATION_STYLE_ASSIGNMENT( ( #848 ) );
#339 = ADVANCED_FACE( '', ( #849 ), #850, .T. );
#340 = PRESENTATION_STYLE_ASSIGNMENT( ( #851 ) );
#341 = ADVANCED_FACE( '', ( #852 ), #853, .F. );
#342 = PRESENTATION_STYLE_ASSIGNMENT( ( #854 ) );
#343 = ADVANCED_FACE( '', ( #855, #856 ), #857, .F. );
#344 = PRESENTATION_STYLE_ASSIGNMENT( ( #858 ) );
#345 = ADVANCED_FACE( '', ( #859 ), #860, .F. );
#346 = PRESENTATION_STYLE_ASSIGNMENT( ( #861 ) );
#347 = ADVANCED_FACE( '', ( #862 ), #863, .T. );
#348 = PRESENTATION_STYLE_ASSIGNMENT( ( #864 ) );
#349 = ADVANCED_FACE( '', ( #865 ), #866, .T. );
#350 = PRESENTATION_STYLE_ASSIGNMENT( ( #867 ) );
#351 = ADVANCED_FACE( '', ( #868 ), #869, .T. );
#352 = PRESENTATION_STYLE_ASSIGNMENT( ( #870 ) );
#353 = ADVANCED_FACE( '', ( #871 ), #872, .F. );
#354 = PRESENTATION_STYLE_ASSIGNMENT( ( #873 ) );
#355 = ADVANCED_FACE( '', ( #874, #875, #876 ), #877, .T. );
#356 = PRESENTATION_STYLE_ASSIGNMENT( ( #878 ) );
#357 = ADVANCED_FACE( '', ( #879, #880 ), #881, .T. );
#358 = PRESENTATION_STYLE_ASSIGNMENT( ( #882 ) );
#359 = ADVANCED_FACE( '', ( #883, #884 ), #885, .F. );
#360 = PRESENTATION_STYLE_ASSIGNMENT( ( #886 ) );
#361 = ADVANCED_FACE( '', ( #887 ), #888, .T. );
#362 = PRESENTATION_STYLE_ASSIGNMENT( ( #889 ) );
#363 = ADVANCED_FACE( '', ( #890 ), #891, .F. );
#364 = PRESENTATION_STYLE_ASSIGNMENT( ( #892 ) );
#365 = ADVANCED_FACE( '', ( #893 ), #894, .T. );
#366 = PRESENTATION_STYLE_ASSIGNMENT( ( #895 ) );
#367 = ADVANCED_FACE( '', ( #896 ), #897, .T. );
#368 = PRESENTATION_STYLE_ASSIGNMENT( ( #898 ) );
#369 = ADVANCED_FACE( '', ( #899, #900 ), #901, .T. );
#370 = PRESENTATION_STYLE_ASSIGNMENT( ( #902 ) );
#371 = ADVANCED_FACE( '', ( #903 ), #904, .F. );
#372 = PRESENTATION_STYLE_ASSIGNMENT( ( #905 ) );
#373 = ADVANCED_FACE( '', ( #906 ), #907, .T. );
#374 = PRESENTATION_STYLE_ASSIGNMENT( ( #908 ) );
#375 = ADVANCED_FACE( '', ( #909, #910, #911 ), #912, .F. );
#376 = PRESENTATION_STYLE_ASSIGNMENT( ( #913 ) );
#377 = ADVANCED_FACE( '', ( #914, #915 ), #916, .F. );
#378 = PRESENTATION_STYLE_ASSIGNMENT( ( #917 ) );
#379 = ADVANCED_FACE( '', ( #918 ), #919, .T. );
#380 = PRESENTATION_STYLE_ASSIGNMENT( ( #920 ) );
#381 = ADVANCED_FACE( '', ( #921, #922 ), #923, .F. );
#382 = PRESENTATION_STYLE_ASSIGNMENT( ( #924 ) );
#383 = ADVANCED_FACE( '', ( #925 ), #926, .T. );
#384 = PRESENTATION_STYLE_ASSIGNMENT( ( #927 ) );
#385 = ADVANCED_FACE( '', ( #928, #929 ), #930, .T. );
#386 = PRESENTATION_STYLE_ASSIGNMENT( ( #931 ) );
#387 = ADVANCED_FACE( '', ( #932 ), #933, .T. );
#388 = PRESENTATION_STYLE_ASSIGNMENT( ( #934 ) );
#389 = ADVANCED_FACE( '', ( #935 ), #936, .F. );
#390 = PRESENTATION_STYLE_ASSIGNMENT( ( #937 ) );
#391 = ADVANCED_FACE( '', ( #938 ), #939, .F. );
#392 = PRESENTATION_STYLE_ASSIGNMENT( ( #940 ) );
#393 = ADVANCED_FACE( '', ( #941 ), #942, .T. );
#394 = PRESENTATION_STYLE_ASSIGNMENT( ( #943 ) );
#395 = ADVANCED_FACE( '', ( #944, #945 ), #946, .T. );
#396 = PRESENTATION_STYLE_ASSIGNMENT( ( #947 ) );
#397 = ADVANCED_FACE( '', ( #948 ), #949, .F. );
#398 = PRESENTATION_STYLE_ASSIGNMENT( ( #950 ) );
#399 = ADVANCED_FACE( '', ( #951 ), #952, .T. );
#400 = PRESENTATION_STYLE_ASSIGNMENT( ( #953 ) );
#401 = ADVANCED_FACE( '', ( #954 ), #955, .T. );
#402 = PRESENTATION_STYLE_ASSIGNMENT( ( #956 ) );
#403 = ADVANCED_FACE( '', ( #957 ), #958, .F. );
#404 = PRESENTATION_STYLE_ASSIGNMENT( ( #959 ) );
#405 = ADVANCED_FACE( '', ( #960 ), #961, .T. );
#406 = PRESENTATION_STYLE_ASSIGNMENT( ( #962 ) );
#407 = ADVANCED_FACE( '', ( #963 ), #964, .F. );
#408 = PRESENTATION_STYLE_ASSIGNMENT( ( #965 ) );
#409 = ADVANCED_FACE( '', ( #966 ), #967, .F. );
#410 = PRESENTATION_STYLE_ASSIGNMENT( ( #968 ) );
#411 = ADVANCED_FACE( '', ( #969 ), #970, .F. );
#412 = PRESENTATION_STYLE_ASSIGNMENT( ( #971 ) );
#413 = ADVANCED_FACE( '', ( #972 ), #973, .F. );
#414 = PRESENTATION_STYLE_ASSIGNMENT( ( #974 ) );
#415 = ADVANCED_FACE( '', ( #975 ), #976, .T. );
#416 = PRESENTATION_STYLE_ASSIGNMENT( ( #977 ) );
#417 = ADVANCED_FACE( '', ( #978, #979 ), #980, .F. );
#418 = PRESENTATION_STYLE_ASSIGNMENT( ( #981 ) );
#419 = ADVANCED_FACE( '', ( #982, #983 ), #984, .F. );
#420 = PRESENTATION_STYLE_ASSIGNMENT( ( #985 ) );
#421 = ADVANCED_FACE( '', ( #986 ), #987, .T. );
#422 = PRESENTATION_STYLE_ASSIGNMENT( ( #988 ) );
#423 = ADVANCED_FACE( '', ( #989 ), #990, .F. );
#424 = PRESENTATION_STYLE_ASSIGNMENT( ( #991 ) );
#425 = ADVANCED_FACE( '', ( #992 ), #993, .T. );
#426 = PRESENTATION_STYLE_ASSIGNMENT( ( #994 ) );
#427 = ADVANCED_FACE( '', ( #995 ), #996, .T. );
#428 = PRESENTATION_STYLE_ASSIGNMENT( ( #997 ) );
#429 = ADVANCED_FACE( '', ( #998, #999 ), #1000, .T. );
#430 = PRESENTATION_STYLE_ASSIGNMENT( ( #1001 ) );
#431 = ADVANCED_FACE( '', ( #1002 ), #1003, .F. );
#432 = PRESENTATION_STYLE_ASSIGNMENT( ( #1004 ) );
#433 = ADVANCED_FACE( '', ( #1005 ), #1006, .F. );
#434 = PRESENTATION_STYLE_ASSIGNMENT( ( #1007 ) );
#435 = ADVANCED_FACE( '', ( #1008 ), #1009, .T. );
#436 = PRESENTATION_STYLE_ASSIGNMENT( ( #1010 ) );
#437 = ADVANCED_FACE( '', ( #1011 ), #1012, .F. );
#438 = PRESENTATION_STYLE_ASSIGNMENT( ( #1013 ) );
#439 = ADVANCED_FACE( '', ( #1014, #1015 ), #1016, .F. );
#440 = PRESENTATION_STYLE_ASSIGNMENT( ( #1017 ) );
#441 = ADVANCED_FACE( '', ( #1018 ), #1019, .F. );
#442 = PRESENTATION_STYLE_ASSIGNMENT( ( #1020 ) );
#443 = ADVANCED_FACE( '', ( #1021, #1022 ), #1023, .F. );
#444 = PRESENTATION_STYLE_ASSIGNMENT( ( #1024 ) );
#445 = ADVANCED_FACE( '', ( #1025 ), #1026, .F. );
#446 = PRESENTATION_STYLE_ASSIGNMENT( ( #1027 ) );
#447 = ADVANCED_FACE( '', ( #1028 ), #1029, .F. );
#448 = PRESENTATION_STYLE_ASSIGNMENT( ( #1030 ) );
#449 = ADVANCED_FACE( '', ( #1031 ), #1032, .F. );
#450 = PRESENTATION_STYLE_ASSIGNMENT( ( #1033 ) );
#451 = ADVANCED_FACE( '', ( #1034 ), #1035, .T. );
#452 = PRESENTATION_STYLE_ASSIGNMENT( ( #1036 ) );
#453 = ADVANCED_FACE( '', ( #1037 ), #1038, .F. );
#454 = PRESENTATION_STYLE_ASSIGNMENT( ( #1039 ) );
#455 = ADVANCED_FACE( '', ( #1040, #1041 ), #1042, .T. );
#456 = PRESENTATION_STYLE_ASSIGNMENT( ( #1043 ) );
#457 = ADVANCED_FACE( '', ( #1044, #1045, #1046 ), #1047, .F. );
#458 = PRESENTATION_STYLE_ASSIGNMENT( ( #1048 ) );
#459 = ADVANCED_FACE( '', ( #1049 ), #1050, .F. );
#460 = PRESENTATION_STYLE_ASSIGNMENT( ( #1051 ) );
#461 = ADVANCED_FACE( '', ( #1052 ), #1053, .F. );
#462 = PRESENTATION_STYLE_ASSIGNMENT( ( #1054 ) );
#463 = ADVANCED_FACE( '', ( #1055 ), #1056, .T. );
#464 = PRESENTATION_STYLE_ASSIGNMENT( ( #1057 ) );
#465 = ADVANCED_FACE( '', ( #1058 ), #1059, .F. );
#466 = PRESENTATION_STYLE_ASSIGNMENT( ( #1060 ) );
#467 = ADVANCED_FACE( '', ( #1061 ), #1062, .F. );
#468 = PRESENTATION_STYLE_ASSIGNMENT( ( #1063 ) );
#469 = ADVANCED_FACE( '', ( #1064 ), #1065, .T. );
#470 = PRESENTATION_STYLE_ASSIGNMENT( ( #1066 ) );
#471 = ADVANCED_FACE( '', ( #1067 ), #1068, .T. );
#472 = PRESENTATION_STYLE_ASSIGNMENT( ( #1069 ) );
#473 = ADVANCED_FACE( '', ( #1070, #1071 ), #1072, .F. );
#474 = PRESENTATION_STYLE_ASSIGNMENT( ( #1073 ) );
#475 = ADVANCED_FACE( '', ( #1074 ), #1075, .T. );
#476 = PRESENTATION_STYLE_ASSIGNMENT( ( #1076 ) );
#477 = ADVANCED_FACE( '', ( #1077 ), #1078, .F. );
#478 = PRESENTATION_STYLE_ASSIGNMENT( ( #1079 ) );
#479 = ADVANCED_FACE( '', ( #1080 ), #1081, .T. );
#480 = PRESENTATION_STYLE_ASSIGNMENT( ( #1082 ) );
#481 = ADVANCED_FACE( '', ( #1083, #1084 ), #1085, .T. );
#482 = PRESENTATION_STYLE_ASSIGNMENT( ( #1086 ) );
#483 = ADVANCED_FACE( '', ( #1087 ), #1088, .T. );
#484 = PRESENTATION_STYLE_ASSIGNMENT( ( #1089 ) );
#485 = ADVANCED_FACE( '', ( #1090 ), #1091, .F. );
#486 = PRESENTATION_STYLE_ASSIGNMENT( ( #1092 ) );
#487 = ADVANCED_FACE( '', ( #1093 ), #1094, .T. );
#488 = PRESENTATION_STYLE_ASSIGNMENT( ( #1095 ) );
#489 = ADVANCED_FACE( '', ( #1096 ), #1097, .T. );
#490 = PRESENTATION_STYLE_ASSIGNMENT( ( #1098 ) );
#491 = ADVANCED_FACE( '', ( #1099 ), #1100, .F. );
#492 = PRESENTATION_STYLE_ASSIGNMENT( ( #1101 ) );
#493 = ADVANCED_FACE( '', ( #1102 ), #1103, .F. );
#494 = PRESENTATION_STYLE_ASSIGNMENT( ( #1104 ) );
#495 = ADVANCED_FACE( '', ( #1105 ), #1106, .T. );
#496 = PRESENTATION_STYLE_ASSIGNMENT( ( #1107 ) );
#497 = ADVANCED_FACE( '', ( #1108 ), #1109, .F. );
#498 = PRESENTATION_STYLE_ASSIGNMENT( ( #1110 ) );
#499 = ADVANCED_FACE( '', ( #1111 ), #1112, .T. );
#500 = PRESENTATION_STYLE_ASSIGNMENT( ( #1113 ) );
#501 = ADVANCED_FACE( '', ( #1114 ), #1115, .F. );
#502 = PRESENTATION_STYLE_ASSIGNMENT( ( #1116 ) );
#503 = ADVANCED_FACE( '', ( #1117 ), #1118, .T. );
#504 = PRESENTATION_STYLE_ASSIGNMENT( ( #1119 ) );
#505 = ADVANCED_FACE( '', ( #1120 ), #1121, .F. );
#506 = PRESENTATION_STYLE_ASSIGNMENT( ( #1122 ) );
#507 = ADVANCED_FACE( '', ( #1123 ), #1124, .F. );
#508 = PRESENTATION_STYLE_ASSIGNMENT( ( #1125 ) );
#509 = ADVANCED_FACE( '', ( #1126 ), #1127, .F. );
#510 = PRESENTATION_STYLE_ASSIGNMENT( ( #1128 ) );
#511 = ADVANCED_FACE( '', ( #1129, #1130 ), #1131, .T. );
#512 = PRESENTATION_STYLE_ASSIGNMENT( ( #1132 ) );
#513 = ADVANCED_FACE( '', ( #1133, #1134 ), #1135, .F. );
#514 = PRESENTATION_STYLE_ASSIGNMENT( ( #1136 ) );
#515 = ADVANCED_FACE( '', ( #1137 ), #1138, .F. );
#516 = PRESENTATION_STYLE_ASSIGNMENT( ( #1139 ) );
#517 = ADVANCED_FACE( '', ( #1140 ), #1141, .T. );
#518 = PRESENTATION_STYLE_ASSIGNMENT( ( #1142 ) );
#519 = ADVANCED_FACE( '', ( #1143 ), #1144, .T. );
#520 = PRESENTATION_STYLE_ASSIGNMENT( ( #1145 ) );
#521 = ADVANCED_FACE( '', ( #1146 ), #1147, .T. );
#522 = PRESENTATION_STYLE_ASSIGNMENT( ( #1148 ) );
#523 = ADVANCED_FACE( '', ( #1149 ), #1150, .T. );
#524 = PRESENTATION_STYLE_ASSIGNMENT( ( #1151 ) );
#525 = ADVANCED_FACE( '', ( #1152 ), #1153, .F. );
#526 = PRESENTATION_STYLE_ASSIGNMENT( ( #1154 ) );
#527 = ADVANCED_FACE( '', ( #1155 ), #1156, .T. );
#528 = PRESENTATION_STYLE_ASSIGNMENT( ( #1157 ) );
#529 = ADVANCED_FACE( '', ( #1158 ), #1159, .T. );
#530 = PRESENTATION_STYLE_ASSIGNMENT( ( #1160 ) );
#531 = ADVANCED_FACE( '', ( #1161 ), #1162, .T. );
#532 = PRESENTATION_STYLE_ASSIGNMENT( ( #1163 ) );
#533 = ADVANCED_FACE( '', ( #1164 ), #1165, .T. );
#534 = PRESENTATION_STYLE_ASSIGNMENT( ( #1166 ) );
#535 = ADVANCED_FACE( '', ( #1167 ), #1168, .T. );
#536 = PRESENTATION_STYLE_ASSIGNMENT( ( #1169 ) );
#537 = ADVANCED_FACE( '', ( #1170 ), #1171, .F. );
#538 = PRESENTATION_STYLE_ASSIGNMENT( ( #1172 ) );
#539 = ADVANCED_FACE( '', ( #1173 ), #1174, .T. );
#540 = PRESENTATION_STYLE_ASSIGNMENT( ( #1175 ) );
#541 = ADVANCED_FACE( '', ( #1176 ), #1177, .T. );
#542 = PRESENTATION_STYLE_ASSIGNMENT( ( #1178 ) );
#543 = ADVANCED_FACE( '', ( #1179 ), #1180, .T. );
#544 = PRESENTATION_STYLE_ASSIGNMENT( ( #1181 ) );
#545 = ADVANCED_FACE( '', ( #1182 ), #1183, .T. );
#546 = PRESENTATION_STYLE_ASSIGNMENT( ( #1184 ) );
#547 = ADVANCED_FACE( '', ( #1185 ), #1186, .T. );
#548 = PRESENTATION_STYLE_ASSIGNMENT( ( #1187 ) );
#549 = ADVANCED_FACE( '', ( #1188 ), #1189, .T. );
#550 = PRESENTATION_STYLE_ASSIGNMENT( ( #1190 ) );
#551 = ADVANCED_FACE( '', ( #1191 ), #1192, .F. );
#552 = PRESENTATION_STYLE_ASSIGNMENT( ( #1193 ) );
#553 = ADVANCED_FACE( '', ( #1194 ), #1195, .T. );
#554 = PRESENTATION_STYLE_ASSIGNMENT( ( #1196 ) );
#555 = ADVANCED_FACE( '', ( #1197 ), #1198, .F. );
#556 = PRESENTATION_STYLE_ASSIGNMENT( ( #1199 ) );
#557 = ADVANCED_FACE( '', ( #1200 ), #1201, .F. );
#558 = PRESENTATION_STYLE_ASSIGNMENT( ( #1202 ) );
#559 = ADVANCED_FACE( '', ( #1203 ), #1204, .F. );
#560 = PRESENTATION_STYLE_ASSIGNMENT( ( #1205 ) );
#561 = ADVANCED_FACE( '', ( #1206 ), #1207, .F. );
#562 = PRESENTATION_STYLE_ASSIGNMENT( ( #1208 ) );
#563 = ADVANCED_FACE( '', ( #1209 ), #1210, .T. );
#564 = PRESENTATION_STYLE_ASSIGNMENT( ( #1211 ) );
#565 = ADVANCED_FACE( '', ( #1212 ), #1213, .T. );
#566 = PRESENTATION_STYLE_ASSIGNMENT( ( #1214 ) );
#567 = ADVANCED_FACE( '', ( #1215 ), #1216, .T. );
#568 = PRESENTATION_STYLE_ASSIGNMENT( ( #1217 ) );
#569 = ADVANCED_FACE( '', ( #1218 ), #1219, .F. );
#570 = PRESENTATION_STYLE_ASSIGNMENT( ( #1220 ) );
#571 = ADVANCED_FACE( '', ( #1221 ), #1222, .F. );
#572 = PRESENTATION_STYLE_ASSIGNMENT( ( #1223 ) );
#573 = ADVANCED_FACE( '', ( #1224 ), #1225, .T. );
#574 = PRESENTATION_STYLE_ASSIGNMENT( ( #1226 ) );
#575 = ADVANCED_FACE( '', ( #1227 ), #1228, .F. );
#576 = PRESENTATION_STYLE_ASSIGNMENT( ( #1229 ) );
#577 = ADVANCED_FACE( '', ( #1230 ), #1231, .F. );
#578 = PRESENTATION_STYLE_ASSIGNMENT( ( #1232 ) );
#579 = ADVANCED_FACE( '', ( #1233 ), #1234, .F. );
#580 = PRESENTATION_STYLE_ASSIGNMENT( ( #1235 ) );
#581 = ADVANCED_FACE( '', ( #1236 ), #1237, .F. );
#582 = PRESENTATION_STYLE_ASSIGNMENT( ( #1238 ) );
#583 = ADVANCED_FACE( '', ( #1239, #1240 ), #1241, .T. );
#584 = PRESENTATION_STYLE_ASSIGNMENT( ( #1242 ) );
#585 = ADVANCED_FACE( '', ( #1243 ), #1244, .F. );
#586 = PRESENTATION_STYLE_ASSIGNMENT( ( #1245 ) );
#587 = ADVANCED_FACE( '', ( #1246 ), #1247, .T. );
#588 = PRESENTATION_STYLE_ASSIGNMENT( ( #1248 ) );
#589 = ADVANCED_FACE( '', ( #1249 ), #1250, .T. );
#590 = PRESENTATION_STYLE_ASSIGNMENT( ( #1251 ) );
#591 = ADVANCED_FACE( '', ( #1252 ), #1253, .F. );
#592 = PRESENTATION_STYLE_ASSIGNMENT( ( #1254 ) );
#593 = ADVANCED_FACE( '', ( #1255 ), #1256, .T. );
#594 = PRESENTATION_STYLE_ASSIGNMENT( ( #1257 ) );
#595 = ADVANCED_FACE( '', ( #1258 ), #1259, .F. );
#596 = PRESENTATION_STYLE_ASSIGNMENT( ( #1260 ) );
#597 = ADVANCED_FACE( '', ( #1261 ), #1262, .T. );
#598 = PRESENTATION_STYLE_ASSIGNMENT( ( #1263 ) );
#599 = ADVANCED_FACE( '', ( #1264 ), #1265, .F. );
#600 = PRESENTATION_STYLE_ASSIGNMENT( ( #1266 ) );
#601 = ADVANCED_FACE( '', ( #1267 ), #1268, .F. );
#602 = PRESENTATION_STYLE_ASSIGNMENT( ( #1269 ) );
#603 = ADVANCED_FACE( '', ( #1270 ), #1271, .T. );
#604 = PRESENTATION_STYLE_ASSIGNMENT( ( #1272 ) );
#605 = ADVANCED_FACE( '', ( #1273 ), #1274, .F. );
#606 = PRESENTATION_STYLE_ASSIGNMENT( ( #1275 ) );
#607 = ADVANCED_FACE( '', ( #1276 ), #1277, .T. );
#608 = PRESENTATION_STYLE_ASSIGNMENT( ( #1278 ) );
#609 = ADVANCED_FACE( '', ( #1279 ), #1280, .F. );
#610 = PRESENTATION_STYLE_ASSIGNMENT( ( #1281 ) );
#611 = ADVANCED_FACE( '', ( #1282 ), #1283, .F. );
#612 = PRESENTATION_STYLE_ASSIGNMENT( ( #1284 ) );
#613 = ADVANCED_FACE( '', ( #1285 ), #1286, .T. );
#614 = PRESENTATION_STYLE_ASSIGNMENT( ( #1287 ) );
#615 = ADVANCED_FACE( '', ( #1288 ), #1289, .T. );
#616 = PRESENTATION_STYLE_ASSIGNMENT( ( #1290 ) );
#617 = ADVANCED_FACE( '', ( #1291 ), #1292, .F. );
#618 = PRESENTATION_STYLE_ASSIGNMENT( ( #1293 ) );
#619 = ADVANCED_FACE( '', ( #1294 ), #1295, .T. );
#620 = PRESENTATION_STYLE_ASSIGNMENT( ( #1296 ) );
#621 = ADVANCED_FACE( '', ( #1297 ), #1298, .F. );
#622 = PRESENTATION_STYLE_ASSIGNMENT( ( #1299 ) );
#623 = ADVANCED_FACE( '', ( #1300 ), #1301, .F. );
#624 = PRESENTATION_STYLE_ASSIGNMENT( ( #1302 ) );
#625 = ADVANCED_FACE( '', ( #1303 ), #1304, .F. );
#626 = PRESENTATION_STYLE_ASSIGNMENT( ( #1305 ) );
#627 = ADVANCED_FACE( '', ( #1306, #1307 ), #1308, .F. );
#628 = PRESENTATION_STYLE_ASSIGNMENT( ( #1309 ) );
#629 = ADVANCED_FACE( '', ( #1310, #1311 ), #1312, .F. );
#630 = PRESENTATION_STYLE_ASSIGNMENT( ( #1313 ) );
#631 = ADVANCED_FACE( '', ( #1314, #1315 ), #1316, .F. );
#632 = PRESENTATION_STYLE_ASSIGNMENT( ( #1317 ) );
#633 = ADVANCED_FACE( '', ( #1318 ), #1319, .T. );
#634 = PRESENTATION_STYLE_ASSIGNMENT( ( #1320 ) );
#635 = ADVANCED_FACE( '', ( #1321, #1322 ), #1323, .T. );
#636 = PRESENTATION_STYLE_ASSIGNMENT( ( #1324 ) );
#637 = ADVANCED_FACE( '', ( #1325 ), #1326, .T. );
#638 = PRESENTATION_STYLE_ASSIGNMENT( ( #1327 ) );
#639 = ADVANCED_FACE( '', ( #1328, #1329 ), #1330, .T. );
#640 = PRESENTATION_STYLE_ASSIGNMENT( ( #1331 ) );
#641 = ADVANCED_FACE( '', ( #1332 ), #1333, .F. );
#642 = PRESENTATION_STYLE_ASSIGNMENT( ( #1334 ) );
#643 = ADVANCED_FACE( '', ( #1335 ), #1336, .F. );
#644 = PRESENTATION_STYLE_ASSIGNMENT( ( #1337 ) );
#645 = ADVANCED_FACE( '', ( #1338 ), #1339, .F. );
#646 = PRESENTATION_STYLE_ASSIGNMENT( ( #1340 ) );
#647 = ADVANCED_FACE( '', ( #1341 ), #1342, .F. );
#648 = PRESENTATION_STYLE_ASSIGNMENT( ( #1343 ) );
#649 = ADVANCED_FACE( '', ( #1344 ), #1345, .T. );
#650 = PRESENTATION_STYLE_ASSIGNMENT( ( #1346 ) );
#651 = ADVANCED_FACE( '', ( #1347 ), #1348, .T. );
#652 = PRESENTATION_STYLE_ASSIGNMENT( ( #1349 ) );
#653 = ADVANCED_FACE( '', ( #1350 ), #1351, .F. );
#654 = PRESENTATION_STYLE_ASSIGNMENT( ( #1352 ) );
#655 = ADVANCED_FACE( '', ( #1353 ), #1354, .F. );
#656 = PRESENTATION_STYLE_ASSIGNMENT( ( #1355 ) );
#657 = ADVANCED_FACE( '', ( #1356 ), #1357, .F. );
#658 = PRESENTATION_STYLE_ASSIGNMENT( ( #1358 ) );
#659 = ADVANCED_FACE( '', ( #1359 ), #1360, .T. );
#660 = PRESENTATION_STYLE_ASSIGNMENT( ( #1361 ) );
#661 = ADVANCED_FACE( '', ( #1362, #1363 ), #1364, .F. );
#662 = PRESENTATION_STYLE_ASSIGNMENT( ( #1365 ) );
#663 = ADVANCED_FACE( '', ( #1366 ), #1367, .F. );
#664 = PRESENTATION_STYLE_ASSIGNMENT( ( #1368 ) );
#665 = ADVANCED_FACE( '', ( #1369 ), #1370, .F. );
#666 = PRESENTATION_STYLE_ASSIGNMENT( ( #1371 ) );
#667 = ADVANCED_FACE( '', ( #1372 ), #1373, .F. );
#668 = PRESENTATION_STYLE_ASSIGNMENT( ( #1374 ) );
#669 = ADVANCED_FACE( '', ( #1375 ), #1376, .F. );
#670 = PRESENTATION_STYLE_ASSIGNMENT( ( #1377 ) );
#671 = ADVANCED_FACE( '', ( #1378 ), #1379, .F. );
#672 = PRESENTATION_STYLE_ASSIGNMENT( ( #1380 ) );
#673 = ADVANCED_FACE( '', ( #1381 ), #1382, .F. );
#674 = PRESENTATION_STYLE_ASSIGNMENT( ( #1383 ) );
#675 = ADVANCED_FACE( '', ( #1384 ), #1385, .F. );
#676 = PRESENTATION_STYLE_ASSIGNMENT( ( #1386 ) );
#677 = ADVANCED_FACE( '', ( #1387 ), #1388, .T. );
#678 = PRESENTATION_STYLE_ASSIGNMENT( ( #1389 ) );
#679 = ADVANCED_FACE( '', ( #1390 ), #1391, .T. );
#680 = PRESENTATION_STYLE_ASSIGNMENT( ( #1392 ) );
#681 = ADVANCED_FACE( '', ( #1393 ), #1394, .F. );
#682 = PRESENTATION_STYLE_ASSIGNMENT( ( #1395 ) );
#683 = ADVANCED_FACE( '', ( #1396 ), #1397, .T. );
#684 = PRESENTATION_STYLE_ASSIGNMENT( ( #1398 ) );
#685 = ADVANCED_FACE( '', ( #1399 ), #1400, .F. );
#686 = PRESENTATION_STYLE_ASSIGNMENT( ( #1401 ) );
#687 = ADVANCED_FACE( '', ( #1402, #1403 ), #1404, .T. );
#688 = PRESENTATION_STYLE_ASSIGNMENT( ( #1405 ) );
#689 = ADVANCED_FACE( '', ( #1406, #1407 ), #1408, .F. );
#690 = PRESENTATION_STYLE_ASSIGNMENT( ( #1409 ) );
#691 = ADVANCED_FACE( '', ( #1410 ), #1411, .T. );
#692 = PRESENTATION_STYLE_ASSIGNMENT( ( #1412 ) );
#693 = ADVANCED_FACE( '', ( #1413 ), #1414, .T. );
#694 = PRESENTATION_STYLE_ASSIGNMENT( ( #1415 ) );
#695 = ADVANCED_FACE( '', ( #1416 ), #1417, .T. );
#696 = PRESENTATION_STYLE_ASSIGNMENT( ( #1418 ) );
#697 = ADVANCED_FACE( '', ( #1419, #1420 ), #1421, .T. );
#698 = PRESENTATION_STYLE_ASSIGNMENT( ( #1422 ) );
#699 = ADVANCED_FACE( '', ( #1423 ), #1424, .T. );
#700 = PRESENTATION_STYLE_ASSIGNMENT( ( #1425 ) );
#701 = ADVANCED_FACE( '', ( #1426 ), #1427, .F. );
#702 = PRESENTATION_STYLE_ASSIGNMENT( ( #1428 ) );
#703 = ADVANCED_FACE( '', ( #1429 ), #1430, .T. );
#704 = PRESENTATION_STYLE_ASSIGNMENT( ( #1431 ) );
#705 = ADVANCED_FACE( '', ( #1432, #1433 ), #1434, .F. );
#706 = PRESENTATION_STYLE_ASSIGNMENT( ( #1435 ) );
#707 = ADVANCED_FACE( '', ( #1436, #1437 ), #1438, .F. );
#708 = PRESENTATION_STYLE_ASSIGNMENT( ( #1439 ) );
#709 = ADVANCED_FACE( '', ( #1440 ), #1441, .T. );
#710 = PRESENTATION_STYLE_ASSIGNMENT( ( #1442 ) );
#711 = ADVANCED_FACE( '', ( #1443 ), #1444, .T. );
#712 = PRESENTATION_STYLE_ASSIGNMENT( ( #1445 ) );
#713 = ADVANCED_FACE( '', ( #1446 ), #1447, .T. );
#714 = PRESENTATION_STYLE_ASSIGNMENT( ( #1448 ) );
#715 = ADVANCED_FACE( '', ( #1449 ), #1450, .F. );
#716 = PRESENTATION_STYLE_ASSIGNMENT( ( #1451 ) );
#717 = ADVANCED_FACE( '', ( #1452 ), #1453, .F. );
#718 = PRESENTATION_STYLE_ASSIGNMENT( ( #1454 ) );
#719 = ADVANCED_FACE( '', ( #1455 ), #1456, .T. );
#720 = PRESENTATION_STYLE_ASSIGNMENT( ( #1457 ) );
#721 = ADVANCED_FACE( '', ( #1458, #1459, #1460 ), #1461, .F. );
#722 = PRESENTATION_STYLE_ASSIGNMENT( ( #1462 ) );
#723 = ADVANCED_FACE( '', ( #1463 ), #1464, .T. );
#724 = PRESENTATION_STYLE_ASSIGNMENT( ( #1465 ) );
#725 = ADVANCED_FACE( '', ( #1466 ), #1467, .F. );
#726 = PRESENTATION_STYLE_ASSIGNMENT( ( #1468 ) );
#727 = ADVANCED_FACE( '', ( #1469 ), #1470, .F. );
#728 = PRESENTATION_STYLE_ASSIGNMENT( ( #1471 ) );
#729 = ADVANCED_FACE( '', ( #1472 ), #1473, .T. );
#730 = PRESENTATION_STYLE_ASSIGNMENT( ( #1474 ) );
#731 = ADVANCED_FACE( '', ( #1475, #1476 ), #1477, .F. );
#732 = PRESENTATION_STYLE_ASSIGNMENT( ( #1478 ) );
#733 = ADVANCED_FACE( '', ( #1479 ), #1480, .F. );
#734 = PRESENTATION_STYLE_ASSIGNMENT( ( #1481 ) );
#735 = ADVANCED_FACE( '', ( #1482 ), #1483, .F. );
#736 = PRESENTATION_STYLE_ASSIGNMENT( ( #1484 ) );
#737 = ADVANCED_FACE( '', ( #1485 ), #1486, .T. );
#738 = PRESENTATION_STYLE_ASSIGNMENT( ( #1487 ) );
#739 = ADVANCED_FACE( '', ( #1488 ), #1489, .T. );
#740 = PRESENTATION_STYLE_ASSIGNMENT( ( #1490 ) );
#741 = ADVANCED_FACE( '', ( #1491 ), #1492, .T. );
#742 = PRESENTATION_STYLE_ASSIGNMENT( ( #1493 ) );
#743 = ADVANCED_FACE( '', ( #1494 ), #1495, .F. );
#744 = PRESENTATION_STYLE_ASSIGNMENT( ( #1496 ) );
#745 = ADVANCED_FACE( '', ( #1497 ), #1498, .F. );
#746 = PRESENTATION_STYLE_ASSIGNMENT( ( #1499 ) );
#747 = ADVANCED_FACE( '', ( #1500 ), #1501, .F. );
#748 = PRESENTATION_STYLE_ASSIGNMENT( ( #1502 ) );
#749 = ADVANCED_FACE( '', ( #1503, #1504 ), #1505, .F. );
#750 = PRESENTATION_STYLE_ASSIGNMENT( ( #1506 ) );
#751 = ADVANCED_FACE( '', ( #1507 ), #1508, .T. );
#752 = PRESENTATION_STYLE_ASSIGNMENT( ( #1509 ) );
#753 = ADVANCED_FACE( '', ( #1510 ), #1511, .F. );
#754 = PRESENTATION_STYLE_ASSIGNMENT( ( #1512 ) );
#755 = ADVANCED_FACE( '', ( #1513 ), #1514, .F. );
#756 = PRESENTATION_STYLE_ASSIGNMENT( ( #1515 ) );
#757 = ADVANCED_FACE( '', ( #1516 ), #1517, .T. );
#758 = PRESENTATION_STYLE_ASSIGNMENT( ( #1518 ) );
#759 = ADVANCED_FACE( '', ( #1519 ), #1520, .F. );
#760 = PRESENTATION_STYLE_ASSIGNMENT( ( #1521 ) );
#761 = ADVANCED_FACE( '', ( #1522, #1523 ), #1524, .F. );
#762 = PRESENTATION_STYLE_ASSIGNMENT( ( #1525 ) );
#763 = ADVANCED_FACE( '', ( #1526 ), #1527, .T. );
#764 = PRESENTATION_STYLE_ASSIGNMENT( ( #1528 ) );
#765 = ADVANCED_FACE( '', ( #1529 ), #1530, .T. );
#766 = PRESENTATION_STYLE_ASSIGNMENT( ( #1531 ) );
#767 = ADVANCED_FACE( '', ( #1532 ), #1533, .F. );
#770 = LENGTH_MEASURE_WITH_UNIT( LENGTH_MEASURE( 1.00000000000000 ), #1534 );
#773 = DIMENSIONAL_EXPONENTS( 1.00000000000000, 0.00000000000000, 0.00000000000000, 0.00000000000000, 0.00000000000000, 0.00000000000000, 0.00000000000000 );
#775 = DIMENSIONAL_EXPONENTS( 0.00000000000000, 0.00000000000000, 0.00000000000000, 0.00000000000000, 0.00000000000000, 0.00000000000000, 0.00000000000000 );
#781 = PRODUCT_CONTEXT( '', #22, 'mechanical' );
#782 = PRODUCT_DEFINITION_FORMATION_WITH_SPECIFIED_SOURCE( ' ', 'NONE', #281, .NOT_KNOWN. );
#783 = CARTESIAN_POINT( '', ( 0.00000000000000, 0.00000000000000, 0.00000000000000 ) );
#784 = DIRECTION( '', ( 0.00000000000000, 0.00000000000000, 1.00000000000000 ) );
#785 = DIRECTION( '', ( 1.00000000000000, 0.00000000000000, 0.00000000000000 ) );
#786 = CARTESIAN_POINT( '', ( 0.00000000000000, 0.00000000000000, 0.00000000000000 ) );
#787 = DIRECTION( '', ( 0.00000000000000, 0.00000000000000, 1.00000000000000 ) );
#788 = DIRECTION( '', ( 1.00000000000000, 0.00000000000000, 0.00000000000000 ) );
#789 = CARTESIAN_POINT( '', ( -8.57252759403147E-16, -7.00000000000000, 20.0000000000000 ) );
#790 = DIRECTION( '', ( 0.00000000000000, 0.00000000000000, -1.00000000000000 ) );
#791 = DIRECTION( '', ( -1.00000000000000, 0.00000000000000, 0.00000000000000 ) );
#792 = CARTESIAN_POINT( '', ( 0.00000000000000, 0.00000000000000, 0.00000000000000 ) );
#793 = DIRECTION( '', ( 0.00000000000000, 0.00000000000000, -1.00000000000000 ) );
#794 = DIRECTION( '', ( -1.00000000000000, 0.00000000000000, 0.00000000000000 ) );
#797 = UNCERTAINTY_MEASURE_WITH_UNIT( LENGTH_MEASURE( 0.00100000000000000 ), #799, '', '' );
#799 =  ( CONVERSION_BASED_UNIT( 'MILLIMETRE', #1537 )LENGTH_UNIT(  )NAMED_UNIT( #1540 ) );
#800 =  ( NAMED_UNIT( #1542 )PLANE_ANGLE_UNIT(  )SI_UNIT( $, .RADIAN. ) );
#801 =  ( NAMED_UNIT( #1542 )SI_UNIT( $, .STERADIAN. )SOLID_ANGLE_UNIT(  ) );
#803 = PRODUCT_DEFINITION_FORMATION_WITH_SPECIFIED_SOURCE( ' ', 'NONE', #288, .NOT_KNOWN. );
#804 = CARTESIAN_POINT( '', ( 0.00000000000000, 0.00000000000000, 0.00000000000000 ) );
#805 = PRODUCT_DEFINITION_FORMATION_WITH_SPECIFIED_SOURCE( ' ', 'NONE', #296, .NOT_KNOWN. );
#806 = CLOSED_SHELL( '', ( #461, #313, #413, #491, #653, #647, #581, #345, #743, #623, #433, #507, #389, #525, #447, #527, #441, #751, #555, #451, #407, #575, #657, #329, #759, #641, #735, #561, #403, #645, #489, #391, #651, #767, #729, #411, #315, #715, #321, #457, #737, #509, #695, #717, #453, #521, #749, #395, #629, #761, #697, #513 ) );
#807 = PRODUCT_DEFINITION_FORMATION_WITH_SPECIFIED_SOURCE( ' ', 'NONE', #304, .NOT_KNOWN. );
#808 = CLOSED_SHELL( '', ( #473, #603, #335, #493, #685, #625, #721, #475, #635, #511, #331, #377, #745, #681, #675, #655, #665, #437, #617, #599, #733, #397, #667, #459, #481, #627, #465, #753, #557, #609, #537, #571, #577, #505, #497, #727, #755, #467, #639, #369, #353, #425, #605, #325, #515, #535, #563, #739, #499, #585, #699, #601, #597, #471, #479, #427, #725, #503, #485, #649, #643, #703, #669, #593, #363, #545, #569, #367, #477, #379, #435, #393, #381, #445, #429, #349, #543, #547, #757, #683, #347, #687, #383, #689, #443, #731, #439, #679, #631, #359, #401, #663, #343, #317, #417, #371, #419, #615, #385, #637, #531, #763, #589, #365, #415, #357, #713, #707, #661, #549, #691, #355, #583, #529, #659, #517, #567, #719, #633, #709, #553, #693, #587, #723, #711, #455, #469, #565, #677, #361, #519, #421, #523, #613, #373, #741, #533, #607, #765, #539, #579, #323, #559, #501, #701, #619, #483, #747, #351, #463, #541, #327, #399, #333, #573, #487, #387, #431, #673, #409, #621, #423, #595, #611, #337, #449, #591, #341, #405, #705, #495, #319, #339, #551, #671, #375 ) );
#809 = SURFACE_STYLE_USAGE( .BOTH., #1548 );
#810 = FACE_OUTER_BOUND( '', #1549, .T. );
#811 = PLANE( '', #1550 );
#812 = SURFACE_STYLE_USAGE( .BOTH., #1551 );
#813 = FACE_OUTER_BOUND( '', #1552, .T. );
#814 = CYLINDRICAL_SURFACE( '', #1553, 0.300000000000000 );
#815 = SURFACE_STYLE_USAGE( .BOTH., #1554 );
#816 = FACE_OUTER_BOUND( '', #1555, .T. );
#817 = PLANE( '', #1556 );
#818 = SURFACE_STYLE_USAGE( .BOTH., #1557 );
#819 = FACE_OUTER_BOUND( '', #1558, .T. );
#820 = CYLINDRICAL_SURFACE( '', #1559, 0.300000000000000 );
#821 = SURFACE_STYLE_USAGE( .BOTH., #1560 );
#822 = FACE_OUTER_BOUND( '', #1561, .T. );
#823 = CYLINDRICAL_SURFACE( '', #1562, 0.500000000000000 );
#824 = SURFACE_STYLE_USAGE( .BOTH., #1563 );
#825 = FACE_OUTER_BOUND( '', #1564, .T. );
#826 = PLANE( '', #1565 );
#827 = SURFACE_STYLE_USAGE( .BOTH., #1566 );
#828 = FACE_OUTER_BOUND( '', #1567, .T. );
#829 = CYLINDRICAL_SURFACE( '', #1568, 1.00000000000000 );
#830 = SURFACE_STYLE_USAGE( .BOTH., #1569 );
#831 = FACE_OUTER_BOUND( '', #1570, .T. );
#832 = PLANE( '', #1571 );
#833 = SURFACE_STYLE_USAGE( .BOTH., #1572 );
#834 = FACE_OUTER_BOUND( '', #1573, .T. );
#835 = CYLINDRICAL_SURFACE( '', #1574, 1.00000000000000 );
#836 = SURFACE_STYLE_USAGE( .BOTH., #1575 );
#837 = FACE_OUTER_BOUND( '', #1576, .T. );
#838 = PLANE( '', #1577 );
#839 = SURFACE_STYLE_USAGE( .BOTH., #1578 );
#840 = FACE_OUTER_BOUND( '', #1579, .T. );
#841 = CYLINDRICAL_SURFACE( '', #1580, 4.37500000000000 );
#842 = SURFACE_STYLE_USAGE( .BOTH., #1581 );
#843 = FACE_OUTER_BOUND( '', #1582, .T. );
#844 = PLANE( '', #1583 );
#845 = SURFACE_STYLE_USAGE( .BOTH., #1584 );
#846 = FACE_OUTER_BOUND( '', #1585, .T. );
#847 = PLANE( '', #1586 );
#848 = SURFACE_STYLE_USAGE( .BOTH., #1587 );
#849 = FACE_OUTER_BOUND( '', #1588, .T. );
#850 = CYLINDRICAL_SURFACE( '', #1589, 0.300000000000000 );
#851 = SURFACE_STYLE_USAGE( .BOTH., #1590 );
#852 = FACE_OUTER_BOUND( '', #1591, .T. );
#853 = PLANE( '', #1592 );
#854 = SURFACE_STYLE_USAGE( .BOTH., #1593 );
#855 = FACE_OUTER_BOUND( '', #1594, .T. );
#856 = FACE_OUTER_BOUND( '', #1595, .T. );
#857 = CYLINDRICAL_SURFACE( '', #1596, 3.50000000000000 );
#858 = SURFACE_STYLE_USAGE( .BOTH., #1597 );
#859 = FACE_OUTER_BOUND( '', #1598, .T. );
#860 = PLANE( '', #1599 );
#861 = SURFACE_STYLE_USAGE( .BOTH., #1600 );
#862 = FACE_OUTER_BOUND( '', #1601, .T. );
#863 = PLANE( '', #1602 );
#864 = SURFACE_STYLE_USAGE( .BOTH., #1603 );
#865 = FACE_OUTER_BOUND( '', #1604, .T. );
#866 = PLANE( '', #1605 );
#867 = SURFACE_STYLE_USAGE( .BOTH., #1606 );
#868 = FACE_OUTER_BOUND( '', #1607, .T. );
#869 = PLANE( '', #1608 );
#870 = SURFACE_STYLE_USAGE( .BOTH., #1609 );
#871 = FACE_OUTER_BOUND( '', #1610, .T. );
#872 = PLANE( '', #1611 );
#873 = SURFACE_STYLE_USAGE( .BOTH., #1612 );
#874 = FACE_BOUND( '', #1613, .T. );
#875 = FACE_BOUND( '', #1614, .T. );
#876 = FACE_OUTER_BOUND( '', #1615, .T. );
#877 = PLANE( '', #1616 );
#878 = SURFACE_STYLE_USAGE( .BOTH., #1617 );
#879 = FACE_BOUND( '', #1618, .T. );
#880 = FACE_OUTER_BOUND( '', #1619, .T. );
#881 = PLANE( '', #1620 );
#882 = SURFACE_STYLE_USAGE( .BOTH., #1621 );
#883 = FACE_OUTER_BOUND( '', #1622, .T. );
#884 = FACE_BOUND( '', #1623, .T. );
#885 = CONICAL_SURFACE( '', #1624, 2.38650000000000, 0.785398163400000 );
#886 = SURFACE_STYLE_USAGE( .BOTH., #1625 );
#887 = FACE_OUTER_BOUND( '', #1626, .T. );
#888 = PLANE( '', #1627 );
#889 = SURFACE_STYLE_USAGE( .BOTH., #1628 );
#890 = FACE_OUTER_BOUND( '', #1629, .T. );
#891 = CYLINDRICAL_SURFACE( '', #1630, 0.500000000000000 );
#892 = SURFACE_STYLE_USAGE( .BOTH., #1631 );
#893 = FACE_OUTER_BOUND( '', #1632, .T. );
#894 = PLANE( '', #1633 );
#895 = SURFACE_STYLE_USAGE( .BOTH., #1634 );
#896 = FACE_OUTER_BOUND( '', #1635, .T. );
#897 = PLANE( '', #1636 );
#898 = SURFACE_STYLE_USAGE( .BOTH., #1637 );
#899 = FACE_BOUND( '', #1638, .T. );
#900 = FACE_OUTER_BOUND( '', #1639, .T. );
#901 = PLANE( '', #1640 );
#902 = SURFACE_STYLE_USAGE( .BOTH., #1641 );
#903 = FACE_OUTER_BOUND( '', #1642, .T. );
#904 = PLANE( '', #1643 );
#905 = SURFACE_STYLE_USAGE( .BOTH., #1644 );
#906 = FACE_OUTER_BOUND( '', #1645, .T. );
#907 = PLANE( '', #1646 );
#908 = SURFACE_STYLE_USAGE( .BOTH., #1647 );
#909 = FACE_BOUND( '', #1648, .T. );
#910 = FACE_BOUND( '', #1649, .T. );
#911 = FACE_OUTER_BOUND( '', #1650, .T. );
#912 = PLANE( '', #1651 );
#913 = SURFACE_STYLE_USAGE( .BOTH., #1652 );
#914 = FACE_BOUND( '', #1653, .T. );
#915 = FACE_OUTER_BOUND( '', #1654, .T. );
#916 = PLANE( '', #1655 );
#917 = SURFACE_STYLE_USAGE( .BOTH., #1656 );
#918 = FACE_OUTER_BOUND( '', #1657, .T. );
#919 = CYLINDRICAL_SURFACE( '', #1658, 2.10000000000000 );
#920 = SURFACE_STYLE_USAGE( .BOTH., #1659 );
#921 = FACE_OUTER_BOUND( '', #1660, .T. );
#922 = FACE_OUTER_BOUND( '', #1661, .T. );
#923 = CYLINDRICAL_SURFACE( '', #1662, 3.50000000000000 );
#924 = SURFACE_STYLE_USAGE( .BOTH., #1663 );
#925 = FACE_OUTER_BOUND( '', #1664, .T. );
#926 = PLANE( '', #1665 );
#927 = SURFACE_STYLE_USAGE( .BOTH., #1666 );
#928 = FACE_BOUND( '', #1667, .T. );
#929 = FACE_OUTER_BOUND( '', #1668, .T. );
#930 = PLANE( '', #1669 );
#931 = SURFACE_STYLE_USAGE( .BOTH., #1670 );
#932 = FACE_OUTER_BOUND( '', #1671, .T. );
#933 = PLANE( '', #1672 );
#934 = SURFACE_STYLE_USAGE( .BOTH., #1673 );
#935 = FACE_OUTER_BOUND( '', #1674, .T. );
#936 = PLANE( '', #1675 );
#937 = SURFACE_STYLE_USAGE( .BOTH., #1676 );
#938 = FACE_OUTER_BOUND( '', #1677, .T. );
#939 = CYLINDRICAL_SURFACE( '', #1678, 2.10000000000000 );
#940 = SURFACE_STYLE_USAGE( .BOTH., #1679 );
#941 = FACE_OUTER_BOUND( '', #1680, .T. );
#942 = PLANE( '', #1681 );
#943 = SURFACE_STYLE_USAGE( .BOTH., #1682 );
#944 = FACE_BOUND( '', #1683, .T. );
#945 = FACE_OUTER_BOUND( '', #1684, .T. );
#946 = PLANE( '', #1685 );
#947 = SURFACE_STYLE_USAGE( .BOTH., #1686 );
#948 = FACE_OUTER_BOUND( '', #1687, .T. );
#949 = PLANE( '', #1688 );
#950 = SURFACE_STYLE_USAGE( .BOTH., #1689 );
#951 = FACE_OUTER_BOUND( '', #1690, .T. );
#952 = PLANE( '', #1691 );
#953 = SURFACE_STYLE_USAGE( .BOTH., #1692 );
#954 = FACE_OUTER_BOUND( '', #1693, .T. );
#955 = PLANE( '', #1694 );
#956 = SURFACE_STYLE_USAGE( .BOTH., #1695 );
#957 = FACE_OUTER_BOUND( '', #1696, .T. );
#958 = CYLINDRICAL_SURFACE( '', #1697, 1.00000000000000 );
#959 = SURFACE_STYLE_USAGE( .BOTH., #1698 );
#960 = FACE_OUTER_BOUND( '', #1699, .T. );
#961 = PLANE( '', #1700 );
#962 = SURFACE_STYLE_USAGE( .BOTH., #1701 );
#963 = FACE_OUTER_BOUND( '', #1702, .T. );
#964 = PLANE( '', #1703 );
#965 = SURFACE_STYLE_USAGE( .BOTH., #1704 );
#966 = FACE_OUTER_BOUND( '', #1705, .T. );
#967 = PLANE( '', #1706 );
#968 = SURFACE_STYLE_USAGE( .BOTH., #1707 );
#969 = FACE_OUTER_BOUND( '', #1708, .T. );
#970 = CYLINDRICAL_SURFACE( '', #1709, 2.10000000000000 );
#971 = SURFACE_STYLE_USAGE( .BOTH., #1710 );
#972 = FACE_OUTER_BOUND( '', #1711, .T. );
#973 = PLANE( '', #1712 );
#974 = SURFACE_STYLE_USAGE( .BOTH., #1713 );
#975 = FACE_OUTER_BOUND( '', #1714, .T. );
#976 = PLANE( '', #1715 );
#977 = SURFACE_STYLE_USAGE( .BOTH., #1716 );
#978 = FACE_OUTER_BOUND( '', #1717, .T. );
#979 = FACE_OUTER_BOUND( '', #1718, .T. );
#980 = CYLINDRICAL_SURFACE( '', #1719, 3.50000000000000 );
#981 = SURFACE_STYLE_USAGE( .BOTH., #1720 );
#982 = FACE_OUTER_BOUND( '', #1721, .T. );
#983 = FACE_OUTER_BOUND( '', #1722, .T. );
#984 = CYLINDRICAL_SURFACE( '', #1723, 3.50000000000000 );
#985 = SURFACE_STYLE_USAGE( .BOTH., #1724 );
#986 = FACE_OUTER_BOUND( '', #1725, .T. );
#987 = PLANE( '', #1726 );
#988 = SURFACE_STYLE_USAGE( .BOTH., #1727 );
#989 = FACE_OUTER_BOUND( '', #1728, .T. );
#990 = PLANE( '', #1729 );
#991 = SURFACE_STYLE_USAGE( .BOTH., #1730 );
#992 = FACE_OUTER_BOUND( '', #1731, .T. );
#993 = PLANE( '', #1732 );
#994 = SURFACE_STYLE_USAGE( .BOTH., #1733 );
#995 = FACE_OUTER_BOUND( '', #1734, .T. );
#996 = PLANE( '', #1735 );
#997 = SURFACE_STYLE_USAGE( .BOTH., #1736 );
#998 = FACE_OUTER_BOUND( '', #1737, .T. );
#999 = FACE_BOUND( '', #1738, .T. );
#1000 = PLANE( '', #1739 );
#1001 = SURFACE_STYLE_USAGE( .BOTH., #1740 );
#1002 = FACE_OUTER_BOUND( '', #1741, .T. );
#1003 = PLANE( '', #1742 );
#1004 = SURFACE_STYLE_USAGE( .BOTH., #1743 );
#1005 = FACE_OUTER_BOUND( '', #1744, .T. );
#1006 = PLANE( '', #1745 );
#1007 = SURFACE_STYLE_USAGE( .BOTH., #1746 );
#1008 = FACE_OUTER_BOUND( '', #1747, .T. );
#1009 = PLANE( '', #1748 );
#1010 = SURFACE_STYLE_USAGE( .BOTH., #1749 );
#1011 = FACE_OUTER_BOUND( '', #1750, .T. );
#1012 = PLANE( '', #1751 );
#1013 = SURFACE_STYLE_USAGE( .BOTH., #1752 );
#1014 = FACE_OUTER_BOUND( '', #1753, .T. );
#1015 = FACE_BOUND( '', #1754, .T. );
#1016 = CONICAL_SURFACE( '', #1755, 2.38650000000000, 0.785398163400000 );
#1017 = SURFACE_STYLE_USAGE( .BOTH., #1756 );
#1018 = FACE_OUTER_BOUND( '', #1757, .T. );
#1019 = PLANE( '', #1758 );
#1020 = SURFACE_STYLE_USAGE( .BOTH., #1759 );
#1021 = FACE_OUTER_BOUND( '', #1760, .T. );
#1022 = FACE_OUTER_BOUND( '', #1761, .T. );
#1023 = CYLINDRICAL_SURFACE( '', #1762, 3.00000000000000 );
#1024 = SURFACE_STYLE_USAGE( .BOTH., #1763 );
#1025 = FACE_OUTER_BOUND( '', #1764, .T. );
#1026 = PLANE( '', #1765 );
#1027 = SURFACE_STYLE_USAGE( .BOTH., #1766 );
#1028 = FACE_OUTER_BOUND( '', #1767, .T. );
#1029 = PLANE( '', #1768 );
#1030 = SURFACE_STYLE_USAGE( .BOTH., #1769 );
#1031 = FACE_OUTER_BOUND( '', #1770, .T. );
#1032 = PLANE( '', #1771 );
#1033 = SURFACE_STYLE_USAGE( .BOTH., #1772 );
#1034 = FACE_OUTER_BOUND( '', #1773, .T. );
#1035 = CYLINDRICAL_SURFACE( '', #1774, 0.300000000000000 );
#1036 = SURFACE_STYLE_USAGE( .BOTH., #1775 );
#1037 = FACE_OUTER_BOUND( '', #1776, .T. );
#1038 = PLANE( '', #1777 );
#1039 = SURFACE_STYLE_USAGE( .BOTH., #1778 );
#1040 = FACE_OUTER_BOUND( '', #1779, .T. );
#1041 = FACE_OUTER_BOUND( '', #1780, .T. );
#1042 = CYLINDRICAL_SURFACE( '', #1781, 2.00000000000000 );
#1043 = SURFACE_STYLE_USAGE( .BOTH., #1782 );
#1044 = FACE_BOUND( '', #1783, .T. );
#1045 = FACE_BOUND( '', #1784, .T. );
#1046 = FACE_OUTER_BOUND( '', #1785, .T. );
#1047 = PLANE( '', #1786 );
#1048 = SURFACE_STYLE_USAGE( .BOTH., #1787 );
#1049 = FACE_OUTER_BOUND( '', #1788, .T. );
#1050 = PLANE( '', #1789 );
#1051 = SURFACE_STYLE_USAGE( .BOTH., #1790 );
#1052 = FACE_OUTER_BOUND( '', #1791, .T. );
#1053 = PLANE( '', #1792 );
#1054 = SURFACE_STYLE_USAGE( .BOTH., #1793 );
#1055 = FACE_OUTER_BOUND( '', #1794, .T. );
#1056 = PLANE( '', #1795 );
#1057 = SURFACE_STYLE_USAGE( .BOTH., #1796 );
#1058 = FACE_OUTER_BOUND( '', #1797, .T. );
#1059 = PLANE( '', #1798 );
#1060 = SURFACE_STYLE_USAGE( .BOTH., #1799 );
#1061 = FACE_OUTER_BOUND( '', #1800, .T. );
#1062 = PLANE( '', #1801 );
#1063 = SURFACE_STYLE_USAGE( .BOTH., #1802 );
#1064 = FACE_OUTER_BOUND( '', #1803, .T. );
#1065 = PLANE( '', #1804 );
#1066 = SURFACE_STYLE_USAGE( .BOTH., #1805 );
#1067 = FACE_OUTER_BOUND( '', #1806, .T. );
#1068 = PLANE( '', #1807 );
#1069 = SURFACE_STYLE_USAGE( .BOTH., #1808 );
#1070 = FACE_OUTER_BOUND( '', #1809, .T. );
#1071 = FACE_OUTER_BOUND( '', #1810, .T. );
#1072 = CYLINDRICAL_SURFACE( '', #1811, 3.50000000000000 );
#1073 = SURFACE_STYLE_USAGE( .BOTH., #1812 );
#1074 = FACE_OUTER_BOUND( '', #1813, .T. );
#1075 = PLANE( '', #1814 );
#1076 = SURFACE_STYLE_USAGE( .BOTH., #1815 );
#1077 = FACE_OUTER_BOUND( '', #1816, .T. );
#1078 = CYLINDRICAL_SURFACE( '', #1817, 0.300000000000000 );
#1079 = SURFACE_STYLE_USAGE( .BOTH., #1818 );
#1080 = FACE_OUTER_BOUND( '', #1819, .T. );
#1081 = CYLINDRICAL_SURFACE( '', #1820, 1.00000000000000 );
#1082 = SURFACE_STYLE_USAGE( .BOTH., #1821 );
#1083 = FACE_OUTER_BOUND( '', #1822, .T. );
#1084 = FACE_OUTER_BOUND( '', #1823, .T. );
#1085 = CYLINDRICAL_SURFACE( '', #1824, 2.00000000000000 );
#1086 = SURFACE_STYLE_USAGE( .BOTH., #1825 );
#1087 = FACE_OUTER_BOUND( '', #1826, .T. );
#1088 = PLANE( '', #1827 );
#1089 = SURFACE_STYLE_USAGE( .BOTH., #1828 );
#1090 = FACE_OUTER_BOUND( '', #1829, .T. );
#1091 = CYLINDRICAL_SURFACE( '', #1830, 0.300000000000000 );
#1092 = SURFACE_STYLE_USAGE( .BOTH., #1831 );
#1093 = FACE_OUTER_BOUND( '', #1832, .T. );
#1094 = PLANE( '', #1833 );
#1095 = SURFACE_STYLE_USAGE( .BOTH., #1834 );
#1096 = FACE_OUTER_BOUND( '', #1835, .T. );
#1097 = CYLINDRICAL_SURFACE( '', #1836, 0.300000000000000 );
#1098 = SURFACE_STYLE_USAGE( .BOTH., #1837 );
#1099 = FACE_OUTER_BOUND( '', #1838, .T. );
#1100 = PLANE( '', #1839 );
#1101 = SURFACE_STYLE_USAGE( .BOTH., #1840 );
#1102 = FACE_OUTER_BOUND( '', #1841, .T. );
#1103 = PLANE( '', #1842 );
#1104 = SURFACE_STYLE_USAGE( .BOTH., #1843 );
#1105 = FACE_OUTER_BOUND( '', #1844, .T. );
#1106 = PLANE( '', #1845 );
#1107 = SURFACE_STYLE_USAGE( .BOTH., #1846 );
#1108 = FACE_OUTER_BOUND( '', #1847, .T. );
#1109 = PLANE( '', #1848 );
#1110 = SURFACE_STYLE_USAGE( .BOTH., #1849 );
#1111 = FACE_OUTER_BOUND( '', #1850, .T. );
#1112 = PLANE( '', #1851 );
#1113 = SURFACE_STYLE_USAGE( .BOTH., #1852 );
#1114 = FACE_OUTER_BOUND( '', #1853, .T. );
#1115 = PLANE( '', #1854 );
#1116 = SURFACE_STYLE_USAGE( .BOTH., #1855 );
#1117 = FACE_OUTER_BOUND( '', #1856, .T. );
#1118 = CYLINDRICAL_SURFACE( '', #1857, 2.10000000000000 );
#1119 = SURFACE_STYLE_USAGE( .BOTH., #1858 );
#1120 = FACE_OUTER_BOUND( '', #1859, .T. );
#1121 = PLANE( '', #1860 );
#1122 = SURFACE_STYLE_USAGE( .BOTH., #1861 );
#1123 = FACE_OUTER_BOUND( '', #1862, .T. );
#1124 = PLANE( '', #1863 );
#1125 = SURFACE_STYLE_USAGE( .BOTH., #1864 );
#1126 = FACE_OUTER_BOUND( '', #1865, .T. );
#1127 = PLANE( '', #1866 );
#1128 = SURFACE_STYLE_USAGE( .BOTH., #1867 );
#1129 = FACE_BOUND( '', #1868, .T. );
#1130 = FACE_OUTER_BOUND( '', #1869, .T. );
#1131 = PLANE( '', #1870 );
#1132 = SURFACE_STYLE_USAGE( .BOTH., #1871 );
#1133 = FACE_OUTER_BOUND( '', #1872, .T. );
#1134 = FACE_OUTER_BOUND( '', #1873, .T. );
#1135 = CYLINDRICAL_SURFACE( '', #1874, 3.50000000000000 );
#1136 = SURFACE_STYLE_USAGE( .BOTH., #1875 );
#1137 = FACE_OUTER_BOUND( '', #1876, .T. );
#1138 = CYLINDRICAL_SURFACE( '', #1877, 0.300000000000000 );
#1139 = SURFACE_STYLE_USAGE( .BOTH., #1878 );
#1140 = FACE_OUTER_BOUND( '', #1879, .T. );
#1141 = PLANE( '', #1880 );
#1142 = SURFACE_STYLE_USAGE( .BOTH., #1881 );
#1143 = FACE_OUTER_BOUND( '', #1882, .T. );
#1144 = PLANE( '', #1883 );
#1145 = SURFACE_STYLE_USAGE( .BOTH., #1884 );
#1146 = FACE_OUTER_BOUND( '', #1885, .T. );
#1147 = PLANE( '', #1886 );
#1148 = SURFACE_STYLE_USAGE( .BOTH., #1887 );
#1149 = FACE_OUTER_BOUND( '', #1888, .T. );
#1150 = PLANE( '', #1889 );
#1151 = SURFACE_STYLE_USAGE( .BOTH., #1890 );
#1152 = FACE_OUTER_BOUND( '', #1891, .T. );
#1153 = PLANE( '', #1892 );
#1154 = SURFACE_STYLE_USAGE( .BOTH., #1893 );
#1155 = FACE_OUTER_BOUND( '', #1894, .T. );
#1156 = CYLINDRICAL_SURFACE( '', #1895, 0.300000000000000 );
#1157 = SURFACE_STYLE_USAGE( .BOTH., #1896 );
#1158 = FACE_OUTER_BOUND( '', #1897, .T. );
#1159 = PLANE( '', #1898 );
#1160 = SURFACE_STYLE_USAGE( .BOTH., #1899 );
#1161 = FACE_OUTER_BOUND( '', #1900, .T. );
#1162 = PLANE( '', #1901 );
#1163 = SURFACE_STYLE_USAGE( .BOTH., #1902 );
#1164 = FACE_OUTER_BOUND( '', #1903, .T. );
#1165 = PLANE( '', #1904 );
#1166 = SURFACE_STYLE_USAGE( .BOTH., #1905 );
#1167 = FACE_OUTER_BOUND( '', #1906, .T. );
#1168 = CYLINDRICAL_SURFACE( '', #1907, 1.00000000000000 );
#1169 = SURFACE_STYLE_USAGE( .BOTH., #1908 );
#1170 = FACE_OUTER_BOUND( '', #1909, .T. );
#1171 = PLANE( '', #1910 );
#1172 = SURFACE_STYLE_USAGE( .BOTH., #1911 );
#1173 = FACE_OUTER_BOUND( '', #1912, .T. );
#1174 = PLANE( '', #1913 );
#1175 = SURFACE_STYLE_USAGE( .BOTH., #1914 );
#1176 = FACE_OUTER_BOUND( '', #1915, .T. );
#1177 = PLANE( '', #1916 );
#1178 = SURFACE_STYLE_USAGE( .BOTH., #1917 );
#1179 = FACE_OUTER_BOUND( '', #1918, .T. );
#1180 = PLANE( '', #1919 );
#1181 = SURFACE_STYLE_USAGE( .BOTH., #1920 );
#1182 = FACE_OUTER_BOUND( '', #1921, .T. );
#1183 = PLANE( '', #1922 );
#1184 = SURFACE_STYLE_USAGE( .BOTH., #1923 );
#1185 = FACE_OUTER_BOUND( '', #1924, .T. );
#1186 = PLANE( '', #1925 );
#1187 = SURFACE_STYLE_USAGE( .BOTH., #1926 );
#1188 = FACE_OUTER_BOUND( '', #1927, .T. );
#1189 = PLANE( '', #1928 );
#1190 = SURFACE_STYLE_USAGE( .BOTH., #1929 );
#1191 = FACE_OUTER_BOUND( '', #1930, .T. );
#1192 = PLANE( '', #1931 );
#1193 = SURFACE_STYLE_USAGE( .BOTH., #1932 );
#1194 = FACE_OUTER_BOUND( '', #1933, .T. );
#1195 = PLANE( '', #1934 );
#1196 = SURFACE_STYLE_USAGE( .BOTH., #1935 );
#1197 = FACE_OUTER_BOUND( '', #1936, .T. );
#1198 = CYLINDRICAL_SURFACE( '', #1937, 2.10000000000000 );
#1199 = SURFACE_STYLE_USAGE( .BOTH., #1938 );
#1200 = FACE_OUTER_BOUND( '', #1939, .T. );
#1201 = PLANE( '', #1940 );
#1202 = SURFACE_STYLE_USAGE( .BOTH., #1941 );
#1203 = FACE_OUTER_BOUND( '', #1942, .T. );
#1204 = PLANE( '', #1943 );
#1205 = SURFACE_STYLE_USAGE( .BOTH., #1944 );
#1206 = FACE_OUTER_BOUND( '', #1945, .T. );
#1207 = PLANE( '', #1946 );
#1208 = SURFACE_STYLE_USAGE( .BOTH., #1947 );
#1209 = FACE_OUTER_BOUND( '', #1948, .T. );
#1210 = PLANE( '', #1949 );
#1211 = SURFACE_STYLE_USAGE( .BOTH., #1950 );
#1212 = FACE_OUTER_BOUND( '', #1951, .T. );
#1213 = PLANE( '', #1952 );
#1214 = SURFACE_STYLE_USAGE( .BOTH., #1953 );
#1215 = FACE_OUTER_BOUND( '', #1954, .T. );
#1216 = PLANE( '', #1955 );
#1217 = SURFACE_STYLE_USAGE( .BOTH., #1956 );
#1218 = FACE_OUTER_BOUND( '', #1957, .T. );
#1219 = CYLINDRICAL_SURFACE( '', #1958, 0.500000000000000 );
#1220 = SURFACE_STYLE_USAGE( .BOTH., #1959 );
#1221 = FACE_OUTER_BOUND( '', #1960, .T. );
#1222 = PLANE( '', #1961 );
#1223 = SURFACE_STYLE_USAGE( .BOTH., #1962 );
#1224 = FACE_OUTER_BOUND( '', #1963, .T. );
#1225 = PLANE( '', #1964 );
#1226 = SURFACE_STYLE_USAGE( .BOTH., #1965 );
#1227 = FACE_OUTER_BOUND( '', #1966, .T. );
#1228 = CYLINDRICAL_SURFACE( '', #1967, 1.00000000000000 );
#1229 = SURFACE_STYLE_USAGE( .BOTH., #1968 );
#1230 = FACE_OUTER_BOUND( '', #1969, .T. );
#1231 = PLANE( '', #1970 );
#1232 = SURFACE_STYLE_USAGE( .BOTH., #1971 );
#1233 = FACE_OUTER_BOUND( '', #1972, .T. );
#1234 = PLANE( '', #1973 );
#1235 = SURFACE_STYLE_USAGE( .BOTH., #1974 );
#1236 = FACE_OUTER_BOUND( '', #1975, .T. );
#1237 = PLANE( '', #1976 );
#1238 = SURFACE_STYLE_USAGE( .BOTH., #1977 );
#1239 = FACE_BOUND( '', #1978, .T. );
#1240 = FACE_OUTER_BOUND( '', #1979, .T. );
#1241 = PLANE( '', #1980 );
#1242 = SURFACE_STYLE_USAGE( .BOTH., #1981 );
#1243 = FACE_OUTER_BOUND( '', #1982, .T. );
#1244 = CYLINDRICAL_SURFACE( '', #1983, 0.300000000000000 );
#1245 = SURFACE_STYLE_USAGE( .BOTH., #1984 );
#1246 = FACE_OUTER_BOUND( '', #1985, .T. );
#1247 = PLANE( '', #1986 );
#1248 = SURFACE_STYLE_USAGE( .BOTH., #1987 );
#1249 = FACE_OUTER_BOUND( '', #1988, .T. );
#1250 = PLANE( '', #1989 );
#1251 = SURFACE_STYLE_USAGE( .BOTH., #1990 );
#1252 = FACE_OUTER_BOUND( '', #1991, .T. );
#1253 = PLANE( '', #1992 );
#1254 = SURFACE_STYLE_USAGE( .BOTH., #1993 );
#1255 = FACE_OUTER_BOUND( '', #1994, .T. );
#1256 = PLANE( '', #1995 );
#1257 = SURFACE_STYLE_USAGE( .BOTH., #1996 );
#1258 = FACE_OUTER_BOUND( '', #1997, .T. );
#1259 = CYLINDRICAL_SURFACE( '', #1998, 4.37500000000000 );
#1260 = SURFACE_STYLE_USAGE( .BOTH., #1999 );
#1261 = FACE_OUTER_BOUND( '', #2000, .T. );
#1262 = PLANE( '', #2001 );
#1263 = SURFACE_STYLE_USAGE( .BOTH., #2002 );
#1264 = FACE_OUTER_BOUND( '', #2003, .T. );
#1265 = PLANE( '', #2004 );
#1266 = SURFACE_STYLE_USAGE( .BOTH., #2005 );
#1267 = FACE_OUTER_BOUND( '', #2006, .T. );
#1268 = CYLINDRICAL_SURFACE( '', #2007, 0.300000000000000 );
#1269 = SURFACE_STYLE_USAGE( .BOTH., #2008 );
#1270 = FACE_OUTER_BOUND( '', #2009, .T. );
#1271 = PLANE( '', #2010 );
#1272 = SURFACE_STYLE_USAGE( .BOTH., #2011 );
#1273 = FACE_OUTER_BOUND( '', #2012, .T. );
#1274 = PLANE( '', #2013 );
#1275 = SURFACE_STYLE_USAGE( .BOTH., #2014 );
#1276 = FACE_OUTER_BOUND( '', #2015, .T. );
#1277 = PLANE( '', #2016 );
#1278 = SURFACE_STYLE_USAGE( .BOTH., #2017 );
#1279 = FACE_OUTER_BOUND( '', #2018, .T. );
#1280 = PLANE( '', #2019 );
#1281 = SURFACE_STYLE_USAGE( .BOTH., #2020 );
#1282 = FACE_OUTER_BOUND( '', #2021, .T. );
#1283 = PLANE( '', #2022 );
#1284 = SURFACE_STYLE_USAGE( .BOTH., #2023 );
#1285 = FACE_OUTER_BOUND( '', #2024, .T. );
#1286 = PLANE( '', #2025 );
#1287 = SURFACE_STYLE_USAGE( .BOTH., #2026 );
#1288 = FACE_OUTER_BOUND( '', #2027, .T. );
#1289 = PLANE( '', #2028 );
#1290 = SURFACE_STYLE_USAGE( .BOTH., #2029 );
#1291 = FACE_OUTER_BOUND( '', #2030, .T. );
#1292 = PLANE( '', #2031 );
#1293 = SURFACE_STYLE_USAGE( .BOTH., #2032 );
#1294 = FACE_OUTER_BOUND( '', #2033, .T. );
#1295 = PLANE( '', #2034 );
#1296 = SURFACE_STYLE_USAGE( .BOTH., #2035 );
#1297 = FACE_OUTER_BOUND( '', #2036, .T. );
#1298 = PLANE( '', #2037 );
#1299 = SURFACE_STYLE_USAGE( .BOTH., #2038 );
#1300 = FACE_OUTER_BOUND( '', #2039, .T. );
#1301 = PLANE( '', #2040 );
#1302 = SURFACE_STYLE_USAGE( .BOTH., #2041 );
#1303 = FACE_OUTER_BOUND( '', #2042, .T. );
#1304 = PLANE( '', #2043 );
#1305 = SURFACE_STYLE_USAGE( .BOTH., #2044 );
#1306 = FACE_BOUND( '', #2045, .T. );
#1307 = FACE_OUTER_BOUND( '', #2046, .T. );
#1308 = PLANE( '', #2047 );
#1309 = SURFACE_STYLE_USAGE( .BOTH., #2048 );
#1310 = FACE_OUTER_BOUND( '', #2049, .T. );
#1311 = FACE_OUTER_BOUND( '', #2050, .T. );
#1312 = CYLINDRICAL_SURFACE( '', #2051, 3.50000000000000 );
#1313 = SURFACE_STYLE_USAGE( .BOTH., #2052 );
#1314 = FACE_OUTER_BOUND( '', #2053, .T. );
#1315 = FACE_OUTER_BOUND( '', #2054, .T. );
#1316 = CYLINDRICAL_SURFACE( '', #2055, 3.00000000000000 );
#1317 = SURFACE_STYLE_USAGE( .BOTH., #2056 );
#1318 = FACE_OUTER_BOUND( '', #2057, .T. );
#1319 = PLANE( '', #2058 );
#1320 = SURFACE_STYLE_USAGE( .BOTH., #2059 );
#1321 = FACE_OUTER_BOUND( '', #2060, .T. );
#1322 = FACE_OUTER_BOUND( '', #2061, .T. );
#1323 = CYLINDRICAL_SURFACE( '', #2062, 2.00000000000000 );
#1324 = SURFACE_STYLE_USAGE( .BOTH., #2063 );
#1325 = FACE_OUTER_BOUND( '', #2064, .T. );
#1326 = PLANE( '', #2065 );
#1327 = SURFACE_STYLE_USAGE( .BOTH., #2066 );
#1328 = FACE_OUTER_BOUND( '', #2067, .T. );
#1329 = FACE_OUTER_BOUND( '', #2068, .T. );
#1330 = CYLINDRICAL_SURFACE( '', #2069, 2.00000000000000 );
#1331 = SURFACE_STYLE_USAGE( .BOTH., #2070 );
#1332 = FACE_OUTER_BOUND( '', #2071, .T. );
#1333 = PLANE( '', #2072 );
#1334 = SURFACE_STYLE_USAGE( .BOTH., #2073 );
#1335 = FACE_OUTER_BOUND( '', #2074, .T. );
#1336 = CYLINDRICAL_SURFACE( '', #2075, 0.300000000000000 );
#1337 = SURFACE_STYLE_USAGE( .BOTH., #2076 );
#1338 = FACE_OUTER_BOUND( '', #2077, .T. );
#1339 = PLANE( '', #2078 );
#1340 = SURFACE_STYLE_USAGE( .BOTH., #2079 );
#1341 = FACE_OUTER_BOUND( '', #2080, .T. );
#1342 = PLANE( '', #2081 );
#1343 = SURFACE_STYLE_USAGE( .BOTH., #2082 );
#1344 = FACE_OUTER_BOUND( '', #2083, .T. );
#1345 = PLANE( '', #2084 );
#1346 = SURFACE_STYLE_USAGE( .BOTH., #2085 );
#1347 = FACE_OUTER_BOUND( '', #2086, .T. );
#1348 = CYLINDRICAL_SURFACE( '', #2087, 0.300000000000000 );
#1349 = SURFACE_STYLE_USAGE( .BOTH., #2088 );
#1350 = FACE_OUTER_BOUND( '', #2089, .T. );
#1351 = PLANE( '', #2090 );
#1352 = SURFACE_STYLE_USAGE( .BOTH., #2091 );
#1353 = FACE_OUTER_BOUND( '', #2092, .T. );
#1354 = PLANE( '', #2093 );
#1355 = SURFACE_STYLE_USAGE( .BOTH., #2094 );
#1356 = FACE_OUTER_BOUND( '', #2095, .T. );
#1357 = PLANE( '', #2096 );
#1358 = SURFACE_STYLE_USAGE( .BOTH., #2097 );
#1359 = FACE_OUTER_BOUND( '', #2098, .T. );
#1360 = PLANE( '', #2099 );
#1361 = SURFACE_STYLE_USAGE( .BOTH., #2100 );
#1362 = FACE_OUTER_BOUND( '', #2101, .T. );
#1363 = FACE_OUTER_BOUND( '', #2102, .T. );
#1364 = CYLINDRICAL_SURFACE( '', #2103, 3.00000000000000 );
#1365 = SURFACE_STYLE_USAGE( .BOTH., #2104 );
#1366 = FACE_OUTER_BOUND( '', #2105, .T. );
#1367 = PLANE( '', #2106 );
#1368 = SURFACE_STYLE_USAGE( .BOTH., #2107 );
#1369 = FACE_OUTER_BOUND( '', #2108, .T. );
#1370 = PLANE( '', #2109 );
#1371 = SURFACE_STYLE_USAGE( .BOTH., #2110 );
#1372 = FACE_OUTER_BOUND( '', #2111, .T. );
#1373 = PLANE( '', #2112 );
#1374 = SURFACE_STYLE_USAGE( .BOTH., #2113 );
#1375 = FACE_OUTER_BOUND( '', #2114, .T. );
#1376 = CYLINDRICAL_SURFACE( '', #2115, 0.300000000000000 );
#1377 = SURFACE_STYLE_USAGE( .BOTH., #2116 );
#1378 = FACE_OUTER_BOUND( '', #2117, .T. );
#1379 = PLANE( '', #2118 );
#1380 = SURFACE_STYLE_USAGE( .BOTH., #2119 );
#1381 = FACE_OUTER_BOUND( '', #2120, .T. );
#1382 = PLANE( '', #2121 );
#1383 = SURFACE_STYLE_USAGE( .BOTH., #2122 );
#1384 = FACE_OUTER_BOUND( '', #2123, .T. );
#1385 = PLANE( '', #2124 );
#1386 = SURFACE_STYLE_USAGE( .BOTH., #2125 );
#1387 = FACE_OUTER_BOUND( '', #2126, .T. );
#1388 = PLANE( '', #2127 );
#1389 = SURFACE_STYLE_USAGE( .BOTH., #2128 );
#1390 = FACE_OUTER_BOUND( '', #2129, .T. );
#1391 = PLANE( '', #2130 );
#1392 = SURFACE_STYLE_USAGE( .BOTH., #2131 );
#1393 = FACE_OUTER_BOUND( '', #2132, .T. );
#1394 = PLANE( '', #2133 );
#1395 = SURFACE_STYLE_USAGE( .BOTH., #2134 );
#1396 = FACE_OUTER_BOUND( '', #2135, .T. );
#1397 = PLANE( '', #2136 );
#1398 = SURFACE_STYLE_USAGE( .BOTH., #2137 );
#1399 = FACE_OUTER_BOUND( '', #2138, .T. );
#1400 = PLANE( '', #2139 );
#1401 = SURFACE_STYLE_USAGE( .BOTH., #2140 );
#1402 = FACE_OUTER_BOUND( '', #2141, .T. );
#1403 = FACE_BOUND( '', #2142, .T. );
#1404 = PLANE( '', #2143 );
#1405 = SURFACE_STYLE_USAGE( .BOTH., #2144 );
#1406 = FACE_BOUND( '', #2145, .T. );
#1407 = FACE_OUTER_BOUND( '', #2146, .T. );
#1408 = CONICAL_SURFACE( '', #2147, 3.00000000000000, 0.785398163400000 );
#1409 = SURFACE_STYLE_USAGE( .BOTH., #2148 );
#1410 = FACE_OUTER_BOUND( '', #2149, .T. );
#1411 = PLANE( '', #2150 );
#1412 = SURFACE_STYLE_USAGE( .BOTH., #2151 );
#1413 = FACE_OUTER_BOUND( '', #2152, .T. );
#1414 = PLANE( '', #2153 );
#1415 = SURFACE_STYLE_USAGE( .BOTH., #2154 );
#1416 = FACE_OUTER_BOUND( '', #2155, .T. );
#1417 = CYLINDRICAL_SURFACE( '', #2156, 0.300000000000000 );
#1418 = SURFACE_STYLE_USAGE( .BOTH., #2157 );
#1419 = FACE_BOUND( '', #2158, .T. );
#1420 = FACE_OUTER_BOUND( '', #2159, .T. );
#1421 = PLANE( '', #2160 );
#1422 = SURFACE_STYLE_USAGE( .BOTH., #2161 );
#1423 = FACE_OUTER_BOUND( '', #2162, .T. );
#1424 = CYLINDRICAL_SURFACE( '', #2163, 2.10000000000000 );
#1425 = SURFACE_STYLE_USAGE( .BOTH., #2164 );
#1426 = FACE_OUTER_BOUND( '', #2165, .T. );
#1427 = PLANE( '', #2166 );
#1428 = SURFACE_STYLE_USAGE( .BOTH., #2167 );
#1429 = FACE_OUTER_BOUND( '', #2168, .T. );
#1430 = CYLINDRICAL_SURFACE( '', #2169, 2.10000000000000 );
#1431 = SURFACE_STYLE_USAGE( .BOTH., #2170 );
#1432 = FACE_OUTER_BOUND( '', #2171, .T. );
#1433 = FACE_OUTER_BOUND( '', #2172, .T. );
#1434 = CYLINDRICAL_SURFACE( '', #2173, 3.50000000000000 );
#1435 = SURFACE_STYLE_USAGE( .BOTH., #2174 );
#1436 = FACE_BOUND( '', #2175, .T. );
#1437 = FACE_OUTER_BOUND( '', #2176, .T. );
#1438 = CONICAL_SURFACE( '', #2177, 3.00000000000000, 0.785398163400000 );
#1439 = SURFACE_STYLE_USAGE( .BOTH., #2178 );
#1440 = FACE_OUTER_BOUND( '', #2179, .T. );
#1441 = PLANE( '', #2180 );
#1442 = SURFACE_STYLE_USAGE( .BOTH., #2181 );
#1443 = FACE_OUTER_BOUND( '', #2182, .T. );
#1444 = PLANE( '', #2183 );
#1445 = SURFACE_STYLE_USAGE( .BOTH., #2184 );
#1446 = FACE_OUTER_BOUND( '', #2185, .T. );
#1447 = PLANE( '', #2186 );
#1448 = SURFACE_STYLE_USAGE( .BOTH., #2187 );
#1449 = FACE_OUTER_BOUND( '', #2188, .T. );
#1450 = PLANE( '', #2189 );
#1451 = SURFACE_STYLE_USAGE( .BOTH., #2190 );
#1452 = FACE_OUTER_BOUND( '', #2191, .T. );
#1453 = CYLINDRICAL_SURFACE( '', #2192, 2.10000000000000 );
#1454 = SURFACE_STYLE_USAGE( .BOTH., #2193 );
#1455 = FACE_OUTER_BOUND( '', #2194, .T. );
#1456 = PLANE( '', #2195 );
#1457 = SURFACE_STYLE_USAGE( .BOTH., #2196 );
#1458 = FACE_BOUND( '', #2197, .T. );
#1459 = FACE_BOUND( '', #2198, .T. );
#1460 = FACE_OUTER_BOUND( '', #2199, .T. );
#1461 = PLANE( '', #2200 );
#1462 = SURFACE_STYLE_USAGE( .BOTH., #2201 );
#1463 = FACE_OUTER_BOUND( '', #2202, .T. );
#1464 = PLANE( '', #2203 );
#1465 = SURFACE_STYLE_USAGE( .BOTH., #2204 );
#1466 = FACE_OUTER_BOUND( '', #2205, .T. );
#1467 = CYLINDRICAL_SURFACE( '', #2206, 0.300000000000000 );
#1468 = SURFACE_STYLE_USAGE( .BOTH., #2207 );
#1469 = FACE_OUTER_BOUND( '', #2208, .T. );
#1470 = PLANE( '', #2209 );
#1471 = SURFACE_STYLE_USAGE( .BOTH., #2210 );
#1472 = FACE_OUTER_BOUND( '', #2211, .T. );
#1473 = CYLINDRICAL_SURFACE( '', #2212, 0.300000000000000 );
#1474 = SURFACE_STYLE_USAGE( .BOTH., #2213 );
#1475 = FACE_OUTER_BOUND( '', #2214, .T. );
#1476 = FACE_OUTER_BOUND( '', #2215, .T. );
#1477 = CYLINDRICAL_SURFACE( '', #2216, 3.00000000000000 );
#1478 = SURFACE_STYLE_USAGE( .BOTH., #2217 );
#1479 = FACE_OUTER_BOUND( '', #2218, .T. );
#1480 = PLANE( '', #2219 );
#1481 = SURFACE_STYLE_USAGE( .BOTH., #2220 );
#1482 = FACE_OUTER_BOUND( '', #2221, .T. );
#1483 = CYLINDRICAL_SURFACE( '', #2222, 1.00000000000000 );
#1484 = SURFACE_STYLE_USAGE( .BOTH., #2223 );
#1485 = FACE_OUTER_BOUND( '', #2224, .T. );
#1486 = CYLINDRICAL_SURFACE( '', #2225, 0.500000000000000 );
#1487 = SURFACE_STYLE_USAGE( .BOTH., #2226 );
#1488 = FACE_OUTER_BOUND( '', #2227, .T. );
#1489 = CYLINDRICAL_SURFACE( '', #2228, 1.00000000000000 );
#1490 = SURFACE_STYLE_USAGE( .BOTH., #2229 );
#1491 = FACE_OUTER_BOUND( '', #2230, .T. );
#1492 = PLANE( '', #2231 );
#1493 = SURFACE_STYLE_USAGE( .BOTH., #2232 );
#1494 = FACE_OUTER_BOUND( '', #2233, .T. );
#1495 = PLANE( '', #2234 );
#1496 = SURFACE_STYLE_USAGE( .BOTH., #2235 );
#1497 = FACE_OUTER_BOUND( '', #2236, .T. );
#1498 = PLANE( '', #2237 );
#1499 = SURFACE_STYLE_USAGE( .BOTH., #2238 );
#1500 = FACE_OUTER_BOUND( '', #2239, .T. );
#1501 = PLANE( '', #2240 );
#1502 = SURFACE_STYLE_USAGE( .BOTH., #2241 );
#1503 = FACE_OUTER_BOUND( '', #2242, .T. );
#1504 = FACE_OUTER_BOUND( '', #2243, .T. );
#1505 = CYLINDRICAL_SURFACE( '', #2244, 5.50000000000000 );
#1506 = SURFACE_STYLE_USAGE( .BOTH., #2245 );
#1507 = FACE_OUTER_BOUND( '', #2246, .T. );
#1508 = CYLINDRICAL_SURFACE( '', #2247, 0.300000000000000 );
#1509 = SURFACE_STYLE_USAGE( .BOTH., #2248 );
#1510 = FACE_OUTER_BOUND( '', #2249, .T. );
#1511 = PLANE( '', #2250 );
#1512 = SURFACE_STYLE_USAGE( .BOTH., #2251 );
#1513 = FACE_OUTER_BOUND( '', #2252, .T. );
#1514 = PLANE( '', #2253 );
#1515 = SURFACE_STYLE_USAGE( .BOTH., #2254 );
#1516 = FACE_OUTER_BOUND( '', #2255, .T. );
#1517 = PLANE( '', #2256 );
#1518 = SURFACE_STYLE_USAGE( .BOTH., #2257 );
#1519 = FACE_OUTER_BOUND( '', #2258, .T. );
#1520 = PLANE( '', #2259 );
#1521 = SURFACE_STYLE_USAGE( .BOTH., #2260 );
#1522 = FACE_OUTER_BOUND( '', #2261, .T. );
#1523 = FACE_OUTER_BOUND( '', #2262, .T. );
#1524 = CYLINDRICAL_SURFACE( '', #2263, 5.50000000000000 );
#1525 = SURFACE_STYLE_USAGE( .BOTH., #2264 );
#1526 = FACE_OUTER_BOUND( '', #2265, .T. );
#1527 = PLANE( '', #2266 );
#1528 = SURFACE_STYLE_USAGE( .BOTH., #2267 );
#1529 = FACE_OUTER_BOUND( '', #2268, .T. );
#1530 = PLANE( '', #2269 );
#1531 = SURFACE_STYLE_USAGE( .BOTH., #2270 );
#1532 = FACE_OUTER_BOUND( '', #2271, .T. );
#1533 = PLANE( '', #2272 );
#1534 =  ( LENGTH_UNIT(  )NAMED_UNIT( #773 )SI_UNIT( .MILLI., .METRE. ) );
#1537 = LENGTH_MEASURE_WITH_UNIT( LENGTH_MEASURE( 1.00000000000000 ), #2274 );
#1540 = DIMENSIONAL_EXPONENTS( 1.00000000000000, 0.00000000000000, 0.00000000000000, 0.00000000000000, 0.00000000000000, 0.00000000000000, 0.00000000000000 );
#1542 = DIMENSIONAL_EXPONENTS( 0.00000000000000, 0.00000000000000, 0.00000000000000, 0.00000000000000, 0.00000000000000, 0.00000000000000, 0.00000000000000 );
#1548 = SURFACE_SIDE_STYLE( '', ( #2275 ) );
#1549 = EDGE_LOOP( '', ( #2276, #2277, #2278, #2279 ) );
#1550 = AXIS2_PLACEMENT_3D( '', #2280, #2281, #2282 );
#1551 = SURFACE_SIDE_STYLE( '', ( #2283 ) );
#1552 = EDGE_LOOP( '', ( #2284, #2285, #2286, #2287 ) );
#1553 = AXIS2_PLACEMENT_3D( '', #2288, #2289, #2290 );
#1554 = SURFACE_SIDE_STYLE( '', ( #2291 ) );
#1555 = EDGE_LOOP( '', ( #2292 ) );
#1556 = AXIS2_PLACEMENT_3D( '', #2293, #2294, #2295 );
#1557 = SURFACE_SIDE_STYLE( '', ( #2296 ) );
#1558 = EDGE_LOOP( '', ( #2297, #2298, #2299, #2300 ) );
#1559 = AXIS2_PLACEMENT_3D( '', #2301, #2302, #2303 );
#1560 = SURFACE_SIDE_STYLE( '', ( #2304 ) );
#1561 = EDGE_LOOP( '', ( #2305, #2306, #2307, #2308 ) );
#1562 = AXIS2_PLACEMENT_3D( '', #2309, #2310, #2311 );
#1563 = SURFACE_SIDE_STYLE( '', ( #2312 ) );
#1564 = EDGE_LOOP( '', ( #2313, #2314, #2315, #2316 ) );
#1565 = AXIS2_PLACEMENT_3D( '', #2317, #2318, #2319 );
#1566 = SURFACE_SIDE_STYLE( '', ( #2320 ) );
#1567 = EDGE_LOOP( '', ( #2321, #2322, #2323, #2324 ) );
#1568 = AXIS2_PLACEMENT_3D( '', #2325, #2326, #2327 );
#1569 = SURFACE_SIDE_STYLE( '', ( #2328 ) );
#1570 = EDGE_LOOP( '', ( #2329, #2330, #2331, #2332 ) );
#1571 = AXIS2_PLACEMENT_3D( '', #2333, #2334, #2335 );
#1572 = SURFACE_SIDE_STYLE( '', ( #2336 ) );
#1573 = EDGE_LOOP( '', ( #2337, #2338, #2339, #2340 ) );
#1574 = AXIS2_PLACEMENT_3D( '', #2341, #2342, #2343 );
#1575 = SURFACE_SIDE_STYLE( '', ( #2344 ) );
#1576 = EDGE_LOOP( '', ( #2345, #2346, #2347, #2348 ) );
#1577 = AXIS2_PLACEMENT_3D( '', #2349, #2350, #2351 );
#1578 = SURFACE_SIDE_STYLE( '', ( #2352 ) );
#1579 = EDGE_LOOP( '', ( #2353, #2354, #2355, #2356 ) );
#1580 = AXIS2_PLACEMENT_3D( '', #2357, #2358, #2359 );
#1581 = SURFACE_SIDE_STYLE( '', ( #2360 ) );
#1582 = EDGE_LOOP( '', ( #2361 ) );
#1583 = AXIS2_PLACEMENT_3D( '', #2362, #2363, #2364 );
#1584 = SURFACE_SIDE_STYLE( '', ( #2365 ) );
#1585 = EDGE_LOOP( '', ( #2366, #2367, #2368, #2369 ) );
#1586 = AXIS2_PLACEMENT_3D( '', #2370, #2371, #2372 );
#1587 = SURFACE_SIDE_STYLE( '', ( #2373 ) );
#1588 = EDGE_LOOP( '', ( #2374, #2375, #2376, #2377 ) );
#1589 = AXIS2_PLACEMENT_3D( '', #2378, #2379, #2380 );
#1590 = SURFACE_SIDE_STYLE( '', ( #2381 ) );
#1591 = EDGE_LOOP( '', ( #2382, #2383, #2384, #2385 ) );
#1592 = AXIS2_PLACEMENT_3D( '', #2386, #2387, #2388 );
#1593 = SURFACE_SIDE_STYLE( '', ( #2389 ) );
#1594 = EDGE_LOOP( '', ( #2390 ) );
#1595 = EDGE_LOOP( '', ( #2391 ) );
#1596 = AXIS2_PLACEMENT_3D( '', #2392, #2393, #2394 );
#1597 = SURFACE_SIDE_STYLE( '', ( #2395 ) );
#1598 = EDGE_LOOP( '', ( #2396, #2397, #2398, #2399 ) );
#1599 = AXIS2_PLACEMENT_3D( '', #2400, #2401, #2402 );
#1600 = SURFACE_SIDE_STYLE( '', ( #2403 ) );
#1601 = EDGE_LOOP( '', ( #2404, #2405, #2406, #2407 ) );
#1602 = AXIS2_PLACEMENT_3D( '', #2408, #2409, #2410 );
#1603 = SURFACE_SIDE_STYLE( '', ( #2411 ) );
#1604 = EDGE_LOOP( '', ( #2412, #2413, #2414, #2415 ) );
#1605 = AXIS2_PLACEMENT_3D( '', #2416, #2417, #2418 );
#1606 = SURFACE_SIDE_STYLE( '', ( #2419 ) );
#1607 = EDGE_LOOP( '', ( #2420, #2421, #2422, #2423 ) );
#1608 = AXIS2_PLACEMENT_3D( '', #2424, #2425, #2426 );
#1609 = SURFACE_SIDE_STYLE( '', ( #2427 ) );
#1610 = EDGE_LOOP( '', ( #2428, #2429, #2430, #2431 ) );
#1611 = AXIS2_PLACEMENT_3D( '', #2432, #2433, #2434 );
#1612 = SURFACE_SIDE_STYLE( '', ( #2435 ) );
#1613 = EDGE_LOOP( '', ( #2436 ) );
#1614 = EDGE_LOOP( '', ( #2437 ) );
#1615 = EDGE_LOOP( '', ( #2438, #2439, #2440, #2441, #2442, #2443, #2444, #2445, #2446, #2447, #2448, #2449 ) );
#1616 = AXIS2_PLACEMENT_3D( '', #2450, #2451, #2452 );
#1617 = SURFACE_SIDE_STYLE( '', ( #2453 ) );
#1618 = EDGE_LOOP( '', ( #2454 ) );
#1619 = EDGE_LOOP( '', ( #2455, #2456, #2457, #2458 ) );
#1620 = AXIS2_PLACEMENT_3D( '', #2459, #2460, #2461 );
#1621 = SURFACE_SIDE_STYLE( '', ( #2462 ) );
#1622 = EDGE_LOOP( '', ( #2463 ) );
#1623 = EDGE_LOOP( '', ( #2464 ) );
#1624 = AXIS2_PLACEMENT_3D( '', #2465, #2466, #2467 );
#1625 = SURFACE_SIDE_STYLE( '', ( #2468 ) );
#1626 = EDGE_LOOP( '', ( #2469, #2470, #2471, #2472 ) );
#1627 = AXIS2_PLACEMENT_3D( '', #2473, #2474, #2475 );
#1628 = SURFACE_SIDE_STYLE( '', ( #2476 ) );
#1629 = EDGE_LOOP( '', ( #2477, #2478, #2479, #2480 ) );
#1630 = AXIS2_PLACEMENT_3D( '', #2481, #2482, #2483 );
#1631 = SURFACE_SIDE_STYLE( '', ( #2484 ) );
#1632 = EDGE_LOOP( '', ( #2485, #2486, #2487, #2488 ) );
#1633 = AXIS2_PLACEMENT_3D( '', #2489, #2490, #2491 );
#1634 = SURFACE_SIDE_STYLE( '', ( #2492 ) );
#1635 = EDGE_LOOP( '', ( #2493, #2494, #2495, #2496 ) );
#1636 = AXIS2_PLACEMENT_3D( '', #2497, #2498, #2499 );
#1637 = SURFACE_SIDE_STYLE( '', ( #2500 ) );
#1638 = EDGE_LOOP( '', ( #2501 ) );
#1639 = EDGE_LOOP( '', ( #2502, #2503, #2504, #2505, #2506, #2507, #2508, #2509, #2510, #2511, #2512, #2513, #2514, #2515, #2516, #2517, #2518, #2519, #2520, #2521, #2522, #2523, #2524, #2525, #2526, #2527, #2528, #2529, #2530, #2531, #2532, #2533, #2534, #2535, #2536, #2537, #2538, #2539, #2540, #2541, #2542, #2543 ) );
#1640 = AXIS2_PLACEMENT_3D( '', #2544, #2545, #2546 );
#1641 = SURFACE_SIDE_STYLE( '', ( #2547 ) );
#1642 = EDGE_LOOP( '', ( #2548 ) );
#1643 = AXIS2_PLACEMENT_3D( '', #2549, #2550, #2551 );
#1644 = SURFACE_SIDE_STYLE( '', ( #2552 ) );
#1645 = EDGE_LOOP( '', ( #2553, #2554, #2555, #2556 ) );
#1646 = AXIS2_PLACEMENT_3D( '', #2557, #2558, #2559 );
#1647 = SURFACE_SIDE_STYLE( '', ( #2560 ) );
#1648 = EDGE_LOOP( '', ( #2561 ) );
#1649 = EDGE_LOOP( '', ( #2562 ) );
#1650 = EDGE_LOOP( '', ( #2563, #2564, #2565, #2566 ) );
#1651 = AXIS2_PLACEMENT_3D( '', #2567, #2568, #2569 );
#1652 = SURFACE_SIDE_STYLE( '', ( #2570 ) );
#1653 = EDGE_LOOP( '', ( #2571, #2572, #2573, #2574, #2575, #2576, #2577, #2578, #2579, #2580, #2581, #2582 ) );
#1654 = EDGE_LOOP( '', ( #2583 ) );
#1655 = AXIS2_PLACEMENT_3D( '', #2584, #2585, #2586 );
#1656 = SURFACE_SIDE_STYLE( '', ( #2587 ) );
#1657 = EDGE_LOOP( '', ( #2588, #2589, #2590, #2591 ) );
#1658 = AXIS2_PLACEMENT_3D( '', #2592, #2593, #2594 );
#1659 = SURFACE_SIDE_STYLE( '', ( #2595 ) );
#1660 = EDGE_LOOP( '', ( #2596 ) );
#1661 = EDGE_LOOP( '', ( #2597 ) );
#1662 = AXIS2_PLACEMENT_3D( '', #2598, #2599, #2600 );
#1663 = SURFACE_SIDE_STYLE( '', ( #2601 ) );
#1664 = EDGE_LOOP( '', ( #2602 ) );
#1665 = AXIS2_PLACEMENT_3D( '', #2603, #2604, #2605 );
#1666 = SURFACE_SIDE_STYLE( '', ( #2606 ) );
#1667 = EDGE_LOOP( '', ( #2607 ) );
#1668 = EDGE_LOOP( '', ( #2608, #2609, #2610, #2611 ) );
#1669 = AXIS2_PLACEMENT_3D( '', #2612, #2613, #2614 );
#1670 = SURFACE_SIDE_STYLE( '', ( #2615 ) );
#1671 = EDGE_LOOP( '', ( #2616, #2617, #2618, #2619 ) );
#1672 = AXIS2_PLACEMENT_3D( '', #2620, #2621, #2622 );
#1673 = SURFACE_SIDE_STYLE( '', ( #2623 ) );
#1674 = EDGE_LOOP( '', ( #2624, #2625, #2626, #2627 ) );
#1675 = AXIS2_PLACEMENT_3D( '', #2628, #2629, #2630 );
#1676 = SURFACE_SIDE_STYLE( '', ( #2631 ) );
#1677 = EDGE_LOOP( '', ( #2632, #2633, #2634, #2635 ) );
#1678 = AXIS2_PLACEMENT_3D( '', #2636, #2637, #2638 );
#1679 = SURFACE_SIDE_STYLE( '', ( #2639 ) );
#1680 = EDGE_LOOP( '', ( #2640, #2641, #2642, #2643, #2644 ) );
#1681 = AXIS2_PLACEMENT_3D( '', #2645, #2646, #2647 );
#1682 = SURFACE_SIDE_STYLE( '', ( #2648 ) );
#1683 = EDGE_LOOP( '', ( #2649 ) );
#1684 = EDGE_LOOP( '', ( #2650 ) );
#1685 = AXIS2_PLACEMENT_3D( '', #2651, #2652, #2653 );
#1686 = SURFACE_SIDE_STYLE( '', ( #2654 ) );
#1687 = EDGE_LOOP( '', ( #2655, #2656, #2657, #2658 ) );
#1688 = AXIS2_PLACEMENT_3D( '', #2659, #2660, #2661 );
#1689 = SURFACE_SIDE_STYLE( '', ( #2662 ) );
#1690 = EDGE_LOOP( '', ( #2663, #2664, #2665, #2666 ) );
#1691 = AXIS2_PLACEMENT_3D( '', #2667, #2668, #2669 );
#1692 = SURFACE_SIDE_STYLE( '', ( #2670 ) );
#1693 = EDGE_LOOP( '', ( #2671 ) );
#1694 = AXIS2_PLACEMENT_3D( '', #2672, #2673, #2674 );
#1695 = SURFACE_SIDE_STYLE( '', ( #2675 ) );
#1696 = EDGE_LOOP( '', ( #2676, #2677, #2678, #2679 ) );
#1697 = AXIS2_PLACEMENT_3D( '', #2680, #2681, #2682 );
#1698 = SURFACE_SIDE_STYLE( '', ( #2683 ) );
#1699 = EDGE_LOOP( '', ( #2684, #2685, #2686, #2687, #2688, #2689, #2690, #2691, #2692, #2693, #2694, #2695, #2696, #2697, #2698, #2699, #2700, #2701, #2702, #2703, #2704, #2705, #2706, #2707 ) );
#1700 = AXIS2_PLACEMENT_3D( '', #2708, #2709, #2710 );
#1701 = SURFACE_SIDE_STYLE( '', ( #2711 ) );
#1702 = EDGE_LOOP( '', ( #2712, #2713, #2714, #2715 ) );
#1703 = AXIS2_PLACEMENT_3D( '', #2716, #2717, #2718 );
#1704 = SURFACE_SIDE_STYLE( '', ( #2719 ) );
#1705 = EDGE_LOOP( '', ( #2720, #2721, #2722, #2723 ) );
#1706 = AXIS2_PLACEMENT_3D( '', #2724, #2725, #2726 );
#1707 = SURFACE_SIDE_STYLE( '', ( #2727 ) );
#1708 = EDGE_LOOP( '', ( #2728, #2729, #2730, #2731 ) );
#1709 = AXIS2_PLACEMENT_3D( '', #2732, #2733, #2734 );
#1710 = SURFACE_SIDE_STYLE( '', ( #2735 ) );
#1711 = EDGE_LOOP( '', ( #2736, #2737, #2738, #2739 ) );
#1712 = AXIS2_PLACEMENT_3D( '', #2740, #2741, #2742 );
#1713 = SURFACE_SIDE_STYLE( '', ( #2743 ) );
#1714 = EDGE_LOOP( '', ( #2744, #2745, #2746, #2747 ) );
#1715 = AXIS2_PLACEMENT_3D( '', #2748, #2749, #2750 );
#1716 = SURFACE_SIDE_STYLE( '', ( #2751 ) );
#1717 = EDGE_LOOP( '', ( #2752 ) );
#1718 = EDGE_LOOP( '', ( #2753 ) );
#1719 = AXIS2_PLACEMENT_3D( '', #2754, #2755, #2756 );
#1720 = SURFACE_SIDE_STYLE( '', ( #2757 ) );
#1721 = EDGE_LOOP( '', ( #2758 ) );
#1722 = EDGE_LOOP( '', ( #2759 ) );
#1723 = AXIS2_PLACEMENT_3D( '', #2760, #2761, #2762 );
#1724 = SURFACE_SIDE_STYLE( '', ( #2763 ) );
#1725 = EDGE_LOOP( '', ( #2764, #2765, #2766, #2767 ) );
#1726 = AXIS2_PLACEMENT_3D( '', #2768, #2769, #2770 );
#1727 = SURFACE_SIDE_STYLE( '', ( #2771 ) );
#1728 = EDGE_LOOP( '', ( #2772, #2773, #2774, #2775 ) );
#1729 = AXIS2_PLACEMENT_3D( '', #2776, #2777, #2778 );
#1730 = SURFACE_SIDE_STYLE( '', ( #2779 ) );
#1731 = EDGE_LOOP( '', ( #2780, #2781, #2782, #2783 ) );
#1732 = AXIS2_PLACEMENT_3D( '', #2784, #2785, #2786 );
#1733 = SURFACE_SIDE_STYLE( '', ( #2787 ) );
#1734 = EDGE_LOOP( '', ( #2788, #2789, #2790, #2791 ) );
#1735 = AXIS2_PLACEMENT_3D( '', #2792, #2793, #2794 );
#1736 = SURFACE_SIDE_STYLE( '', ( #2795 ) );
#1737 = EDGE_LOOP( '', ( #2796, #2797, #2798, #2799 ) );
#1738 = EDGE_LOOP( '', ( #2800 ) );
#1739 = AXIS2_PLACEMENT_3D( '', #2801, #2802, #2803 );
#1740 = SURFACE_SIDE_STYLE( '', ( #2804 ) );
#1741 = EDGE_LOOP( '', ( #2805, #2806, #2807, #2808 ) );
#1742 = AXIS2_PLACEMENT_3D( '', #2809, #2810, #2811 );
#1743 = SURFACE_SIDE_STYLE( '', ( #2812 ) );
#1744 = EDGE_LOOP( '', ( #2813, #2814, #2815, #2816, #2817, #2818, #2819, #2820 ) );
#1745 = AXIS2_PLACEMENT_3D( '', #2821, #2822, #2823 );
#1746 = SURFACE_SIDE_STYLE( '', ( #2824 ) );
#1747 = EDGE_LOOP( '', ( #2825, #2826, #2827, #2828 ) );
#1748 = AXIS2_PLACEMENT_3D( '', #2829, #2830, #2831 );
#1749 = SURFACE_SIDE_STYLE( '', ( #2832 ) );
#1750 = EDGE_LOOP( '', ( #2833, #2834, #2835, #2836 ) );
#1751 = AXIS2_PLACEMENT_3D( '', #2837, #2838, #2839 );
#1752 = SURFACE_SIDE_STYLE( '', ( #2840 ) );
#1753 = EDGE_LOOP( '', ( #2841 ) );
#1754 = EDGE_LOOP( '', ( #2842 ) );
#1755 = AXIS2_PLACEMENT_3D( '', #2843, #2844, #2845 );
#1756 = SURFACE_SIDE_STYLE( '', ( #2846 ) );
#1757 = EDGE_LOOP( '', ( #2847, #2848, #2849, #2850 ) );
#1758 = AXIS2_PLACEMENT_3D( '', #2851, #2852, #2853 );
#1759 = SURFACE_SIDE_STYLE( '', ( #2854 ) );
#1760 = EDGE_LOOP( '', ( #2855 ) );
#1761 = EDGE_LOOP( '', ( #2856 ) );
#1762 = AXIS2_PLACEMENT_3D( '', #2857, #2858, #2859 );
#1763 = SURFACE_SIDE_STYLE( '', ( #2860 ) );
#1764 = EDGE_LOOP( '', ( #2861, #2862, #2863, #2864, #2865, #2866, #2867, #2868, #2869, #2870, #2871, #2872, #2873 ) );
#1765 = AXIS2_PLACEMENT_3D( '', #2874, #2875, #2876 );
#1766 = SURFACE_SIDE_STYLE( '', ( #2877 ) );
#1767 = EDGE_LOOP( '', ( #2878, #2879, #2880, #2881 ) );
#1768 = AXIS2_PLACEMENT_3D( '', #2882, #2883, #2884 );
#1769 = SURFACE_SIDE_STYLE( '', ( #2885 ) );
#1770 = EDGE_LOOP( '', ( #2886, #2887, #2888, #2889 ) );
#1771 = AXIS2_PLACEMENT_3D( '', #2890, #2891, #2892 );
#1772 = SURFACE_SIDE_STYLE( '', ( #2893 ) );
#1773 = EDGE_LOOP( '', ( #2894, #2895, #2896, #2897 ) );
#1774 = AXIS2_PLACEMENT_3D( '', #2898, #2899, #2900 );
#1775 = SURFACE_SIDE_STYLE( '', ( #2901 ) );
#1776 = EDGE_LOOP( '', ( #2902, #2903, #2904, #2905, #2906, #2907, #2908, #2909, #2910, #2911, #2912, #2913, #2914, #2915, #2916, #2917, #2918, #2919, #2920, #2921, #2922, #2923, #2924, #2925, #2926, #2927, #2928, #2929, #2930, #2931, #2932, #2933, #2934, #2935, #2936, #2937, #2938, #2939 ) );
#1777 = AXIS2_PLACEMENT_3D( '', #2940, #2941, #2942 );
#1778 = SURFACE_SIDE_STYLE( '', ( #2943 ) );
#1779 = EDGE_LOOP( '', ( #2944 ) );
#1780 = EDGE_LOOP( '', ( #2945 ) );
#1781 = AXIS2_PLACEMENT_3D( '', #2946, #2947, #2948 );
#1782 = SURFACE_SIDE_STYLE( '', ( #2949 ) );
#1783 = EDGE_LOOP( '', ( #2950 ) );
#1784 = EDGE_LOOP( '', ( #2951 ) );
#1785 = EDGE_LOOP( '', ( #2952, #2953, #2954, #2955 ) );
#1786 = AXIS2_PLACEMENT_3D( '', #2956, #2957, #2958 );
#1787 = SURFACE_SIDE_STYLE( '', ( #2959 ) );
#1788 = EDGE_LOOP( '', ( #2960, #2961, #2962, #2963 ) );
#1789 = AXIS2_PLACEMENT_3D( '', #2964, #2965, #2966 );
#1790 = SURFACE_SIDE_STYLE( '', ( #2967 ) );
#1791 = EDGE_LOOP( '', ( #2968, #2969, #2970, #2971 ) );
#1792 = AXIS2_PLACEMENT_3D( '', #2972, #2973, #2974 );
#1793 = SURFACE_SIDE_STYLE( '', ( #2975 ) );
#1794 = EDGE_LOOP( '', ( #2976, #2977, #2978, #2979, #2980 ) );
#1795 = AXIS2_PLACEMENT_3D( '', #2981, #2982, #2983 );
#1796 = SURFACE_SIDE_STYLE( '', ( #2984 ) );
#1797 = EDGE_LOOP( '', ( #2985, #2986, #2987, #2988 ) );
#1798 = AXIS2_PLACEMENT_3D( '', #2989, #2990, #2991 );
#1799 = SURFACE_SIDE_STYLE( '', ( #2992 ) );
#1800 = EDGE_LOOP( '', ( #2993, #2994, #2995, #2996 ) );
#1801 = AXIS2_PLACEMENT_3D( '', #2997, #2998, #2999 );
#1802 = SURFACE_SIDE_STYLE( '', ( #3000 ) );
#1803 = EDGE_LOOP( '', ( #3001, #3002, #3003, #3004 ) );
#1804 = AXIS2_PLACEMENT_3D( '', #3005, #3006, #3007 );
#1805 = SURFACE_SIDE_STYLE( '', ( #3008 ) );
#1806 = EDGE_LOOP( '', ( #3009, #3010, #3011, #3012 ) );
#1807 = AXIS2_PLACEMENT_3D( '', #3013, #3014, #3015 );
#1808 = SURFACE_SIDE_STYLE( '', ( #3016 ) );
#1809 = EDGE_LOOP( '', ( #3017 ) );
#1810 = EDGE_LOOP( '', ( #3018 ) );
#1811 = AXIS2_PLACEMENT_3D( '', #3019, #3020, #3021 );
#1812 = SURFACE_SIDE_STYLE( '', ( #3022 ) );
#1813 = EDGE_LOOP( '', ( #3023, #3024, #3025, #3026 ) );
#1814 = AXIS2_PLACEMENT_3D( '', #3027, #3028, #3029 );
#1815 = SURFACE_SIDE_STYLE( '', ( #3030 ) );
#1816 = EDGE_LOOP( '', ( #3031, #3032, #3033, #3034 ) );
#1817 = AXIS2_PLACEMENT_3D( '', #3035, #3036, #3037 );
#1818 = SURFACE_SIDE_STYLE( '', ( #3038 ) );
#1819 = EDGE_LOOP( '', ( #3039, #3040, #3041, #3042 ) );
#1820 = AXIS2_PLACEMENT_3D( '', #3043, #3044, #3045 );
#1821 = SURFACE_SIDE_STYLE( '', ( #3046 ) );
#1822 = EDGE_LOOP( '', ( #3047 ) );
#1823 = EDGE_LOOP( '', ( #3048 ) );
#1824 = AXIS2_PLACEMENT_3D( '', #3049, #3050, #3051 );
#1825 = SURFACE_SIDE_STYLE( '', ( #3052 ) );
#1826 = EDGE_LOOP( '', ( #3053, #3054, #3055, #3056 ) );
#1827 = AXIS2_PLACEMENT_3D( '', #3057, #3058, #3059 );
#1828 = SURFACE_SIDE_STYLE( '', ( #3060 ) );
#1829 = EDGE_LOOP( '', ( #3061, #3062, #3063, #3064 ) );
#1830 = AXIS2_PLACEMENT_3D( '', #3065, #3066, #3067 );
#1831 = SURFACE_SIDE_STYLE( '', ( #3068 ) );
#1832 = EDGE_LOOP( '', ( #3069, #3070, #3071, #3072 ) );
#1833 = AXIS2_PLACEMENT_3D( '', #3073, #3074, #3075 );
#1834 = SURFACE_SIDE_STYLE( '', ( #3076 ) );
#1835 = EDGE_LOOP( '', ( #3077, #3078, #3079, #3080 ) );
#1836 = AXIS2_PLACEMENT_3D( '', #3081, #3082, #3083 );
#1837 = SURFACE_SIDE_STYLE( '', ( #3084 ) );
#1838 = EDGE_LOOP( '', ( #3085, #3086, #3087, #3088 ) );
#1839 = AXIS2_PLACEMENT_3D( '', #3089, #3090, #3091 );
#1840 = SURFACE_SIDE_STYLE( '', ( #3092 ) );
#1841 = EDGE_LOOP( '', ( #3093, #3094, #3095, #3096, #3097, #3098, #3099, #3100, #3101, #3102, #3103, #3104 ) );
#1842 = AXIS2_PLACEMENT_3D( '', #3105, #3106, #3107 );
#1843 = SURFACE_SIDE_STYLE( '', ( #3108 ) );
#1844 = EDGE_LOOP( '', ( #3109, #3110, #3111, #3112 ) );
#1845 = AXIS2_PLACEMENT_3D( '', #3113, #3114, #3115 );
#1846 = SURFACE_SIDE_STYLE( '', ( #3116 ) );
#1847 = EDGE_LOOP( '', ( #3117, #3118, #3119, #3120 ) );
#1848 = AXIS2_PLACEMENT_3D( '', #3121, #3122, #3123 );
#1849 = SURFACE_SIDE_STYLE( '', ( #3124 ) );
#1850 = EDGE_LOOP( '', ( #3125, #3126, #3127, #3128 ) );
#1851 = AXIS2_PLACEMENT_3D( '', #3129, #3130, #3131 );
#1852 = SURFACE_SIDE_STYLE( '', ( #3132 ) );
#1853 = EDGE_LOOP( '', ( #3133, #3134, #3135, #3136 ) );
#1854 = AXIS2_PLACEMENT_3D( '', #3137, #3138, #3139 );
#1855 = SURFACE_SIDE_STYLE( '', ( #3140 ) );
#1856 = EDGE_LOOP( '', ( #3141, #3142, #3143, #3144 ) );
#1857 = AXIS2_PLACEMENT_3D( '', #3145, #3146, #3147 );
#1858 = SURFACE_SIDE_STYLE( '', ( #3148 ) );
#1859 = EDGE_LOOP( '', ( #3149, #3150, #3151, #3152 ) );
#1860 = AXIS2_PLACEMENT_3D( '', #3153, #3154, #3155 );
#1861 = SURFACE_SIDE_STYLE( '', ( #3156 ) );
#1862 = EDGE_LOOP( '', ( #3157, #3158, #3159, #3160, #3161, #3162, #3163, #3164 ) );
#1863 = AXIS2_PLACEMENT_3D( '', #3165, #3166, #3167 );
#1864 = SURFACE_SIDE_STYLE( '', ( #3168 ) );
#1865 = EDGE_LOOP( '', ( #3169, #3170, #3171, #3172 ) );
#1866 = AXIS2_PLACEMENT_3D( '', #3173, #3174, #3175 );
#1867 = SURFACE_SIDE_STYLE( '', ( #3176 ) );
#1868 = EDGE_LOOP( '', ( #3177, #3178, #3179, #3180, #3181, #3182, #3183, #3184, #3185, #3186, #3187, #3188 ) );
#1869 = EDGE_LOOP( '', ( #3189 ) );
#1870 = AXIS2_PLACEMENT_3D( '', #3190, #3191, #3192 );
#1871 = SURFACE_SIDE_STYLE( '', ( #3193 ) );
#1872 = EDGE_LOOP( '', ( #3194, #3195, #3196, #3197, #3198, #3199, #3200, #3201 ) );
#1873 = EDGE_LOOP( '', ( #3202 ) );
#1874 = AXIS2_PLACEMENT_3D( '', #3203, #3204, #3205 );
#1875 = SURFACE_SIDE_STYLE( '', ( #3206 ) );
#1876 = EDGE_LOOP( '', ( #3207, #3208, #3209, #3210 ) );
#1877 = AXIS2_PLACEMENT_3D( '', #3211, #3212, #3213 );
#1878 = SURFACE_SIDE_STYLE( '', ( #3214 ) );
#1879 = EDGE_LOOP( '', ( #3215, #3216, #3217, #3218 ) );
#1880 = AXIS2_PLACEMENT_3D( '', #3219, #3220, #3221 );
#1881 = SURFACE_SIDE_STYLE( '', ( #3222 ) );
#1882 = EDGE_LOOP( '', ( #3223, #3224, #3225, #3226 ) );
#1883 = AXIS2_PLACEMENT_3D( '', #3227, #3228, #3229 );
#1884 = SURFACE_SIDE_STYLE( '', ( #3230 ) );
#1885 = EDGE_LOOP( '', ( #3231, #3232, #3233, #3234, #3235, #3236, #3237, #3238, #3239, #3240, #3241, #3242, #3243, #3244, #3245, #3246, #3247, #3248, #3249, #3250, #3251, #3252, #3253, #3254, #3255, #3256, #3257, #3258, #3259, #3260, #3261, #3262, #3263, #3264, #3265, #3266, #3267, #3268 ) );
#1886 = AXIS2_PLACEMENT_3D( '', #3269, #3270, #3271 );
#1887 = SURFACE_SIDE_STYLE( '', ( #3272 ) );
#1888 = EDGE_LOOP( '', ( #3273, #3274, #3275, #3276 ) );
#1889 = AXIS2_PLACEMENT_3D( '', #3277, #3278, #3279 );
#1890 = SURFACE_SIDE_STYLE( '', ( #3280 ) );
#1891 = EDGE_LOOP( '', ( #3281, #3282, #3283, #3284 ) );
#1892 = AXIS2_PLACEMENT_3D( '', #3285, #3286, #3287 );
#1893 = SURFACE_SIDE_STYLE( '', ( #3288 ) );
#1894 = EDGE_LOOP( '', ( #3289, #3290, #3291, #3292 ) );
#1895 = AXIS2_PLACEMENT_3D( '', #3293, #3294, #3295 );
#1896 = SURFACE_SIDE_STYLE( '', ( #3296 ) );
#1897 = EDGE_LOOP( '', ( #3297, #3298, #3299, #3300 ) );
#1898 = AXIS2_PLACEMENT_3D( '', #3301, #3302, #3303 );
#1899 = SURFACE_SIDE_STYLE( '', ( #3304 ) );
#1900 = EDGE_LOOP( '', ( #3305, #3306, #3307, #3308 ) );
#1901 = AXIS2_PLACEMENT_3D( '', #3309, #3310, #3311 );
#1902 = SURFACE_SIDE_STYLE( '', ( #3312 ) );
#1903 = EDGE_LOOP( '', ( #3313, #3314, #3315, #3316 ) );
#1904 = AXIS2_PLACEMENT_3D( '', #3317, #3318, #3319 );
#1905 = SURFACE_SIDE_STYLE( '', ( #3320 ) );
#1906 = EDGE_LOOP( '', ( #3321, #3322, #3323, #3324 ) );
#1907 = AXIS2_PLACEMENT_3D( '', #3325, #3326, #3327 );
#1908 = SURFACE_SIDE_STYLE( '', ( #3328 ) );
#1909 = EDGE_LOOP( '', ( #3329, #3330, #3331, #3332 ) );
#1910 = AXIS2_PLACEMENT_3D( '', #3333, #3334, #3335 );
#1911 = SURFACE_SIDE_STYLE( '', ( #3336 ) );
#1912 = EDGE_LOOP( '', ( #3337, #3338, #3339, #3340, #3341, #3342, #3343, #3344, #3345, #3346, #3347, #3348, #3349 ) );
#1913 = AXIS2_PLACEMENT_3D( '', #3350, #3351, #3352 );
#1914 = SURFACE_SIDE_STYLE( '', ( #3353 ) );
#1915 = EDGE_LOOP( '', ( #3354, #3355, #3356, #3357 ) );
#1916 = AXIS2_PLACEMENT_3D( '', #3358, #3359, #3360 );
#1917 = SURFACE_SIDE_STYLE( '', ( #3361 ) );
#1918 = EDGE_LOOP( '', ( #3362, #3363, #3364, #3365 ) );
#1919 = AXIS2_PLACEMENT_3D( '', #3366, #3367, #3368 );
#1920 = SURFACE_SIDE_STYLE( '', ( #3369 ) );
#1921 = EDGE_LOOP( '', ( #3370, #3371, #3372, #3373 ) );
#1922 = AXIS2_PLACEMENT_3D( '', #3374, #3375, #3376 );
#1923 = SURFACE_SIDE_STYLE( '', ( #3377 ) );
#1924 = EDGE_LOOP( '', ( #3378, #3379, #3380, #3381 ) );
#1925 = AXIS2_PLACEMENT_3D( '', #3382, #3383, #3384 );
#1926 = SURFACE_SIDE_STYLE( '', ( #3385 ) );
#1927 = EDGE_LOOP( '', ( #3386 ) );
#1928 = AXIS2_PLACEMENT_3D( '', #3387, #3388, #3389 );
#1929 = SURFACE_SIDE_STYLE( '', ( #3390 ) );
#1930 = EDGE_LOOP( '', ( #3391, #3392, #3393, #3394, #3395, #3396, #3397, #3398, #3399, #3400, #3401, #3402 ) );
#1931 = AXIS2_PLACEMENT_3D( '', #3403, #3404, #3405 );
#1932 = SURFACE_SIDE_STYLE( '', ( #3406 ) );
#1933 = EDGE_LOOP( '', ( #3407, #3408, #3409, #3410 ) );
#1934 = AXIS2_PLACEMENT_3D( '', #3411, #3412, #3413 );
#1935 = SURFACE_SIDE_STYLE( '', ( #3414 ) );
#1936 = EDGE_LOOP( '', ( #3415, #3416, #3417, #3418 ) );
#1937 = AXIS2_PLACEMENT_3D( '', #3419, #3420, #3421 );
#1938 = SURFACE_SIDE_STYLE( '', ( #3422 ) );
#1939 = EDGE_LOOP( '', ( #3423, #3424, #3425, #3426 ) );
#1940 = AXIS2_PLACEMENT_3D( '', #3427, #3428, #3429 );
#1941 = SURFACE_SIDE_STYLE( '', ( #3430 ) );
#1942 = EDGE_LOOP( '', ( #3431, #3432, #3433, #3434 ) );
#1943 = AXIS2_PLACEMENT_3D( '', #3435, #3436, #3437 );
#1944 = SURFACE_SIDE_STYLE( '', ( #3438 ) );
#1945 = EDGE_LOOP( '', ( #3439, #3440, #3441, #3442 ) );
#1946 = AXIS2_PLACEMENT_3D( '', #3443, #3444, #3445 );
#1947 = SURFACE_SIDE_STYLE( '', ( #3446 ) );
#1948 = EDGE_LOOP( '', ( #3447, #3448, #3449, #3450 ) );
#1949 = AXIS2_PLACEMENT_3D( '', #3451, #3452, #3453 );
#1950 = SURFACE_SIDE_STYLE( '', ( #3454 ) );
#1951 = EDGE_LOOP( '', ( #3455, #3456, #3457, #3458 ) );
#1952 = AXIS2_PLACEMENT_3D( '', #3459, #3460, #3461 );
#1953 = SURFACE_SIDE_STYLE( '', ( #3462 ) );
#1954 = EDGE_LOOP( '', ( #3463, #3464, #3465, #3466 ) );
#1955 = AXIS2_PLACEMENT_3D( '', #3467, #3468, #3469 );
#1956 = SURFACE_SIDE_STYLE( '', ( #3470 ) );
#1957 = EDGE_LOOP( '', ( #3471, #3472, #3473, #3474 ) );
#1958 = AXIS2_PLACEMENT_3D( '', #3475, #3476, #3477 );
#1959 = SURFACE_SIDE_STYLE( '', ( #3478 ) );
#1960 = EDGE_LOOP( '', ( #3479, #3480, #3481, #3482 ) );
#1961 = AXIS2_PLACEMENT_3D( '', #3483, #3484, #3485 );
#1962 = SURFACE_SIDE_STYLE( '', ( #3486 ) );
#1963 = EDGE_LOOP( '', ( #3487, #3488, #3489, #3490 ) );
#1964 = AXIS2_PLACEMENT_3D( '', #3491, #3492, #3493 );
#1965 = SURFACE_SIDE_STYLE( '', ( #3494 ) );
#1966 = EDGE_LOOP( '', ( #3495, #3496, #3497, #3498 ) );
#1967 = AXIS2_PLACEMENT_3D( '', #3499, #3500, #3501 );
#1968 = SURFACE_SIDE_STYLE( '', ( #3502 ) );
#1969 = EDGE_LOOP( '', ( #3503, #3504, #3505, #3506 ) );
#1970 = AXIS2_PLACEMENT_3D( '', #3507, #3508, #3509 );
#1971 = SURFACE_SIDE_STYLE( '', ( #3510 ) );
#1972 = EDGE_LOOP( '', ( #3511, #3512, #3513, #3514 ) );
#1973 = AXIS2_PLACEMENT_3D( '', #3515, #3516, #3517 );
#1974 = SURFACE_SIDE_STYLE( '', ( #3518 ) );
#1975 = EDGE_LOOP( '', ( #3519, #3520, #3521, #3522 ) );
#1976 = AXIS2_PLACEMENT_3D( '', #3523, #3524, #3525 );
#1977 = SURFACE_SIDE_STYLE( '', ( #3526 ) );
#1978 = EDGE_LOOP( '', ( #3527, #3528, #3529, #3530, #3531, #3532, #3533, #3534, #3535, #3536, #3537, #3538 ) );
#1979 = EDGE_LOOP( '', ( #3539 ) );
#1980 = AXIS2_PLACEMENT_3D( '', #3540, #3541, #3542 );
#1981 = SURFACE_SIDE_STYLE( '', ( #3543 ) );
#1982 = EDGE_LOOP( '', ( #3544, #3545, #3546, #3547 ) );
#1983 = AXIS2_PLACEMENT_3D( '', #3548, #3549, #3550 );
#1984 = SURFACE_SIDE_STYLE( '', ( #3551 ) );
#1985 = EDGE_LOOP( '', ( #3552, #3553, #3554, #3555 ) );
#1986 = AXIS2_PLACEMENT_3D( '', #3556, #3557, #3558 );
#1987 = SURFACE_SIDE_STYLE( '', ( #3559 ) );
#1988 = EDGE_LOOP( '', ( #3560, #3561, #3562, #3563 ) );
#1989 = AXIS2_PLACEMENT_3D( '', #3564, #3565, #3566 );
#1990 = SURFACE_SIDE_STYLE( '', ( #3567 ) );
#1991 = EDGE_LOOP( '', ( #3568, #3569, #3570, #3571 ) );
#1992 = AXIS2_PLACEMENT_3D( '', #3572, #3573, #3574 );
#1993 = SURFACE_SIDE_STYLE( '', ( #3575 ) );
#1994 = EDGE_LOOP( '', ( #3576, #3577, #3578, #3579 ) );
#1995 = AXIS2_PLACEMENT_3D( '', #3580, #3581, #3582 );
#1996 = SURFACE_SIDE_STYLE( '', ( #3583 ) );
#1997 = EDGE_LOOP( '', ( #3584, #3585, #3586, #3587 ) );
#1998 = AXIS2_PLACEMENT_3D( '', #3588, #3589, #3590 );
#1999 = SURFACE_SIDE_STYLE( '', ( #3591 ) );
#2000 = EDGE_LOOP( '', ( #3592, #3593, #3594, #3595 ) );
#2001 = AXIS2_PLACEMENT_3D( '', #3596, #3597, #3598 );
#2002 = SURFACE_SIDE_STYLE( '', ( #3599 ) );
#2003 = EDGE_LOOP( '', ( #3600, #3601, #3602, #3603 ) );
#2004 = AXIS2_PLACEMENT_3D( '', #3604, #3605, #3606 );
#2005 = SURFACE_SIDE_STYLE( '', ( #3607 ) );
#2006 = EDGE_LOOP( '', ( #3608, #3609, #3610, #3611 ) );
#2007 = AXIS2_PLACEMENT_3D( '', #3612, #3613, #3614 );
#2008 = SURFACE_SIDE_STYLE( '', ( #3615 ) );
#2009 = EDGE_LOOP( '', ( #3616 ) );
#2010 = AXIS2_PLACEMENT_3D( '', #3617, #3618, #3619 );
#2011 = SURFACE_SIDE_STYLE( '', ( #3620 ) );
#2012 = EDGE_LOOP( '', ( #3621, #3622, #3623, #3624 ) );
#2013 = AXIS2_PLACEMENT_3D( '', #3625, #3626, #3627 );
#2014 = SURFACE_SIDE_STYLE( '', ( #3628 ) );
#2015 = EDGE_LOOP( '', ( #3629, #3630, #3631, #3632, #3633, #3634, #3635, #3636, #3637, #3638, #3639, #3640 ) );
#2016 = AXIS2_PLACEMENT_3D( '', #3641, #3642, #3643 );
#2017 = SURFACE_SIDE_STYLE( '', ( #3644 ) );
#2018 = EDGE_LOOP( '', ( #3645, #3646, #3647, #3648 ) );
#2019 = AXIS2_PLACEMENT_3D( '', #3649, #3650, #3651 );
#2020 = SURFACE_SIDE_STYLE( '', ( #3652 ) );
#2021 = EDGE_LOOP( '', ( #3653, #3654, #3655, #3656 ) );
#2022 = AXIS2_PLACEMENT_3D( '', #3657, #3658, #3659 );
#2023 = SURFACE_SIDE_STYLE( '', ( #3660 ) );
#2024 = EDGE_LOOP( '', ( #3661, #3662, #3663, #3664 ) );
#2025 = AXIS2_PLACEMENT_3D( '', #3665, #3666, #3667 );
#2026 = SURFACE_SIDE_STYLE( '', ( #3668 ) );
#2027 = EDGE_LOOP( '', ( #3669, #3670, #3671, #3672, #3673, #3674, #3675, #3676, #3677, #3678, #3679, #3680, #3681 ) );
#2028 = AXIS2_PLACEMENT_3D( '', #3682, #3683, #3684 );
#2029 = SURFACE_SIDE_STYLE( '', ( #3685 ) );
#2030 = EDGE_LOOP( '', ( #3686, #3687, #3688, #3689 ) );
#2031 = AXIS2_PLACEMENT_3D( '', #3690, #3691, #3692 );
#2032 = SURFACE_SIDE_STYLE( '', ( #3693 ) );
#2033 = EDGE_LOOP( '', ( #3694, #3695, #3696, #3697 ) );
#2034 = AXIS2_PLACEMENT_3D( '', #3698, #3699, #3700 );
#2035 = SURFACE_SIDE_STYLE( '', ( #3701 ) );
#2036 = EDGE_LOOP( '', ( #3702, #3703, #3704, #3705 ) );
#2037 = AXIS2_PLACEMENT_3D( '', #3706, #3707, #3708 );
#2038 = SURFACE_SIDE_STYLE( '', ( #3709 ) );
#2039 = EDGE_LOOP( '', ( #3710, #3711, #3712, #3713 ) );
#2040 = AXIS2_PLACEMENT_3D( '', #3714, #3715, #3716 );
#2041 = SURFACE_SIDE_STYLE( '', ( #3717 ) );
#2042 = EDGE_LOOP( '', ( #3718, #3719, #3720, #3721, #3722, #3723, #3724, #3725, #3726, #3727, #3728, #3729 ) );
#2043 = AXIS2_PLACEMENT_3D( '', #3730, #3731, #3732 );
#2044 = SURFACE_SIDE_STYLE( '', ( #3733 ) );
#2045 = EDGE_LOOP( '', ( #3734, #3735, #3736, #3737, #3738, #3739, #3740, #3741, #3742, #3743, #3744, #3745 ) );
#2046 = EDGE_LOOP( '', ( #3746 ) );
#2047 = AXIS2_PLACEMENT_3D( '', #3747, #3748, #3749 );
#2048 = SURFACE_SIDE_STYLE( '', ( #3750 ) );
#2049 = EDGE_LOOP( '', ( #3751, #3752, #3753, #3754, #3755, #3756, #3757, #3758 ) );
#2050 = EDGE_LOOP( '', ( #3759 ) );
#2051 = AXIS2_PLACEMENT_3D( '', #3760, #3761, #3762 );
#2052 = SURFACE_SIDE_STYLE( '', ( #3763 ) );
#2053 = EDGE_LOOP( '', ( #3764 ) );
#2054 = EDGE_LOOP( '', ( #3765 ) );
#2055 = AXIS2_PLACEMENT_3D( '', #3766, #3767, #3768 );
#2056 = SURFACE_SIDE_STYLE( '', ( #3769 ) );
#2057 = EDGE_LOOP( '', ( #3770, #3771, #3772, #3773 ) );
#2058 = AXIS2_PLACEMENT_3D( '', #3774, #3775, #3776 );
#2059 = SURFACE_SIDE_STYLE( '', ( #3777 ) );
#2060 = EDGE_LOOP( '', ( #3778 ) );
#2061 = EDGE_LOOP( '', ( #3779 ) );
#2062 = AXIS2_PLACEMENT_3D( '', #3780, #3781, #3782 );
#2063 = SURFACE_SIDE_STYLE( '', ( #3783 ) );
#2064 = EDGE_LOOP( '', ( #3784, #3785, #3786, #3787 ) );
#2065 = AXIS2_PLACEMENT_3D( '', #3788, #3789, #3790 );
#2066 = SURFACE_SIDE_STYLE( '', ( #3791 ) );
#2067 = EDGE_LOOP( '', ( #3792 ) );
#2068 = EDGE_LOOP( '', ( #3793 ) );
#2069 = AXIS2_PLACEMENT_3D( '', #3794, #3795, #3796 );
#2070 = SURFACE_SIDE_STYLE( '', ( #3797 ) );
#2071 = EDGE_LOOP( '', ( #3798, #3799, #3800, #3801 ) );
#2072 = AXIS2_PLACEMENT_3D( '', #3802, #3803, #3804 );
#2073 = SURFACE_SIDE_STYLE( '', ( #3805 ) );
#2074 = EDGE_LOOP( '', ( #3806, #3807, #3808, #3809 ) );
#2075 = AXIS2_PLACEMENT_3D( '', #3810, #3811, #3812 );
#2076 = SURFACE_SIDE_STYLE( '', ( #3813 ) );
#2077 = EDGE_LOOP( '', ( #3814, #3815, #3816, #3817 ) );
#2078 = AXIS2_PLACEMENT_3D( '', #3818, #3819, #3820 );
#2079 = SURFACE_SIDE_STYLE( '', ( #3821 ) );
#2080 = EDGE_LOOP( '', ( #3822, #3823, #3824, #3825 ) );
#2081 = AXIS2_PLACEMENT_3D( '', #3826, #3827, #3828 );
#2082 = SURFACE_SIDE_STYLE( '', ( #3829 ) );
#2083 = EDGE_LOOP( '', ( #3830, #3831, #3832, #3833 ) );
#2084 = AXIS2_PLACEMENT_3D( '', #3834, #3835, #3836 );
#2085 = SURFACE_SIDE_STYLE( '', ( #3837 ) );
#2086 = EDGE_LOOP( '', ( #3838, #3839, #3840, #3841 ) );
#2087 = AXIS2_PLACEMENT_3D( '', #3842, #3843, #3844 );
#2088 = SURFACE_SIDE_STYLE( '', ( #3845 ) );
#2089 = EDGE_LOOP( '', ( #3846, #3847, #3848, #3849 ) );
#2090 = AXIS2_PLACEMENT_3D( '', #3850, #3851, #3852 );
#2091 = SURFACE_SIDE_STYLE( '', ( #3853 ) );
#2092 = EDGE_LOOP( '', ( #3854, #3855, #3856, #3857 ) );
#2093 = AXIS2_PLACEMENT_3D( '', #3858, #3859, #3860 );
#2094 = SURFACE_SIDE_STYLE( '', ( #3861 ) );
#2095 = EDGE_LOOP( '', ( #3862, #3863, #3864, #3865 ) );
#2096 = AXIS2_PLACEMENT_3D( '', #3866, #3867, #3868 );
#2097 = SURFACE_SIDE_STYLE( '', ( #3869 ) );
#2098 = EDGE_LOOP( '', ( #3870, #3871, #3872, #3873 ) );
#2099 = AXIS2_PLACEMENT_3D( '', #3874, #3875, #3876 );
#2100 = SURFACE_SIDE_STYLE( '', ( #3877 ) );
#2101 = EDGE_LOOP( '', ( #3878 ) );
#2102 = EDGE_LOOP( '', ( #3879 ) );
#2103 = AXIS2_PLACEMENT_3D( '', #3880, #3881, #3882 );
#2104 = SURFACE_SIDE_STYLE( '', ( #3883 ) );
#2105 = EDGE_LOOP( '', ( #3884 ) );
#2106 = AXIS2_PLACEMENT_3D( '', #3885, #3886, #3887 );
#2107 = SURFACE_SIDE_STYLE( '', ( #3888 ) );
#2108 = EDGE_LOOP( '', ( #3889, #3890, #3891, #3892 ) );
#2109 = AXIS2_PLACEMENT_3D( '', #3893, #3894, #3895 );
#2110 = SURFACE_SIDE_STYLE( '', ( #3896 ) );
#2111 = EDGE_LOOP( '', ( #3897, #3898, #3899, #3900 ) );
#2112 = AXIS2_PLACEMENT_3D( '', #3901, #3902, #3903 );
#2113 = SURFACE_SIDE_STYLE( '', ( #3904 ) );
#2114 = EDGE_LOOP( '', ( #3905, #3906, #3907, #3908 ) );
#2115 = AXIS2_PLACEMENT_3D( '', #3909, #3910, #3911 );
#2116 = SURFACE_SIDE_STYLE( '', ( #3912 ) );
#2117 = EDGE_LOOP( '', ( #3913, #3914, #3915, #3916, #3917, #3918, #3919, #3920, #3921, #3922, #3923, #3924 ) );
#2118 = AXIS2_PLACEMENT_3D( '', #3925, #3926, #3927 );
#2119 = SURFACE_SIDE_STYLE( '', ( #3928 ) );
#2120 = EDGE_LOOP( '', ( #3929, #3930, #3931, #3932, #3933 ) );
#2121 = AXIS2_PLACEMENT_3D( '', #3934, #3935, #3936 );
#2122 = SURFACE_SIDE_STYLE( '', ( #3937 ) );
#2123 = EDGE_LOOP( '', ( #3938, #3939, #3940, #3941 ) );
#2124 = AXIS2_PLACEMENT_3D( '', #3942, #3943, #3944 );
#2125 = SURFACE_SIDE_STYLE( '', ( #3945 ) );
#2126 = EDGE_LOOP( '', ( #3946, #3947, #3948, #3949 ) );
#2127 = AXIS2_PLACEMENT_3D( '', #3950, #3951, #3952 );
#2128 = SURFACE_SIDE_STYLE( '', ( #3953 ) );
#2129 = EDGE_LOOP( '', ( #3954 ) );
#2130 = AXIS2_PLACEMENT_3D( '', #3955, #3956, #3957 );
#2131 = SURFACE_SIDE_STYLE( '', ( #3958 ) );
#2132 = EDGE_LOOP( '', ( #3959, #3960, #3961, #3962 ) );
#2133 = AXIS2_PLACEMENT_3D( '', #3963, #3964, #3965 );
#2134 = SURFACE_SIDE_STYLE( '', ( #3966 ) );
#2135 = EDGE_LOOP( '', ( #3967, #3968, #3969, #3970 ) );
#2136 = AXIS2_PLACEMENT_3D( '', #3971, #3972, #3973 );
#2137 = SURFACE_SIDE_STYLE( '', ( #3974 ) );
#2138 = EDGE_LOOP( '', ( #3975, #3976, #3977, #3978, #3979, #3980, #3981, #3982, #3983, #3984, #3985, #3986, #3987, #3988, #3989, #3990, #3991, #3992, #3993, #3994, #3995, #3996, #3997, #3998, #3999, #4000, #4001, #4002, #4003, #4004, #4005, #4006, #4007, #4008, #4009, #4010, #4011, #4012, #4013, #4014, #4015, #4016, #4017, #4018 ) );
#2139 = AXIS2_PLACEMENT_3D( '', #4019, #4020, #4021 );
#2140 = SURFACE_SIDE_STYLE( '', ( #4022 ) );
#2141 = EDGE_LOOP( '', ( #4023, #4024, #4025, #4026 ) );
#2142 = EDGE_LOOP( '', ( #4027 ) );
#2143 = AXIS2_PLACEMENT_3D( '', #4028, #4029, #4030 );
#2144 = SURFACE_SIDE_STYLE( '', ( #4031 ) );
#2145 = EDGE_LOOP( '', ( #4032 ) );
#2146 = EDGE_LOOP( '', ( #4033 ) );
#2147 = AXIS2_PLACEMENT_3D( '', #4034, #4035, #4036 );
#2148 = SURFACE_SIDE_STYLE( '', ( #4037 ) );
#2149 = EDGE_LOOP( '', ( #4038, #4039, #4040, #4041 ) );
#2150 = AXIS2_PLACEMENT_3D( '', #4042, #4043, #4044 );
#2151 = SURFACE_SIDE_STYLE( '', ( #4045 ) );
#2152 = EDGE_LOOP( '', ( #4046, #4047, #4048, #4049 ) );
#2153 = AXIS2_PLACEMENT_3D( '', #4050, #4051, #4052 );
#2154 = SURFACE_SIDE_STYLE( '', ( #4053 ) );
#2155 = EDGE_LOOP( '', ( #4054, #4055, #4056, #4057 ) );
#2156 = AXIS2_PLACEMENT_3D( '', #4058, #4059, #4060 );
#2157 = SURFACE_SIDE_STYLE( '', ( #4061 ) );
#2158 = EDGE_LOOP( '', ( #4062 ) );
#2159 = EDGE_LOOP( '', ( #4063 ) );
#2160 = AXIS2_PLACEMENT_3D( '', #4064, #4065, #4066 );
#2161 = SURFACE_SIDE_STYLE( '', ( #4067 ) );
#2162 = EDGE_LOOP( '', ( #4068, #4069, #4070, #4071 ) );
#2163 = AXIS2_PLACEMENT_3D( '', #4072, #4073, #4074 );
#2164 = SURFACE_SIDE_STYLE( '', ( #4075 ) );
#2165 = EDGE_LOOP( '', ( #4076, #4077, #4078, #4079, #4080, #4081, #4082, #4083, #4084, #4085, #4086, #4087, #4088 ) );
#2166 = AXIS2_PLACEMENT_3D( '', #4089, #4090, #4091 );
#2167 = SURFACE_SIDE_STYLE( '', ( #4092 ) );
#2168 = EDGE_LOOP( '', ( #4093, #4094, #4095, #4096 ) );
#2169 = AXIS2_PLACEMENT_3D( '', #4097, #4098, #4099 );
#2170 = SURFACE_SIDE_STYLE( '', ( #4100 ) );
#2171 = EDGE_LOOP( '', ( #4101 ) );
#2172 = EDGE_LOOP( '', ( #4102 ) );
#2173 = AXIS2_PLACEMENT_3D( '', #4103, #4104, #4105 );
#2174 = SURFACE_SIDE_STYLE( '', ( #4106 ) );
#2175 = EDGE_LOOP( '', ( #4107 ) );
#2176 = EDGE_LOOP( '', ( #4108 ) );
#2177 = AXIS2_PLACEMENT_3D( '', #4109, #4110, #4111 );
#2178 = SURFACE_SIDE_STYLE( '', ( #4112 ) );
#2179 = EDGE_LOOP( '', ( #4113, #4114, #4115, #4116 ) );
#2180 = AXIS2_PLACEMENT_3D( '', #4117, #4118, #4119 );
#2181 = SURFACE_SIDE_STYLE( '', ( #4120 ) );
#2182 = EDGE_LOOP( '', ( #4121, #4122, #4123, #4124 ) );
#2183 = AXIS2_PLACEMENT_3D( '', #4125, #4126, #4127 );
#2184 = SURFACE_SIDE_STYLE( '', ( #4128 ) );
#2185 = EDGE_LOOP( '', ( #4129 ) );
#2186 = AXIS2_PLACEMENT_3D( '', #4130, #4131, #4132 );
#2187 = SURFACE_SIDE_STYLE( '', ( #4133 ) );
#2188 = EDGE_LOOP( '', ( #4134, #4135, #4136, #4137 ) );
#2189 = AXIS2_PLACEMENT_3D( '', #4138, #4139, #4140 );
#2190 = SURFACE_SIDE_STYLE( '', ( #4141 ) );
#2191 = EDGE_LOOP( '', ( #4142, #4143, #4144, #4145 ) );
#2192 = AXIS2_PLACEMENT_3D( '', #4146, #4147, #4148 );
#2193 = SURFACE_SIDE_STYLE( '', ( #4149 ) );
#2194 = EDGE_LOOP( '', ( #4150, #4151, #4152, #4153 ) );
#2195 = AXIS2_PLACEMENT_3D( '', #4154, #4155, #4156 );
#2196 = SURFACE_SIDE_STYLE( '', ( #4157 ) );
#2197 = EDGE_LOOP( '', ( #4158 ) );
#2198 = EDGE_LOOP( '', ( #4159 ) );
#2199 = EDGE_LOOP( '', ( #4160, #4161, #4162, #4163 ) );
#2200 = AXIS2_PLACEMENT_3D( '', #4164, #4165, #4166 );
#2201 = SURFACE_SIDE_STYLE( '', ( #4167 ) );
#2202 = EDGE_LOOP( '', ( #4168, #4169, #4170, #4171 ) );
#2203 = AXIS2_PLACEMENT_3D( '', #4172, #4173, #4174 );
#2204 = SURFACE_SIDE_STYLE( '', ( #4175 ) );
#2205 = EDGE_LOOP( '', ( #4176, #4177, #4178, #4179 ) );
#2206 = AXIS2_PLACEMENT_3D( '', #4180, #4181, #4182 );
#2207 = SURFACE_SIDE_STYLE( '', ( #4183 ) );
#2208 = EDGE_LOOP( '', ( #4184, #4185, #4186, #4187 ) );
#2209 = AXIS2_PLACEMENT_3D( '', #4188, #4189, #4190 );
#2210 = SURFACE_SIDE_STYLE( '', ( #4191 ) );
#2211 = EDGE_LOOP( '', ( #4192, #4193, #4194, #4195 ) );
#2212 = AXIS2_PLACEMENT_3D( '', #4196, #4197, #4198 );
#2213 = SURFACE_SIDE_STYLE( '', ( #4199 ) );
#2214 = EDGE_LOOP( '', ( #4200 ) );
#2215 = EDGE_LOOP( '', ( #4201 ) );
#2216 = AXIS2_PLACEMENT_3D( '', #4202, #4203, #4204 );
#2217 = SURFACE_SIDE_STYLE( '', ( #4205 ) );
#2218 = EDGE_LOOP( '', ( #4206, #4207, #4208, #4209 ) );
#2219 = AXIS2_PLACEMENT_3D( '', #4210, #4211, #4212 );
#2220 = SURFACE_SIDE_STYLE( '', ( #4213 ) );
#2221 = EDGE_LOOP( '', ( #4214, #4215, #4216, #4217 ) );
#2222 = AXIS2_PLACEMENT_3D( '', #4218, #4219, #4220 );
#2223 = SURFACE_SIDE_STYLE( '', ( #4221 ) );
#2224 = EDGE_LOOP( '', ( #4222, #4223, #4224, #4225 ) );
#2225 = AXIS2_PLACEMENT_3D( '', #4226, #4227, #4228 );
#2226 = SURFACE_SIDE_STYLE( '', ( #4229 ) );
#2227 = EDGE_LOOP( '', ( #4230, #4231, #4232, #4233 ) );
#2228 = AXIS2_PLACEMENT_3D( '', #4234, #4235, #4236 );
#2229 = SURFACE_SIDE_STYLE( '', ( #4237 ) );
#2230 = EDGE_LOOP( '', ( #4238, #4239, #4240, #4241 ) );
#2231 = AXIS2_PLACEMENT_3D( '', #4242, #4243, #4244 );
#2232 = SURFACE_SIDE_STYLE( '', ( #4245 ) );
#2233 = EDGE_LOOP( '', ( #4246, #4247, #4248, #4249 ) );
#2234 = AXIS2_PLACEMENT_3D( '', #4250, #4251, #4252 );
#2235 = SURFACE_SIDE_STYLE( '', ( #4253 ) );
#2236 = EDGE_LOOP( '', ( #4254, #4255, #4256, #4257 ) );
#2237 = AXIS2_PLACEMENT_3D( '', #4258, #4259, #4260 );
#2238 = SURFACE_SIDE_STYLE( '', ( #4261 ) );
#2239 = EDGE_LOOP( '', ( #4262, #4263, #4264, #4265, #4266, #4267, #4268, #4269, #4270, #4271, #4272, #4273, #4274, #4275, #4276, #4277, #4278, #4279, #4280, #4281, #4282, #4283, #4284, #4285 ) );
#2240 = AXIS2_PLACEMENT_3D( '', #4286, #4287, #4288 );
#2241 = SURFACE_SIDE_STYLE( '', ( #4289 ) );
#2242 = EDGE_LOOP( '', ( #4290 ) );
#2243 = EDGE_LOOP( '', ( #4291 ) );
#2244 = AXIS2_PLACEMENT_3D( '', #4292, #4293, #4294 );
#2245 = SURFACE_SIDE_STYLE( '', ( #4295 ) );
#2246 = EDGE_LOOP( '', ( #4296, #4297, #4298, #4299 ) );
#2247 = AXIS2_PLACEMENT_3D( '', #4300, #4301, #4302 );
#2248 = SURFACE_SIDE_STYLE( '', ( #4303 ) );
#2249 = EDGE_LOOP( '', ( #4304, #4305, #4306, #4307 ) );
#2250 = AXIS2_PLACEMENT_3D( '', #4308, #4309, #4310 );
#2251 = SURFACE_SIDE_STYLE( '', ( #4311 ) );
#2252 = EDGE_LOOP( '', ( #4312, #4313, #4314, #4315 ) );
#2253 = AXIS2_PLACEMENT_3D( '', #4316, #4317, #4318 );
#2254 = SURFACE_SIDE_STYLE( '', ( #4319 ) );
#2255 = EDGE_LOOP( '', ( #4320, #4321, #4322, #4323 ) );
#2256 = AXIS2_PLACEMENT_3D( '', #4324, #4325, #4326 );
#2257 = SURFACE_SIDE_STYLE( '', ( #4327 ) );
#2258 = EDGE_LOOP( '', ( #4328, #4329, #4330, #4331 ) );
#2259 = AXIS2_PLACEMENT_3D( '', #4332, #4333, #4334 );
#2260 = SURFACE_SIDE_STYLE( '', ( #4335 ) );
#2261 = EDGE_LOOP( '', ( #4336 ) );
#2262 = EDGE_LOOP( '', ( #4337 ) );
#2263 = AXIS2_PLACEMENT_3D( '', #4338, #4339, #4340 );
#2264 = SURFACE_SIDE_STYLE( '', ( #4341 ) );
#2265 = EDGE_LOOP( '', ( #4342, #4343, #4344, #4345 ) );
#2266 = AXIS2_PLACEMENT_3D( '', #4346, #4347, #4348 );
#2267 = SURFACE_SIDE_STYLE( '', ( #4349 ) );
#2268 = EDGE_LOOP( '', ( #4350, #4351, #4352, #4353, #4354, #4355, #4356, #4357, #4358, #4359, #4360, #4361 ) );
#2269 = AXIS2_PLACEMENT_3D( '', #4362, #4363, #4364 );
#2270 = SURFACE_SIDE_STYLE( '', ( #4365 ) );
#2271 = EDGE_LOOP( '', ( #4366, #4367, #4368, #4369 ) );
#2272 = AXIS2_PLACEMENT_3D( '', #4370, #4371, #4372 );
#2274 =  ( LENGTH_UNIT(  )NAMED_UNIT( #1540 )SI_UNIT( .MILLI., .METRE. ) );
#2275 = SURFACE_STYLE_FILL_AREA( #4374 );
#2276 = ORIENTED_EDGE( '', *, *, #4375, .T. );
#2277 = ORIENTED_EDGE( '', *, *, #4376, .F. );
#2278 = ORIENTED_EDGE( '', *, *, #4377, .F. );
#2279 = ORIENTED_EDGE( '', *, *, #4378, .T. );
#2280 = CARTESIAN_POINT( '', ( -11.5000000000000, 1.20000000000000, 100.000000000000 ) );
#2281 = DIRECTION( '', ( 0.707106781186550, 0.707106781186545, -0.00000000000000 ) );
#2282 = DIRECTION( '', ( -0.707106781186545, 0.707106781186550, 0.00000000000000 ) );
#2283 = SURFACE_STYLE_FILL_AREA( #4379 );
#2284 = ORIENTED_EDGE( '', *, *, #4380, .T. );
#2285 = ORIENTED_EDGE( '', *, *, #4381, .F. );
#2286 = ORIENTED_EDGE( '', *, *, #4382, .F. );
#2287 = ORIENTED_EDGE( '', *, *, #4383, .T. );
#2288 = CARTESIAN_POINT( '', ( 8.82873590042168, 16.9440000308664, 100.000000000000 ) );
#2289 = DIRECTION( '', ( 0.00000000000000, -0.00000000000000, 1.00000000000000 ) );
#2290 = DIRECTION( '', ( -1.00000000000000, 0.00000000000000, 0.00000000000000 ) );
#2291 = SURFACE_STYLE_FILL_AREA( #4384 );
#2292 = ORIENTED_EDGE( '', *, *, #4385, .T. );
#2293 = CARTESIAN_POINT( '', ( 20.0000000000000, 18.0000000000000, 75.3500000000000 ) );
#2294 = DIRECTION( '', ( 1.00000000000000, 0.00000000000000, 0.00000000000000 ) );
#2295 = DIRECTION( '', ( 0.00000000000000, 0.00000000000000, -1.00000000000000 ) );
#2296 = SURFACE_STYLE_FILL_AREA( #4386 );
#2297 = ORIENTED_EDGE( '', *, *, #4387, .F. );
#2298 = ORIENTED_EDGE( '', *, *, #4388, .F. );
#2299 = ORIENTED_EDGE( '', *, *, #4389, .T. );
#2300 = ORIENTED_EDGE( '', *, *, #4390, .F. );
#2301 = CARTESIAN_POINT( '', ( 6.13333333333333, 25.7000000000000, 82.6000000000000 ) );
#2302 = DIRECTION( '', ( -0.00000000000000, -0.00000000000000, -1.00000000000000 ) );
#2303 = DIRECTION( '', ( 1.00000000000000, 0.00000000000000, -0.00000000000000 ) );
#2304 = SURFACE_STYLE_FILL_AREA( #4391 );
#2305 = ORIENTED_EDGE( '', *, *, #4392, .T. );
#2306 = ORIENTED_EDGE( '', *, *, #4393, .F. );
#2307 = ORIENTED_EDGE( '', *, *, #4394, .F. );
#2308 = ORIENTED_EDGE( '', *, *, #4395, .T. );
#2309 = CARTESIAN_POINT( '', ( 7.98989321881416, 17.5000000000001, 100.000000000000 ) );
#2310 = DIRECTION( '', ( 0.00000000000000, -0.00000000000000, 1.00000000000000 ) );
#2311 = DIRECTION( '', ( -1.00000000000000, 0.00000000000000, 0.00000000000000 ) );
#2312 = SURFACE_STYLE_FILL_AREA( #4396 );
#2313 = ORIENTED_EDGE( '', *, *, #4397, .F. );
#2314 = ORIENTED_EDGE( '', *, *, #4398, .F. );
#2315 = ORIENTED_EDGE( '', *, *, #4399, .F. );
#2316 = ORIENTED_EDGE( '', *, *, #4400, .F. );
#2317 = CARTESIAN_POINT( '', ( 23.2000000000000, 26.0000000000000, 82.6000000000000 ) );
#2318 = DIRECTION( '', ( -0.707106781186548, -0.707106781186548, -0.00000000000000 ) );
#2319 = DIRECTION( '', ( 0.00000000000000, 0.00000000000000, -1.00000000000000 ) );
#2320 = SURFACE_STYLE_FILL_AREA( #4401 );
#2321 = ORIENTED_EDGE( '', *, *, #4402, .F. );
#2322 = ORIENTED_EDGE( '', *, *, #4403, .T. );
#2323 = ORIENTED_EDGE( '', *, *, #4404, .T. );
#2324 = ORIENTED_EDGE( '', *, *, #4405, .F. );
#2325 = CARTESIAN_POINT( '', ( 9.30000000000000, 0.615213620020643, 82.6000000000000 ) );
#2326 = DIRECTION( '', ( 0.00000000000000, -0.00000000000000, 1.00000000000000 ) );
#2327 = DIRECTION( '', ( -1.00000000000000, 0.00000000000000, 0.00000000000000 ) );
#2328 = SURFACE_STYLE_FILL_AREA( #4406 );
#2329 = ORIENTED_EDGE( '', *, *, #4407, .F. );
#2330 = ORIENTED_EDGE( '', *, *, #4408, .F. );
#2331 = ORIENTED_EDGE( '', *, *, #4409, .T. );
#2332 = ORIENTED_EDGE( '', *, *, #4410, .T. );
#2333 = CARTESIAN_POINT( '', ( 4.37500000000000, 24.0000000000000, 2.00000000000000 ) );
#2334 = DIRECTION( '', ( 0.00000000000000, 1.00000000000000, 0.00000000000000 ) );
#2335 = DIRECTION( '', ( 0.00000000000000, -0.00000000000000, 1.00000000000000 ) );
#2336 = SURFACE_STYLE_FILL_AREA( #4411 );
#2337 = ORIENTED_EDGE( '', *, *, #4412, .F. );
#2338 = ORIENTED_EDGE( '', *, *, #4413, .F. );
#2339 = ORIENTED_EDGE( '', *, *, #4414, .T. );
#2340 = ORIENTED_EDGE( '', *, *, #4415, .T. );
#2341 = CARTESIAN_POINT( '', ( -9.30000000000000, 8.61521362002065, 100.000000000000 ) );
#2342 = DIRECTION( '', ( 0.00000000000000, -0.00000000000000, 1.00000000000000 ) );
#2343 = DIRECTION( '', ( -1.00000000000000, 0.00000000000000, 0.00000000000000 ) );
#2344 = SURFACE_STYLE_FILL_AREA( #4416 );
#2345 = ORIENTED_EDGE( '', *, *, #4417, .F. );
#2346 = ORIENTED_EDGE( '', *, *, #4418, .F. );
#2347 = ORIENTED_EDGE( '', *, *, #4419, .T. );
#2348 = ORIENTED_EDGE( '', *, *, #4420, .T. );
#2349 = CARTESIAN_POINT( '', ( -21.0606601717798, 12.7071067811865, 83.6000000000000 ) );
#2350 = DIRECTION( '', ( 0.707106781186547, 0.707106781186548, -0.00000000000000 ) );
#2351 = DIRECTION( '', ( -0.707106781186548, 0.707106781186547, 0.00000000000000 ) );
#2352 = SURFACE_STYLE_FILL_AREA( #4421 );
#2353 = ORIENTED_EDGE( '', *, *, #4422, .F. );
#2354 = ORIENTED_EDGE( '', *, *, #4423, .F. );
#2355 = ORIENTED_EDGE( '', *, *, #4424, .T. );
#2356 = ORIENTED_EDGE( '', *, *, #4425, .T. );
#2357 = CARTESIAN_POINT( '', ( -4.33680868994202E-16, 18.0000000000000, 2.00000000000000 ) );
#2358 = DIRECTION( '', ( 0.00000000000000, -0.00000000000000, 1.00000000000000 ) );
#2359 = DIRECTION( '', ( -1.00000000000000, 0.00000000000000, 0.00000000000000 ) );
#2360 = SURFACE_STYLE_FILL_AREA( #4426 );
#2361 = ORIENTED_EDGE( '', *, *, #4427, .F. );
#2362 = CARTESIAN_POINT( '', ( 0.00000000000000, 25.0000000000000, 4.15000000000000 ) );
#2363 = DIRECTION( '', ( 0.00000000000000, 1.00000000000000, 0.00000000000000 ) );
#2364 = DIRECTION( '', ( 0.00000000000000, -0.00000000000000, 1.00000000000000 ) );
#2365 = SURFACE_STYLE_FILL_AREA( #4428 );
#2366 = ORIENTED_EDGE( '', *, *, #4429, .T. );
#2367 = ORIENTED_EDGE( '', *, *, #4430, .F. );
#2368 = ORIENTED_EDGE( '', *, *, #4431, .F. );
#2369 = ORIENTED_EDGE( '', *, *, #4432, .T. );
#2370 = CARTESIAN_POINT( '', ( 4.37500000000000, 24.0000000000000, 80.6000000000000 ) );
#2371 = DIRECTION( '', ( 0.00000000000000, -1.00000000000000, 0.00000000000000 ) );
#2372 = DIRECTION( '', ( 0.00000000000000, 0.00000000000000, -1.00000000000000 ) );
#2373 = SURFACE_STYLE_FILL_AREA( #4433 );
#2374 = ORIENTED_EDGE( '', *, *, #4434, .F. );
#2375 = ORIENTED_EDGE( '', *, *, #4435, .F. );
#2376 = ORIENTED_EDGE( '', *, *, #4436, .T. );
#2377 = ORIENTED_EDGE( '', *, *, #4437, .F. );
#2378 = CARTESIAN_POINT( '', ( -6.13333333333334, 25.7000000000000, 82.6000000000000 ) );
#2379 = DIRECTION( '', ( -0.00000000000000, -0.00000000000000, -1.00000000000000 ) );
#2380 = DIRECTION( '', ( 1.00000000000000, 0.00000000000000, -0.00000000000000 ) );
#2381 = SURFACE_STYLE_FILL_AREA( #4438 );
#2382 = ORIENTED_EDGE( '', *, *, #4439, .T. );
#2383 = ORIENTED_EDGE( '', *, *, #4440, .F. );
#2384 = ORIENTED_EDGE( '', *, *, #4441, .F. );
#2385 = ORIENTED_EDGE( '', *, *, #4442, .T. );
#2386 = CARTESIAN_POINT( '', ( 22.0000000000000, 0.565685424949237, 80.6000000000000 ) );
#2387 = DIRECTION( '', ( -0.707106781186549, 0.707106781186546, 0.00000000000000 ) );
#2388 = DIRECTION( '', ( -0.707106781186546, -0.707106781186549, 0.00000000000000 ) );
#2389 = SURFACE_STYLE_FILL_AREA( #4443 );
#2390 = ORIENTED_EDGE( '', *, *, #4444, .F. );
#2391 = ORIENTED_EDGE( '', *, *, #4445, .T. );
#2392 = CARTESIAN_POINT( '', ( -20.0000000000000, 18.0000000000000, 75.3500000000000 ) );
#2393 = DIRECTION( '', ( 1.00000000000000, -0.00000000000000, -0.00000000000000 ) );
#2394 = DIRECTION( '', ( 0.00000000000000, 0.00000000000000, 1.00000000000000 ) );
#2395 = SURFACE_STYLE_FILL_AREA( #4446 );
#2396 = ORIENTED_EDGE( '', *, *, #4447, .F. );
#2397 = ORIENTED_EDGE( '', *, *, #4448, .F. );
#2398 = ORIENTED_EDGE( '', *, *, #4449, .T. );
#2399 = ORIENTED_EDGE( '', *, *, #4450, .F. );
#2400 = CARTESIAN_POINT( '', ( -2.50000000000000, 0.500000000000000, 100.000000000000 ) );
#2401 = DIRECTION( '', ( 0.00000000000000, 1.00000000000000, 0.00000000000000 ) );
#2402 = DIRECTION( '', ( 0.00000000000000, -0.00000000000000, 1.00000000000000 ) );
#2403 = SURFACE_STYLE_FILL_AREA( #4451 );
#2404 = ORIENTED_EDGE( '', *, *, #4452, .F. );
#2405 = ORIENTED_EDGE( '', *, *, #4453, .F. );
#2406 = ORIENTED_EDGE( '', *, *, #4454, .T. );
#2407 = ORIENTED_EDGE( '', *, *, #4455, .T. );
#2408 = CARTESIAN_POINT( '', ( -22.5000000000000, 23.7000000000000, 11.8000000000000 ) );
#2409 = DIRECTION( '', ( -0.707106781186549, 0.707106781186546, 0.00000000000000 ) );
#2410 = DIRECTION( '', ( -0.707106781186546, -0.707106781186549, 0.00000000000000 ) );
#2411 = SURFACE_STYLE_FILL_AREA( #4456 );
#2412 = ORIENTED_EDGE( '', *, *, #4457, .F. );
#2413 = ORIENTED_EDGE( '', *, *, #4458, .F. );
#2414 = ORIENTED_EDGE( '', *, *, #4459, .T. );
#2415 = ORIENTED_EDGE( '', *, *, #4460, .T. );
#2416 = CARTESIAN_POINT( '', ( 21.9343145750508, 24.5000000000000, 11.8000000000000 ) );
#2417 = DIRECTION( '', ( 0.707106781186550, 0.707106781186545, -0.00000000000000 ) );
#2418 = DIRECTION( '', ( -0.707106781186545, 0.707106781186550, 0.00000000000000 ) );
#2419 = SURFACE_STYLE_FILL_AREA( #4461 );
#2420 = ORIENTED_EDGE( '', *, *, #4462, .F. );
#2421 = ORIENTED_EDGE( '', *, *, #4463, .F. );
#2422 = ORIENTED_EDGE( '', *, *, #4464, .T. );
#2423 = ORIENTED_EDGE( '', *, *, #4465, .T. );
#2424 = CARTESIAN_POINT( '', ( 22.0000000000000, 0.565685424949237, 2.00000000000000 ) );
#2425 = DIRECTION( '', ( 0.707106781186549, -0.707106781186546, 0.00000000000000 ) );
#2426 = DIRECTION( '', ( 0.707106781186546, 0.707106781186549, 0.00000000000000 ) );
#2427 = SURFACE_STYLE_FILL_AREA( #4466 );
#2428 = ORIENTED_EDGE( '', *, *, #4467, .T. );
#2429 = ORIENTED_EDGE( '', *, *, #4468, .T. );
#2430 = ORIENTED_EDGE( '', *, *, #4400, .T. );
#2431 = ORIENTED_EDGE( '', *, *, #4469, .F. );
#2432 = CARTESIAN_POINT( '', ( 24.0000000000000, 0.00000000000000, 82.6000000000000 ) );
#2433 = DIRECTION( '', ( -1.00000000000000, 0.00000000000000, 0.00000000000000 ) );
#2434 = DIRECTION( '', ( 0.00000000000000, 0.00000000000000, 1.00000000000000 ) );
#2435 = SURFACE_STYLE_FILL_AREA( #4470 );
#2436 = ORIENTED_EDGE( '', *, *, #4471, .T. );
#2437 = ORIENTED_EDGE( '', *, *, #4472, .T. );
#2438 = ORIENTED_EDGE( '', *, *, #4473, .T. );
#2439 = ORIENTED_EDGE( '', *, *, #4474, .T. );
#2440 = ORIENTED_EDGE( '', *, *, #4475, .T. );
#2441 = ORIENTED_EDGE( '', *, *, #4476, .T. );
#2442 = ORIENTED_EDGE( '', *, *, #4477, .T. );
#2443 = ORIENTED_EDGE( '', *, *, #4478, .F. );
#2444 = ORIENTED_EDGE( '', *, *, #4479, .T. );
#2445 = ORIENTED_EDGE( '', *, *, #4480, .F. );
#2446 = ORIENTED_EDGE( '', *, *, #4481, .T. );
#2447 = ORIENTED_EDGE( '', *, *, #4482, .F. );
#2448 = ORIENTED_EDGE( '', *, *, #4483, .F. );
#2449 = ORIENTED_EDGE( '', *, *, #4484, .T. );
#2450 = CARTESIAN_POINT( '', ( -5.83333333333334, 25.5000000000000, 82.6000000000000 ) );
#2451 = DIRECTION( '', ( 0.00000000000000, 1.00000000000000, 0.00000000000000 ) );
#2452 = DIRECTION( '', ( 0.00000000000000, -0.00000000000000, 1.00000000000000 ) );
#2453 = SURFACE_STYLE_FILL_AREA( #4485 );
#2454 = ORIENTED_EDGE( '', *, *, #4444, .T. );
#2455 = ORIENTED_EDGE( '', *, *, #4486, .T. );
#2456 = ORIENTED_EDGE( '', *, *, #4487, .T. );
#2457 = ORIENTED_EDGE( '', *, *, #4488, .T. );
#2458 = ORIENTED_EDGE( '', *, *, #4489, .F. );
#2459 = CARTESIAN_POINT( '', ( -22.5000000000000, 0.00000000000000, 82.6000000000000 ) );
#2460 = DIRECTION( '', ( -1.00000000000000, 0.00000000000000, 0.00000000000000 ) );
#2461 = DIRECTION( '', ( 0.00000000000000, 0.00000000000000, 1.00000000000000 ) );
#2462 = SURFACE_STYLE_FILL_AREA( #4490 );
#2463 = ORIENTED_EDGE( '', *, *, #4491, .T. );
#2464 = ORIENTED_EDGE( '', *, *, #4492, .F. );
#2465 = CARTESIAN_POINT( '', ( 17.5000000000000, 17.0000000000000, 58.8000000000000 ) );
#2466 = DIRECTION( '', ( -0.00000000000000, 1.00000000000000, -0.00000000000000 ) );
#2467 = DIRECTION( '', ( 0.00000000000000, 0.00000000000000, 1.00000000000000 ) );
#2468 = SURFACE_STYLE_FILL_AREA( #4493 );
#2469 = ORIENTED_EDGE( '', *, *, #4494, .F. );
#2470 = ORIENTED_EDGE( '', *, *, #4495, .F. );
#2471 = ORIENTED_EDGE( '', *, *, #4496, .T. );
#2472 = ORIENTED_EDGE( '', *, *, #4497, .T. );
#2473 = CARTESIAN_POINT( '', ( -18.9393398282202, 12.7071067811865, 83.6000000000000 ) );
#2474 = DIRECTION( '', ( -0.707106781186563, -0.707106781186532, 0.00000000000000 ) );
#2475 = DIRECTION( '', ( 0.707106781186532, -0.707106781186563, 0.00000000000000 ) );
#2476 = SURFACE_STYLE_FILL_AREA( #4498 );
#2477 = ORIENTED_EDGE( '', *, *, #4499, .F. );
#2478 = ORIENTED_EDGE( '', *, *, #4500, .F. );
#2479 = ORIENTED_EDGE( '', *, *, #4501, .T. );
#2480 = ORIENTED_EDGE( '', *, *, #4502, .T. );
#2481 = CARTESIAN_POINT( '', ( 7.98989321881415, 9.50000000000004, 82.6000000000000 ) );
#2482 = DIRECTION( '', ( 0.00000000000000, -0.00000000000000, 1.00000000000000 ) );
#2483 = DIRECTION( '', ( -1.00000000000000, 0.00000000000000, 0.00000000000000 ) );
#2484 = SURFACE_STYLE_FILL_AREA( #4503 );
#2485 = ORIENTED_EDGE( '', *, *, #4504, .F. );
#2486 = ORIENTED_EDGE( '', *, *, #4505, .T. );
#2487 = ORIENTED_EDGE( '', *, *, #4506, .T. );
#2488 = ORIENTED_EDGE( '', *, *, #4507, .F. );
#2489 = CARTESIAN_POINT( '', ( -21.7000000000000, 24.5000000000000, 82.6000000000000 ) );
#2490 = DIRECTION( '', ( 0.00000000000000, 1.00000000000000, 0.00000000000000 ) );
#2491 = DIRECTION( '', ( 0.00000000000000, -0.00000000000000, 1.00000000000000 ) );
#2492 = SURFACE_STYLE_FILL_AREA( #4508 );
#2493 = ORIENTED_EDGE( '', *, *, #4509, .F. );
#2494 = ORIENTED_EDGE( '', *, *, #4510, .F. );
#2495 = ORIENTED_EDGE( '', *, *, #4511, .T. );
#2496 = ORIENTED_EDGE( '', *, *, #4512, .T. );
#2497 = CARTESIAN_POINT( '', ( -8.34244688054409, 9.85355311945590, 82.6000000000000 ) );
#2498 = DIRECTION( '', ( 0.707106781186544, -0.707106781186551, 0.00000000000000 ) );
#2499 = DIRECTION( '', ( 0.707106781186551, 0.707106781186544, 0.00000000000000 ) );
#2500 = SURFACE_STYLE_FILL_AREA( #4513 );
#2501 = ORIENTED_EDGE( '', *, *, #4514, .F. );
#2502 = ORIENTED_EDGE( '', *, *, #4515, .F. );
#2503 = ORIENTED_EDGE( '', *, *, #4516, .F. );
#2504 = ORIENTED_EDGE( '', *, *, #4517, .T. );
#2505 = ORIENTED_EDGE( '', *, *, #4518, .F. );
#2506 = ORIENTED_EDGE( '', *, *, #4519, .F. );
#2507 = ORIENTED_EDGE( '', *, *, #4520, .T. );
#2508 = ORIENTED_EDGE( '', *, *, #4521, .F. );
#2509 = ORIENTED_EDGE( '', *, *, #4522, .F. );
#2510 = ORIENTED_EDGE( '', *, *, #4523, .F. );
#2511 = ORIENTED_EDGE( '', *, *, #4524, .T. );
#2512 = ORIENTED_EDGE( '', *, *, #4525, .F. );
#2513 = ORIENTED_EDGE( '', *, *, #4511, .F. );
#2514 = ORIENTED_EDGE( '', *, *, #4526, .F. );
#2515 = ORIENTED_EDGE( '', *, *, #4527, .F. );
#2516 = ORIENTED_EDGE( '', *, *, #4501, .F. );
#2517 = ORIENTED_EDGE( '', *, *, #4528, .F. );
#2518 = ORIENTED_EDGE( '', *, *, #4529, .F. );
#2519 = ORIENTED_EDGE( '', *, *, #4530, .T. );
#2520 = ORIENTED_EDGE( '', *, *, #4531, .F. );
#2521 = ORIENTED_EDGE( '', *, *, #4532, .F. );
#2522 = ORIENTED_EDGE( '', *, *, #4533, .F. );
#2523 = ORIENTED_EDGE( '', *, *, #4534, .T. );
#2524 = ORIENTED_EDGE( '', *, *, #4535, .F. );
#2525 = ORIENTED_EDGE( '', *, *, #4536, .F. );
#2526 = ORIENTED_EDGE( '', *, *, #4537, .T. );
#2527 = ORIENTED_EDGE( '', *, *, #4538, .F. );
#2528 = ORIENTED_EDGE( '', *, *, #4402, .T. );
#2529 = ORIENTED_EDGE( '', *, *, #4539, .T. );
#2530 = ORIENTED_EDGE( '', *, *, #4439, .F. );
#2531 = ORIENTED_EDGE( '', *, *, #4540, .F. );
#2532 = ORIENTED_EDGE( '', *, *, #4541, .F. );
#2533 = ORIENTED_EDGE( '', *, *, #4429, .F. );
#2534 = ORIENTED_EDGE( '', *, *, #4542, .F. );
#2535 = ORIENTED_EDGE( '', *, *, #4543, .F. );
#2536 = ORIENTED_EDGE( '', *, *, #4544, .F. );
#2537 = ORIENTED_EDGE( '', *, *, #4545, .F. );
#2538 = ORIENTED_EDGE( '', *, *, #4546, .F. );
#2539 = ORIENTED_EDGE( '', *, *, #4547, .F. );
#2540 = ORIENTED_EDGE( '', *, *, #4548, .F. );
#2541 = ORIENTED_EDGE( '', *, *, #4549, .F. );
#2542 = ORIENTED_EDGE( '', *, *, #4550, .F. );
#2543 = ORIENTED_EDGE( '', *, *, #4551, .T. );
#2544 = CARTESIAN_POINT( '', ( 0.00000000000000, 0.00000000000000, 82.6000000000000 ) );
#2545 = DIRECTION( '', ( 0.00000000000000, 0.00000000000000, 1.00000000000000 ) );
#2546 = DIRECTION( '', ( 1.00000000000000, 0.00000000000000, -0.00000000000000 ) );
#2547 = SURFACE_STYLE_FILL_AREA( #4552 );
#2548 = ORIENTED_EDGE( '', *, *, #4553, .F. );
#2549 = CARTESIAN_POINT( '', ( -20.0000000000000, 18.0000000000000, 7.25000000000000 ) );
#2550 = DIRECTION( '', ( 1.00000000000000, 0.00000000000000, 0.00000000000000 ) );
#2551 = DIRECTION( '', ( 0.00000000000000, 0.00000000000000, -1.00000000000000 ) );
#2552 = SURFACE_STYLE_FILL_AREA( #4554 );
#2553 = ORIENTED_EDGE( '', *, *, #4555, .F. );
#2554 = ORIENTED_EDGE( '', *, *, #4556, .F. );
#2555 = ORIENTED_EDGE( '', *, *, #4557, .T. );
#2556 = ORIENTED_EDGE( '', *, *, #4558, .T. );
#2557 = CARTESIAN_POINT( '', ( -20.7071067811865, 10.9393398282202, 83.6000000000000 ) );
#2558 = DIRECTION( '', ( -0.707106781186548, 0.707106781186547, 0.00000000000000 ) );
#2559 = DIRECTION( '', ( -0.707106781186547, -0.707106781186548, 0.00000000000000 ) );
#2560 = SURFACE_STYLE_FILL_AREA( #4559 );
#2561 = ORIENTED_EDGE( '', *, *, #4560, .F. );
#2562 = ORIENTED_EDGE( '', *, *, #4561, .T. );
#2563 = ORIENTED_EDGE( '', *, *, #4398, .T. );
#2564 = ORIENTED_EDGE( '', *, *, #4562, .T. );
#2565 = ORIENTED_EDGE( '', *, *, #4390, .T. );
#2566 = ORIENTED_EDGE( '', *, *, #4563, .F. );
#2567 = CARTESIAN_POINT( '', ( 24.0000000000000, 26.0000000000000, 82.6000000000000 ) );
#2568 = DIRECTION( '', ( 0.00000000000000, -1.00000000000000, 0.00000000000000 ) );
#2569 = DIRECTION( '', ( 0.00000000000000, 0.00000000000000, -1.00000000000000 ) );
#2570 = SURFACE_STYLE_FILL_AREA( #4564 );
#2571 = ORIENTED_EDGE( '', *, *, #4565, .T. );
#2572 = ORIENTED_EDGE( '', *, *, #4566, .T. );
#2573 = ORIENTED_EDGE( '', *, *, #4567, .T. );
#2574 = ORIENTED_EDGE( '', *, *, #4568, .T. );
#2575 = ORIENTED_EDGE( '', *, *, #4569, .T. );
#2576 = ORIENTED_EDGE( '', *, *, #4570, .T. );
#2577 = ORIENTED_EDGE( '', *, *, #4571, .T. );
#2578 = ORIENTED_EDGE( '', *, *, #4572, .T. );
#2579 = ORIENTED_EDGE( '', *, *, #4573, .T. );
#2580 = ORIENTED_EDGE( '', *, *, #4574, .T. );
#2581 = ORIENTED_EDGE( '', *, *, #4575, .T. );
#2582 = ORIENTED_EDGE( '', *, *, #4576, .T. );
#2583 = ORIENTED_EDGE( '', *, *, #4577, .F. );
#2584 = CARTESIAN_POINT( '', ( 20.0000000000000, 12.0000000000000, -1.00000000000000 ) );
#2585 = DIRECTION( '', ( 0.00000000000000, 0.00000000000000, 1.00000000000000 ) );
#2586 = DIRECTION( '', ( 1.00000000000000, 0.00000000000000, -0.00000000000000 ) );
#2587 = SURFACE_STYLE_FILL_AREA( #4578 );
#2588 = ORIENTED_EDGE( '', *, *, #4579, .T. );
#2589 = ORIENTED_EDGE( '', *, *, #4580, .F. );
#2590 = ORIENTED_EDGE( '', *, *, #4524, .F. );
#2591 = ORIENTED_EDGE( '', *, *, #4581, .T. );
#2592 = CARTESIAN_POINT( '', ( -11.2224262673129, 9.11790065660349, 82.6000000000000 ) );
#2593 = DIRECTION( '', ( 0.00000000000000, -0.00000000000000, 1.00000000000000 ) );
#2594 = DIRECTION( '', ( -1.00000000000000, 0.00000000000000, 0.00000000000000 ) );
#2595 = SURFACE_STYLE_FILL_AREA( #4582 );
#2596 = ORIENTED_EDGE( '', *, *, #4583, .F. );
#2597 = ORIENTED_EDGE( '', *, *, #4584, .F. );
#2598 = CARTESIAN_POINT( '', ( 20.0000000000000, 18.0000000000000, 7.25000000000000 ) );
#2599 = DIRECTION( '', ( -1.00000000000000, -0.00000000000000, -0.00000000000000 ) );
#2600 = DIRECTION( '', ( 0.00000000000000, 0.00000000000000, -1.00000000000000 ) );
#2601 = SURFACE_STYLE_FILL_AREA( #4585 );
#2602 = ORIENTED_EDGE( '', *, *, #4586, .F. );
#2603 = CARTESIAN_POINT( '', ( -17.5000000000000, 17.0000000000000, 21.4135000000000 ) );
#2604 = DIRECTION( '', ( 0.00000000000000, 1.00000000000000, 0.00000000000000 ) );
#2605 = DIRECTION( '', ( 0.00000000000000, -0.00000000000000, 1.00000000000000 ) );
#2606 = SURFACE_STYLE_FILL_AREA( #4587 );
#2607 = ORIENTED_EDGE( '', *, *, #4588, .F. );
#2608 = ORIENTED_EDGE( '', *, *, #4589, .F. );
#2609 = ORIENTED_EDGE( '', *, *, #4590, .T. );
#2610 = ORIENTED_EDGE( '', *, *, #4591, .T. );
#2611 = ORIENTED_EDGE( '', *, *, #4592, .F. );
#2612 = CARTESIAN_POINT( '', ( 22.5000000000000, 23.9343145750508, 82.6000000000000 ) );
#2613 = DIRECTION( '', ( 1.00000000000000, 0.00000000000000, -0.00000000000000 ) );
#2614 = DIRECTION( '', ( -0.00000000000000, 0.00000000000000, -1.00000000000000 ) );
#2615 = SURFACE_STYLE_FILL_AREA( #4593 );
#2616 = ORIENTED_EDGE( '', *, *, #4594, .F. );
#2617 = ORIENTED_EDGE( '', *, *, #4595, .F. );
#2618 = ORIENTED_EDGE( '', *, *, #4596, .T. );
#2619 = ORIENTED_EDGE( '', *, *, #4597, .T. );
#2620 = CARTESIAN_POINT( '', ( -22.0000000000000, 22.8686291501015, 2.00000000000000 ) );
#2621 = DIRECTION( '', ( -0.707106781186549, 0.707106781186546, 0.00000000000000 ) );
#2622 = DIRECTION( '', ( -0.707106781186546, -0.707106781186549, 0.00000000000000 ) );
#2623 = SURFACE_STYLE_FILL_AREA( #4598 );
#2624 = ORIENTED_EDGE( '', *, *, #4599, .T. );
#2625 = ORIENTED_EDGE( '', *, *, #4600, .F. );
#2626 = ORIENTED_EDGE( '', *, *, #4601, .F. );
#2627 = ORIENTED_EDGE( '', *, *, #4602, .T. );
#2628 = CARTESIAN_POINT( '', ( 10.3000000000000, 0.00000000000000, 100.000000000000 ) );
#2629 = DIRECTION( '', ( -0.707106781186552, 0.707106781186543, 0.00000000000000 ) );
#2630 = DIRECTION( '', ( -0.707106781186543, -0.707106781186552, 0.00000000000000 ) );
#2631 = SURFACE_STYLE_FILL_AREA( #4603 );
#2632 = ORIENTED_EDGE( '', *, *, #4604, .F. );
#2633 = ORIENTED_EDGE( '', *, *, #4605, .F. );
#2634 = ORIENTED_EDGE( '', *, *, #4606, .T. );
#2635 = ORIENTED_EDGE( '', *, *, #4607, .T. );
#2636 = CARTESIAN_POINT( '', ( 11.2224255740827, 10.8830898478574, 100.000000000000 ) );
#2637 = DIRECTION( '', ( 0.00000000000000, -0.00000000000000, 1.00000000000000 ) );
#2638 = DIRECTION( '', ( -1.00000000000000, 0.00000000000000, 0.00000000000000 ) );
#2639 = SURFACE_STYLE_FILL_AREA( #4608 );
#2640 = ORIENTED_EDGE( '', *, *, #4609, .F. );
#2641 = ORIENTED_EDGE( '', *, *, #4610, .F. );
#2642 = ORIENTED_EDGE( '', *, *, #4611, .T. );
#2643 = ORIENTED_EDGE( '', *, *, #4595, .T. );
#2644 = ORIENTED_EDGE( '', *, *, #4612, .F. );
#2645 = CARTESIAN_POINT( '', ( -22.0000000000000, 0.565685424949238, 2.00000000000000 ) );
#2646 = DIRECTION( '', ( -1.00000000000000, 1.55560046005986E-16, 0.00000000000000 ) );
#2647 = DIRECTION( '', ( -1.55560046005986E-16, -1.00000000000000, 0.00000000000000 ) );
#2648 = SURFACE_STYLE_FILL_AREA( #4613 );
#2649 = ORIENTED_EDGE( '', *, *, #4614, .T. );
#2650 = ORIENTED_EDGE( '', *, *, #4615, .F. );
#2651 = CARTESIAN_POINT( '', ( 0.00000000000000, 9.00000000000000, 14.5000000000000 ) );
#2652 = DIRECTION( '', ( 0.00000000000000, 1.00000000000000, 0.00000000000000 ) );
#2653 = DIRECTION( '', ( 0.00000000000000, -0.00000000000000, 1.00000000000000 ) );
#2654 = SURFACE_STYLE_FILL_AREA( #4616 );
#2655 = ORIENTED_EDGE( '', *, *, #4617, .T. );
#2656 = ORIENTED_EDGE( '', *, *, #4618, .F. );
#2657 = ORIENTED_EDGE( '', *, *, #4568, .F. );
#2658 = ORIENTED_EDGE( '', *, *, #4619, .T. );
#2659 = CARTESIAN_POINT( '', ( 18.9393398282202, 11.2928932188135, -1.00000000000000 ) );
#2660 = DIRECTION( '', ( -0.707106781186534, -0.707106781186561, 0.00000000000000 ) );
#2661 = DIRECTION( '', ( 0.707106781186561, -0.707106781186534, 0.00000000000000 ) );
#2662 = SURFACE_STYLE_FILL_AREA( #4620 );
#2663 = ORIENTED_EDGE( '', *, *, #4621, .F. );
#2664 = ORIENTED_EDGE( '', *, *, #4425, .F. );
#2665 = ORIENTED_EDGE( '', *, *, #4622, .T. );
#2666 = ORIENTED_EDGE( '', *, *, #4408, .T. );
#2667 = CARTESIAN_POINT( '', ( 4.37500000000000, 18.0000000000000, 2.00000000000000 ) );
#2668 = DIRECTION( '', ( -1.00000000000000, 5.78241158658935E-16, 0.00000000000000 ) );
#2669 = DIRECTION( '', ( -5.78241158658935E-16, -1.00000000000000, 0.00000000000000 ) );
#2670 = SURFACE_STYLE_FILL_AREA( #4623 );
#2671 = ORIENTED_EDGE( '', *, *, #4492, .T. );
#2672 = CARTESIAN_POINT( '', ( 17.5000000000000, 17.0000000000000, 58.8000000000000 ) );
#2673 = DIRECTION( '', ( -0.00000000000000, 1.00000000000000, 0.00000000000000 ) );
#2674 = DIRECTION( '', ( 0.00000000000000, 0.00000000000000, 1.00000000000000 ) );
#2675 = SURFACE_STYLE_FILL_AREA( #4624 );
#2676 = ORIENTED_EDGE( '', *, *, #4625, .F. );
#2677 = ORIENTED_EDGE( '', *, *, #4626, .F. );
#2678 = ORIENTED_EDGE( '', *, *, #4627, .T. );
#2679 = ORIENTED_EDGE( '', *, *, #4628, .T. );
#2680 = CARTESIAN_POINT( '', ( 9.30000000000000, 9.68978643762691, 100.000000000000 ) );
#2681 = DIRECTION( '', ( 0.00000000000000, -0.00000000000000, 1.00000000000000 ) );
#2682 = DIRECTION( '', ( -1.00000000000000, 0.00000000000000, 0.00000000000000 ) );
#2683 = SURFACE_STYLE_FILL_AREA( #4629 );
#2684 = ORIENTED_EDGE( '', *, *, #4590, .F. );
#2685 = ORIENTED_EDGE( '', *, *, #4630, .F. );
#2686 = ORIENTED_EDGE( '', *, *, #4631, .F. );
#2687 = ORIENTED_EDGE( '', *, *, #4632, .F. );
#2688 = ORIENTED_EDGE( '', *, *, #4474, .F. );
#2689 = ORIENTED_EDGE( '', *, *, #4633, .F. );
#2690 = ORIENTED_EDGE( '', *, *, #4505, .F. );
#2691 = ORIENTED_EDGE( '', *, *, #4634, .F. );
#2692 = ORIENTED_EDGE( '', *, *, #4487, .F. );
#2693 = ORIENTED_EDGE( '', *, *, #4635, .F. );
#2694 = ORIENTED_EDGE( '', *, *, #4636, .T. );
#2695 = ORIENTED_EDGE( '', *, *, #4637, .T. );
#2696 = ORIENTED_EDGE( '', *, *, #4638, .T. );
#2697 = ORIENTED_EDGE( '', *, *, #4639, .T. );
#2698 = ORIENTED_EDGE( '', *, *, #4640, .T. );
#2699 = ORIENTED_EDGE( '', *, *, #4641, .T. );
#2700 = ORIENTED_EDGE( '', *, *, #4642, .T. );
#2701 = ORIENTED_EDGE( '', *, *, #4643, .T. );
#2702 = ORIENTED_EDGE( '', *, *, #4431, .T. );
#2703 = ORIENTED_EDGE( '', *, *, #4644, .T. );
#2704 = ORIENTED_EDGE( '', *, *, #4645, .T. );
#2705 = ORIENTED_EDGE( '', *, *, #4441, .T. );
#2706 = ORIENTED_EDGE( '', *, *, #4646, .T. );
#2707 = ORIENTED_EDGE( '', *, *, #4647, .F. );
#2708 = CARTESIAN_POINT( '', ( -4.33680868994202E-16, 18.0000000000000, 80.6000000000000 ) );
#2709 = DIRECTION( '', ( 0.00000000000000, 0.00000000000000, 1.00000000000000 ) );
#2710 = DIRECTION( '', ( 1.00000000000000, 0.00000000000000, -0.00000000000000 ) );
#2711 = SURFACE_STYLE_FILL_AREA( #4648 );
#2712 = ORIENTED_EDGE( '', *, *, #4649, .T. );
#2713 = ORIENTED_EDGE( '', *, *, #4650, .F. );
#2714 = ORIENTED_EDGE( '', *, *, #4651, .F. );
#2715 = ORIENTED_EDGE( '', *, *, #4652, .T. );
#2716 = CARTESIAN_POINT( '', ( -9.04000000000001, 10.8450000000000, 100.000000000000 ) );
#2717 = DIRECTION( '', ( 0.707896402760232, 0.706316276861240, -0.00000000000000 ) );
#2718 = DIRECTION( '', ( -0.706316276861240, 0.707896402760232, 0.00000000000000 ) );
#2719 = SURFACE_STYLE_FILL_AREA( #4653 );
#2720 = ORIENTED_EDGE( '', *, *, #4546, .T. );
#2721 = ORIENTED_EDGE( '', *, *, #4654, .F. );
#2722 = ORIENTED_EDGE( '', *, *, #4639, .F. );
#2723 = ORIENTED_EDGE( '', *, *, #4655, .T. );
#2724 = CARTESIAN_POINT( '', ( -22.0000000000000, 22.8686291501015, 80.6000000000000 ) );
#2725 = DIRECTION( '', ( 0.707106781186549, -0.707106781186546, 0.00000000000000 ) );
#2726 = DIRECTION( '', ( 0.707106781186546, 0.707106781186549, 0.00000000000000 ) );
#2727 = SURFACE_STYLE_FILL_AREA( #4656 );
#2728 = ORIENTED_EDGE( '', *, *, #4657, .F. );
#2729 = ORIENTED_EDGE( '', *, *, #4383, .F. );
#2730 = ORIENTED_EDGE( '', *, *, #4658, .T. );
#2731 = ORIENTED_EDGE( '', *, *, #4659, .T. );
#2732 = CARTESIAN_POINT( '', ( 11.2224255740827, 17.1179101521426, 100.000000000000 ) );
#2733 = DIRECTION( '', ( 0.00000000000000, -0.00000000000000, 1.00000000000000 ) );
#2734 = DIRECTION( '', ( -1.00000000000000, 0.00000000000000, 0.00000000000000 ) );
#2735 = SURFACE_STYLE_FILL_AREA( #4660 );
#2736 = ORIENTED_EDGE( '', *, *, #4661, .T. );
#2737 = ORIENTED_EDGE( '', *, *, #4662, .F. );
#2738 = ORIENTED_EDGE( '', *, *, #4663, .F. );
#2739 = ORIENTED_EDGE( '', *, *, #4413, .T. );
#2740 = CARTESIAN_POINT( '', ( -8.59277164287938, 7.90822843567485, 100.000000000000 ) );
#2741 = DIRECTION( '', ( 0.707228371207269, -0.706985170254308, 0.00000000000000 ) );
#2742 = DIRECTION( '', ( 0.706985170254308, 0.707228371207269, 0.00000000000000 ) );
#2743 = SURFACE_STYLE_FILL_AREA( #4664 );
#2744 = ORIENTED_EDGE( '', *, *, #4488, .F. );
#2745 = ORIENTED_EDGE( '', *, *, #4634, .T. );
#2746 = ORIENTED_EDGE( '', *, *, #4504, .T. );
#2747 = ORIENTED_EDGE( '', *, *, #4665, .F. );
#2748 = CARTESIAN_POINT( '', ( -22.5000000000000, 23.7000000000000, 82.6000000000000 ) );
#2749 = DIRECTION( '', ( -0.707106781186549, 0.707106781186546, 0.00000000000000 ) );
#2750 = DIRECTION( '', ( -0.707106781186546, -0.707106781186549, 0.00000000000000 ) );
#2751 = SURFACE_STYLE_FILL_AREA( #4666 );
#2752 = ORIENTED_EDGE( '', *, *, #4588, .T. );
#2753 = ORIENTED_EDGE( '', *, *, #4385, .F. );
#2754 = CARTESIAN_POINT( '', ( 20.0000000000000, 18.0000000000000, 75.3500000000000 ) );
#2755 = DIRECTION( '', ( -1.00000000000000, -0.00000000000000, -0.00000000000000 ) );
#2756 = DIRECTION( '', ( 0.00000000000000, 0.00000000000000, -1.00000000000000 ) );
#2757 = SURFACE_STYLE_FILL_AREA( #4667 );
#2758 = ORIENTED_EDGE( '', *, *, #4553, .T. );
#2759 = ORIENTED_EDGE( '', *, *, #4668, .T. );
#2760 = CARTESIAN_POINT( '', ( -20.0000000000000, 18.0000000000000, 7.25000000000000 ) );
#2761 = DIRECTION( '', ( 1.00000000000000, -0.00000000000000, -0.00000000000000 ) );
#2762 = DIRECTION( '', ( 0.00000000000000, 0.00000000000000, 1.00000000000000 ) );
#2763 = SURFACE_STYLE_FILL_AREA( #4669 );
#2764 = ORIENTED_EDGE( '', *, *, #4670, .F. );
#2765 = ORIENTED_EDGE( '', *, *, #4671, .F. );
#2766 = ORIENTED_EDGE( '', *, *, #4672, .T. );
#2767 = ORIENTED_EDGE( '', *, *, #4673, .T. );
#2768 = CARTESIAN_POINT( '', ( -18.9393398282202, 11.2928932188135, 83.6000000000000 ) );
#2769 = DIRECTION( '', ( -0.707106781186548, -0.707106781186547, 0.00000000000000 ) );
#2770 = DIRECTION( '', ( 0.707106781186547, -0.707106781186548, 0.00000000000000 ) );
#2771 = SURFACE_STYLE_FILL_AREA( #4674 );
#2772 = ORIENTED_EDGE( '', *, *, #4544, .T. );
#2773 = ORIENTED_EDGE( '', *, *, #4675, .F. );
#2774 = ORIENTED_EDGE( '', *, *, #4641, .F. );
#2775 = ORIENTED_EDGE( '', *, *, #4676, .T. );
#2776 = CARTESIAN_POINT( '', ( -4.37500000000000, 24.0000000000000, 80.6000000000000 ) );
#2777 = DIRECTION( '', ( -1.00000000000000, 0.00000000000000, 0.00000000000000 ) );
#2778 = DIRECTION( '', ( 0.00000000000000, 0.00000000000000, 1.00000000000000 ) );
#2779 = SURFACE_STYLE_FILL_AREA( #4677 );
#2780 = ORIENTED_EDGE( '', *, *, #4678, .F. );
#2781 = ORIENTED_EDGE( '', *, *, #4437, .T. );
#2782 = ORIENTED_EDGE( '', *, *, #4679, .T. );
#2783 = ORIENTED_EDGE( '', *, *, #4483, .T. );
#2784 = CARTESIAN_POINT( '', ( -5.83333333333334, 26.0000000000000, 82.6000000000000 ) );
#2785 = DIRECTION( '', ( 1.00000000000000, 0.00000000000000, -0.00000000000000 ) );
#2786 = DIRECTION( '', ( -0.00000000000000, 0.00000000000000, -1.00000000000000 ) );
#2787 = SURFACE_STYLE_FILL_AREA( #4680 );
#2788 = ORIENTED_EDGE( '', *, *, #4681, .F. );
#2789 = ORIENTED_EDGE( '', *, *, #4682, .F. );
#2790 = ORIENTED_EDGE( '', *, *, #4536, .T. );
#2791 = ORIENTED_EDGE( '', *, *, #4683, .T. );
#2792 = CARTESIAN_POINT( '', ( 8.59289320407241, 2.39689320407241, 82.6000000000000 ) );
#2793 = DIRECTION( '', ( -0.707106781186541, 0.707106781186554, 0.00000000000000 ) );
#2794 = DIRECTION( '', ( -0.707106781186554, -0.707106781186541, 0.00000000000000 ) );
#2795 = SURFACE_STYLE_FILL_AREA( #4684 );
#2796 = ORIENTED_EDGE( '', *, *, #4685, .T. );
#2797 = ORIENTED_EDGE( '', *, *, #4686, .T. );
#2798 = ORIENTED_EDGE( '', *, *, #4687, .F. );
#2799 = ORIENTED_EDGE( '', *, *, #4460, .F. );
#2800 = ORIENTED_EDGE( '', *, *, #4584, .T. );
#2801 = CARTESIAN_POINT( '', ( 22.5000000000000, 23.9343145750508, 11.8000000000000 ) );
#2802 = DIRECTION( '', ( 1.00000000000000, 0.00000000000000, -0.00000000000000 ) );
#2803 = DIRECTION( '', ( -0.00000000000000, 0.00000000000000, -1.00000000000000 ) );
#2804 = SURFACE_STYLE_FILL_AREA( #4688 );
#2805 = ORIENTED_EDGE( '', *, *, #4550, .T. );
#2806 = ORIENTED_EDGE( '', *, *, #4689, .F. );
#2807 = ORIENTED_EDGE( '', *, *, #4637, .F. );
#2808 = ORIENTED_EDGE( '', *, *, #4690, .T. );
#2809 = CARTESIAN_POINT( '', ( -21.4343145750508, 0.00000000000000, 80.6000000000000 ) );
#2810 = DIRECTION( '', ( 0.707106781186549, 0.707106781186546, -0.00000000000000 ) );
#2811 = DIRECTION( '', ( -0.707106781186546, 0.707106781186549, 0.00000000000000 ) );
#2812 = SURFACE_STYLE_FILL_AREA( #4691 );
#2813 = ORIENTED_EDGE( '', *, *, #4692, .F. );
#2814 = ORIENTED_EDGE( '', *, *, #4693, .T. );
#2815 = ORIENTED_EDGE( '', *, *, #4694, .F. );
#2816 = ORIENTED_EDGE( '', *, *, #4695, .T. );
#2817 = ORIENTED_EDGE( '', *, *, #4696, .T. );
#2818 = ORIENTED_EDGE( '', *, *, #4602, .F. );
#2819 = ORIENTED_EDGE( '', *, *, #4697, .F. );
#2820 = ORIENTED_EDGE( '', *, *, #4698, .T. );
#2821 = CARTESIAN_POINT( '', ( 3.00000000000000, 0.00000000000000, 100.000000000000 ) );
#2822 = DIRECTION( '', ( 0.00000000000000, 1.00000000000000, 0.00000000000000 ) );
#2823 = DIRECTION( '', ( 0.00000000000000, -0.00000000000000, 1.00000000000000 ) );
#2824 = SURFACE_STYLE_FILL_AREA( #4699 );
#2825 = ORIENTED_EDGE( '', *, *, #4700, .F. );
#2826 = ORIENTED_EDGE( '', *, *, #4701, .F. );
#2827 = ORIENTED_EDGE( '', *, *, #4702, .T. );
#2828 = ORIENTED_EDGE( '', *, *, #4610, .T. );
#2829 = CARTESIAN_POINT( '', ( -21.4343145750508, 0.00000000000000, 2.00000000000000 ) );
#2830 = DIRECTION( '', ( -0.707106781186549, -0.707106781186546, 0.00000000000000 ) );
#2831 = DIRECTION( '', ( 0.707106781186546, -0.707106781186549, 0.00000000000000 ) );
#2832 = SURFACE_STYLE_FILL_AREA( #4703 );
#2833 = ORIENTED_EDGE( '', *, *, #4704, .T. );
#2834 = ORIENTED_EDGE( '', *, *, #4705, .F. );
#2835 = ORIENTED_EDGE( '', *, *, #4572, .F. );
#2836 = ORIENTED_EDGE( '', *, *, #4706, .T. );
#2837 = CARTESIAN_POINT( '', ( 21.0606601717798, 11.2928932188134, -1.00000000000000 ) );
#2838 = DIRECTION( '', ( 0.707106781186559, 0.707106781186536, -0.00000000000000 ) );
#2839 = DIRECTION( '', ( -0.707106781186536, 0.707106781186559, 0.00000000000000 ) );
#2840 = SURFACE_STYLE_FILL_AREA( #4707 );
#2841 = ORIENTED_EDGE( '', *, *, #4708, .T. );
#2842 = ORIENTED_EDGE( '', *, *, #4709, .F. );
#2843 = CARTESIAN_POINT( '', ( -17.5000000000000, 17.0000000000000, 58.8000000000000 ) );
#2844 = DIRECTION( '', ( -0.00000000000000, 1.00000000000000, -0.00000000000000 ) );
#2845 = DIRECTION( '', ( 0.00000000000000, 0.00000000000000, 1.00000000000000 ) );
#2846 = SURFACE_STYLE_FILL_AREA( #4710 );
#2847 = ORIENTED_EDGE( '', *, *, #4711, .T. );
#2848 = ORIENTED_EDGE( '', *, *, #4712, .F. );
#2849 = ORIENTED_EDGE( '', *, *, #4713, .F. );
#2850 = ORIENTED_EDGE( '', *, *, #4714, .T. );
#2851 = CARTESIAN_POINT( '', ( -11.5000000000000, 14.7180066667403, 100.000000000000 ) );
#2852 = DIRECTION( '', ( 1.00000000000000, 0.00000000000000, -0.00000000000000 ) );
#2853 = DIRECTION( '', ( -0.00000000000000, 0.00000000000000, -1.00000000000000 ) );
#2854 = SURFACE_STYLE_FILL_AREA( #4715 );
#2855 = ORIENTED_EDGE( '', *, *, #4716, .T. );
#2856 = ORIENTED_EDGE( '', *, *, #4717, .F. );
#2857 = CARTESIAN_POINT( '', ( -17.5000000000000, 17.0000000000000, 23.8000000000000 ) );
#2858 = DIRECTION( '', ( -0.00000000000000, 1.00000000000000, 0.00000000000000 ) );
#2859 = DIRECTION( '', ( 0.00000000000000, 0.00000000000000, -1.00000000000000 ) );
#2860 = SURFACE_STYLE_FILL_AREA( #4718 );
#2861 = ORIENTED_EDGE( '', *, *, #4478, .T. );
#2862 = ORIENTED_EDGE( '', *, *, #4719, .T. );
#2863 = ORIENTED_EDGE( '', *, *, #4387, .T. );
#2864 = ORIENTED_EDGE( '', *, *, #4562, .F. );
#2865 = ORIENTED_EDGE( '', *, *, #4397, .T. );
#2866 = ORIENTED_EDGE( '', *, *, #4468, .F. );
#2867 = ORIENTED_EDGE( '', *, *, #4720, .T. );
#2868 = ORIENTED_EDGE( '', *, *, #4721, .F. );
#2869 = ORIENTED_EDGE( '', *, *, #4722, .T. );
#2870 = ORIENTED_EDGE( '', *, *, #4685, .F. );
#2871 = ORIENTED_EDGE( '', *, *, #4459, .F. );
#2872 = ORIENTED_EDGE( '', *, *, #4723, .F. );
#2873 = ORIENTED_EDGE( '', *, *, #4724, .F. );
#2874 = CARTESIAN_POINT( '', ( 0.00000000000000, 0.00000000000000, 11.8000000000000 ) );
#2875 = DIRECTION( '', ( 0.00000000000000, 0.00000000000000, 1.00000000000000 ) );
#2876 = DIRECTION( '', ( 1.00000000000000, 0.00000000000000, -0.00000000000000 ) );
#2877 = SURFACE_STYLE_FILL_AREA( #4725 );
#2878 = ORIENTED_EDGE( '', *, *, #4726, .F. );
#2879 = ORIENTED_EDGE( '', *, *, #4727, .T. );
#2880 = ORIENTED_EDGE( '', *, *, #4728, .T. );
#2881 = ORIENTED_EDGE( '', *, *, #4695, .F. );
#2882 = CARTESIAN_POINT( '', ( 2.50000000000000, 0.500000000000000, 100.000000000000 ) );
#2883 = DIRECTION( '', ( 0.707106781186548, 0.707106781186548, -0.00000000000000 ) );
#2884 = DIRECTION( '', ( -0.707106781186547, 0.707106781186547, 0.00000000000000 ) );
#2885 = SURFACE_STYLE_FILL_AREA( #4729 );
#2886 = ORIENTED_EDGE( '', *, *, #4541, .T. );
#2887 = ORIENTED_EDGE( '', *, *, #4730, .F. );
#2888 = ORIENTED_EDGE( '', *, *, #4644, .F. );
#2889 = ORIENTED_EDGE( '', *, *, #4430, .T. );
#2890 = CARTESIAN_POINT( '', ( 21.4343145750508, 24.0000000000000, 80.6000000000000 ) );
#2891 = DIRECTION( '', ( -0.707106781186548, -0.707106781186548, 0.00000000000000 ) );
#2892 = DIRECTION( '', ( 0.707106781186547, -0.707106781186547, 0.00000000000000 ) );
#2893 = SURFACE_STYLE_FILL_AREA( #4731 );
#2894 = ORIENTED_EDGE( '', *, *, #4732, .T. );
#2895 = ORIENTED_EDGE( '', *, *, #4652, .F. );
#2896 = ORIENTED_EDGE( '', *, *, #4733, .F. );
#2897 = ORIENTED_EDGE( '', *, *, #4734, .T. );
#2898 = CARTESIAN_POINT( '', ( -8.82881313140612, 11.0580730075197, 100.000000000000 ) );
#2899 = DIRECTION( '', ( 0.00000000000000, -0.00000000000000, 1.00000000000000 ) );
#2900 = DIRECTION( '', ( -1.00000000000000, 0.00000000000000, 0.00000000000000 ) );
#2901 = SURFACE_STYLE_FILL_AREA( #4735 );
#2902 = ORIENTED_EDGE( '', *, *, #4736, .F. );
#2903 = ORIENTED_EDGE( '', *, *, #4737, .T. );
#2904 = ORIENTED_EDGE( '', *, *, #4738, .F. );
#2905 = ORIENTED_EDGE( '', *, *, #4739, .F. );
#2906 = ORIENTED_EDGE( '', *, *, #4740, .F. );
#2907 = ORIENTED_EDGE( '', *, *, #4741, .F. );
#2908 = ORIENTED_EDGE( '', *, *, #4392, .F. );
#2909 = ORIENTED_EDGE( '', *, *, #4742, .F. );
#2910 = ORIENTED_EDGE( '', *, *, #4380, .F. );
#2911 = ORIENTED_EDGE( '', *, *, #4657, .T. );
#2912 = ORIENTED_EDGE( '', *, *, #4743, .F. );
#2913 = ORIENTED_EDGE( '', *, *, #4744, .F. );
#2914 = ORIENTED_EDGE( '', *, *, #4745, .F. );
#2915 = ORIENTED_EDGE( '', *, *, #4604, .T. );
#2916 = ORIENTED_EDGE( '', *, *, #4746, .F. );
#2917 = ORIENTED_EDGE( '', *, *, #4747, .F. );
#2918 = ORIENTED_EDGE( '', *, *, #4625, .T. );
#2919 = ORIENTED_EDGE( '', *, *, #4748, .F. );
#2920 = ORIENTED_EDGE( '', *, *, #4749, .T. );
#2921 = ORIENTED_EDGE( '', *, *, #4750, .F. );
#2922 = ORIENTED_EDGE( '', *, *, #4751, .F. );
#2923 = ORIENTED_EDGE( '', *, *, #4599, .F. );
#2924 = ORIENTED_EDGE( '', *, *, #4696, .F. );
#2925 = ORIENTED_EDGE( '', *, *, #4728, .F. );
#2926 = ORIENTED_EDGE( '', *, *, #4752, .F. );
#2927 = ORIENTED_EDGE( '', *, *, #4753, .F. );
#2928 = ORIENTED_EDGE( '', *, *, #4754, .F. );
#2929 = ORIENTED_EDGE( '', *, *, #4375, .F. );
#2930 = ORIENTED_EDGE( '', *, *, #4755, .F. );
#2931 = ORIENTED_EDGE( '', *, *, #4661, .F. );
#2932 = ORIENTED_EDGE( '', *, *, #4412, .T. );
#2933 = ORIENTED_EDGE( '', *, *, #4756, .F. );
#2934 = ORIENTED_EDGE( '', *, *, #4757, .T. );
#2935 = ORIENTED_EDGE( '', *, *, #4649, .F. );
#2936 = ORIENTED_EDGE( '', *, *, #4732, .F. );
#2937 = ORIENTED_EDGE( '', *, *, #4758, .T. );
#2938 = ORIENTED_EDGE( '', *, *, #4759, .F. );
#2939 = ORIENTED_EDGE( '', *, *, #4711, .F. );
#2940 = CARTESIAN_POINT( '', ( -11.2000000000000, 14.7180066667408, 0.00000000000000 ) );
#2941 = DIRECTION( '', ( 0.00000000000000, 0.00000000000000, 1.00000000000000 ) );
#2942 = DIRECTION( '', ( 1.00000000000000, 0.00000000000000, -0.00000000000000 ) );
#2943 = SURFACE_STYLE_FILL_AREA( #4760 );
#2944 = ORIENTED_EDGE( '', *, *, #4761, .F. );
#2945 = ORIENTED_EDGE( '', *, *, #4514, .T. );
#2946 = CARTESIAN_POINT( '', ( 19.5000000000000, 12.0000000000000, 83.6000000000000 ) );
#2947 = DIRECTION( '', ( 0.00000000000000, -0.00000000000000, 1.00000000000000 ) );
#2948 = DIRECTION( '', ( -1.00000000000000, 0.00000000000000, 0.00000000000000 ) );
#2949 = SURFACE_STYLE_FILL_AREA( #4762 );
#2950 = ORIENTED_EDGE( '', *, *, #4763, .T. );
#2951 = ORIENTED_EDGE( '', *, *, #4764, .T. );
#2952 = ORIENTED_EDGE( '', *, *, #4741, .T. );
#2953 = ORIENTED_EDGE( '', *, *, #4765, .F. );
#2954 = ORIENTED_EDGE( '', *, *, #4766, .F. );
#2955 = ORIENTED_EDGE( '', *, *, #4393, .T. );
#2956 = CARTESIAN_POINT( '', ( 7.98989298424730, 18.0000000000000, 100.000000000000 ) );
#2957 = DIRECTION( '', ( 0.00000000000000, -1.00000000000000, 0.00000000000000 ) );
#2958 = DIRECTION( '', ( 0.00000000000000, 0.00000000000000, -1.00000000000000 ) );
#2959 = SURFACE_STYLE_FILL_AREA( #4767 );
#2960 = ORIENTED_EDGE( '', *, *, #4768, .T. );
#2961 = ORIENTED_EDGE( '', *, *, #4769, .F. );
#2962 = ORIENTED_EDGE( '', *, *, #4566, .F. );
#2963 = ORIENTED_EDGE( '', *, *, #4770, .T. );
#2964 = CARTESIAN_POINT( '', ( 18.9393398282202, 12.7071067811865, -1.00000000000000 ) );
#2965 = DIRECTION( '', ( -0.707106781186552, -0.707106781186543, 0.00000000000000 ) );
#2966 = DIRECTION( '', ( 0.707106781186543, -0.707106781186552, 0.00000000000000 ) );
#2967 = SURFACE_STYLE_FILL_AREA( #4771 );
#2968 = ORIENTED_EDGE( '', *, *, #4755, .T. );
#2969 = ORIENTED_EDGE( '', *, *, #4378, .F. );
#2970 = ORIENTED_EDGE( '', *, *, #4772, .F. );
#2971 = ORIENTED_EDGE( '', *, *, #4662, .T. );
#2972 = CARTESIAN_POINT( '', ( -11.5000000000000, 5.00000000000000, 100.000000000000 ) );
#2973 = DIRECTION( '', ( 1.00000000000000, 0.00000000000000, -0.00000000000000 ) );
#2974 = DIRECTION( '', ( -0.00000000000000, 0.00000000000000, -1.00000000000000 ) );
#2975 = SURFACE_STYLE_FILL_AREA( #4773 );
#2976 = ORIENTED_EDGE( '', *, *, #4774, .F. );
#2977 = ORIENTED_EDGE( '', *, *, #4775, .F. );
#2978 = ORIENTED_EDGE( '', *, *, #4776, .T. );
#2979 = ORIENTED_EDGE( '', *, *, #4463, .T. );
#2980 = ORIENTED_EDGE( '', *, *, #4777, .F. );
#2981 = CARTESIAN_POINT( '', ( 22.0000000000000, 23.4343145750508, 2.00000000000000 ) );
#2982 = DIRECTION( '', ( 1.00000000000000, 0.00000000000000, -0.00000000000000 ) );
#2983 = DIRECTION( '', ( -0.00000000000000, 0.00000000000000, -1.00000000000000 ) );
#2984 = SURFACE_STYLE_FILL_AREA( #4778 );
#2985 = ORIENTED_EDGE( '', *, *, #4779, .T. );
#2986 = ORIENTED_EDGE( '', *, *, #4780, .F. );
#2987 = ORIENTED_EDGE( '', *, *, #4781, .F. );
#2988 = ORIENTED_EDGE( '', *, *, #4782, .T. );
#2989 = CARTESIAN_POINT( '', ( -20.7071067811866, 13.0606601717798, -1.00000000000000 ) );
#2990 = DIRECTION( '', ( -0.707106781186544, 0.707106781186551, 0.00000000000000 ) );
#2991 = DIRECTION( '', ( -0.707106781186551, -0.707106781186544, 0.00000000000000 ) );
#2992 = SURFACE_STYLE_FILL_AREA( #4783 );
#2993 = ORIENTED_EDGE( '', *, *, #4784, .T. );
#2994 = ORIENTED_EDGE( '', *, *, #4785, .F. );
#2995 = ORIENTED_EDGE( '', *, *, #4786, .F. );
#2996 = ORIENTED_EDGE( '', *, *, #4780, .T. );
#2997 = CARTESIAN_POINT( '', ( -21.0606601717798, 12.7071067811865, -1.00000000000000 ) );
#2998 = DIRECTION( '', ( -0.707106781186547, -0.707106781186548, 0.00000000000000 ) );
#2999 = DIRECTION( '', ( 0.707106781186548, -0.707106781186547, 0.00000000000000 ) );
#3000 = SURFACE_STYLE_FILL_AREA( #4787 );
#3001 = ORIENTED_EDGE( '', *, *, #4788, .F. );
#3002 = ORIENTED_EDGE( '', *, *, #4789, .F. );
#3003 = ORIENTED_EDGE( '', *, *, #4790, .T. );
#3004 = ORIENTED_EDGE( '', *, *, #4418, .T. );
#3005 = CARTESIAN_POINT( '', ( -20.7071067811866, 13.0606601717798, 83.6000000000000 ) );
#3006 = DIRECTION( '', ( 0.707106781186544, -0.707106781186551, 0.00000000000000 ) );
#3007 = DIRECTION( '', ( 0.707106781186551, 0.707106781186544, 0.00000000000000 ) );
#3008 = SURFACE_STYLE_FILL_AREA( #4791 );
#3009 = ORIENTED_EDGE( '', *, *, #4792, .F. );
#3010 = ORIENTED_EDGE( '', *, *, #4403, .F. );
#3011 = ORIENTED_EDGE( '', *, *, #4538, .T. );
#3012 = ORIENTED_EDGE( '', *, *, #4793, .T. );
#3013 = CARTESIAN_POINT( '', ( 8.30000000000001, 0.615213569049303, 82.6000000000000 ) );
#3014 = DIRECTION( '', ( -1.00000000000000, 0.00000000000000, 0.00000000000000 ) );
#3015 = DIRECTION( '', ( 0.00000000000000, 0.00000000000000, 1.00000000000000 ) );
#3016 = SURFACE_STYLE_FILL_AREA( #4794 );
#3017 = ORIENTED_EDGE( '', *, *, #4471, .F. );
#3018 = ORIENTED_EDGE( '', *, *, #4795, .F. );
#3019 = CARTESIAN_POINT( '', ( 0.00000000000000, 26.0000000000000, 74.9500000000000 ) );
#3020 = DIRECTION( '', ( 0.00000000000000, -1.00000000000000, -0.00000000000000 ) );
#3021 = DIRECTION( '', ( 0.00000000000000, 0.00000000000000, 1.00000000000000 ) );
#3022 = SURFACE_STYLE_FILL_AREA( #4796 );
#3023 = ORIENTED_EDGE( '', *, *, #4797, .F. );
#3024 = ORIENTED_EDGE( '', *, *, #4635, .T. );
#3025 = ORIENTED_EDGE( '', *, *, #4486, .F. );
#3026 = ORIENTED_EDGE( '', *, *, #4798, .F. );
#3027 = CARTESIAN_POINT( '', ( -21.7000000000000, 0.00000000000000, 82.6000000000000 ) );
#3028 = DIRECTION( '', ( -0.707106781186548, -0.707106781186547, 0.00000000000000 ) );
#3029 = DIRECTION( '', ( 0.00000000000000, 0.00000000000000, 1.00000000000000 ) );
#3030 = SURFACE_STYLE_FILL_AREA( #4799 );
#3031 = ORIENTED_EDGE( '', *, *, #4800, .F. );
#3032 = ORIENTED_EDGE( '', *, *, #4512, .F. );
#3033 = ORIENTED_EDGE( '', *, *, #4525, .T. );
#3034 = ORIENTED_EDGE( '', *, *, #4580, .T. );
#3035 = CARTESIAN_POINT( '', ( -8.82881346539495, 8.94292246592097, 82.6000000000000 ) );
#3036 = DIRECTION( '', ( 0.00000000000000, -0.00000000000000, 1.00000000000000 ) );
#3037 = DIRECTION( '', ( -1.00000000000000, 0.00000000000000, 0.00000000000000 ) );
#3038 = SURFACE_STYLE_FILL_AREA( #4801 );
#3039 = ORIENTED_EDGE( '', *, *, #4802, .T. );
#3040 = ORIENTED_EDGE( '', *, *, #4793, .F. );
#3041 = ORIENTED_EDGE( '', *, *, #4537, .F. );
#3042 = ORIENTED_EDGE( '', *, *, #4682, .T. );
#3043 = CARTESIAN_POINT( '', ( 9.30000000000000, 1.68978643762691, 82.6000000000000 ) );
#3044 = DIRECTION( '', ( 0.00000000000000, -0.00000000000000, 1.00000000000000 ) );
#3045 = DIRECTION( '', ( -1.00000000000000, 0.00000000000000, 0.00000000000000 ) );
#3046 = SURFACE_STYLE_FILL_AREA( #4803 );
#3047 = ORIENTED_EDGE( '', *, *, #4577, .T. );
#3048 = ORIENTED_EDGE( '', *, *, #4804, .F. );
#3049 = CARTESIAN_POINT( '', ( 20.0000000000000, 12.0000000000000, -1.00000000000000 ) );
#3050 = DIRECTION( '', ( -0.00000000000000, -0.00000000000000, -1.00000000000000 ) );
#3051 = DIRECTION( '', ( 1.00000000000000, 0.00000000000000, -0.00000000000000 ) );
#3052 = SURFACE_STYLE_FILL_AREA( #4805 );
#3053 = ORIENTED_EDGE( '', *, *, #4806, .F. );
#3054 = ORIENTED_EDGE( '', *, *, #4807, .F. );
#3055 = ORIENTED_EDGE( '', *, *, #4808, .F. );
#3056 = ORIENTED_EDGE( '', *, *, #4809, .F. );
#3057 = CARTESIAN_POINT( '', ( -21.7000000000000, 0.00000000000000, 82.6000000000000 ) );
#3058 = DIRECTION( '', ( -0.707106781186548, -0.707106781186547, 0.00000000000000 ) );
#3059 = DIRECTION( '', ( 0.00000000000000, 0.00000000000000, 1.00000000000000 ) );
#3060 = SURFACE_STYLE_FILL_AREA( #4810 );
#3061 = ORIENTED_EDGE( '', *, *, #4811, .F. );
#3062 = ORIENTED_EDGE( '', *, *, #4812, .F. );
#3063 = ORIENTED_EDGE( '', *, *, #4533, .T. );
#3064 = ORIENTED_EDGE( '', *, *, #4813, .T. );
#3065 = CARTESIAN_POINT( '', ( 11.2000000000000, 5.28298499962495, 82.6000000000000 ) );
#3066 = DIRECTION( '', ( 0.00000000000000, -0.00000000000000, 1.00000000000000 ) );
#3067 = DIRECTION( '', ( -1.00000000000000, 0.00000000000000, 0.00000000000000 ) );
#3068 = SURFACE_STYLE_FILL_AREA( #4814 );
#3069 = ORIENTED_EDGE( '', *, *, #4815, .F. );
#3070 = ORIENTED_EDGE( '', *, *, #4597, .F. );
#3071 = ORIENTED_EDGE( '', *, *, #4816, .T. );
#3072 = ORIENTED_EDGE( '', *, *, #4817, .T. );
#3073 = CARTESIAN_POINT( '', ( -20.8686291501015, 24.0000000000000, 2.00000000000000 ) );
#3074 = DIRECTION( '', ( 0.00000000000000, 1.00000000000000, 0.00000000000000 ) );
#3075 = DIRECTION( '', ( 0.00000000000000, -0.00000000000000, 1.00000000000000 ) );
#3076 = SURFACE_STYLE_FILL_AREA( #4818 );
#3077 = ORIENTED_EDGE( '', *, *, #4746, .T. );
#3078 = ORIENTED_EDGE( '', *, *, #4607, .F. );
#3079 = ORIENTED_EDGE( '', *, *, #4819, .F. );
#3080 = ORIENTED_EDGE( '', *, *, #4820, .T. );
#3081 = CARTESIAN_POINT( '', ( 8.82873590042170, 11.0569999691336, 100.000000000000 ) );
#3082 = DIRECTION( '', ( 0.00000000000000, -0.00000000000000, 1.00000000000000 ) );
#3083 = DIRECTION( '', ( -1.00000000000000, 0.00000000000000, 0.00000000000000 ) );
#3084 = SURFACE_STYLE_FILL_AREA( #4821 );
#3085 = ORIENTED_EDGE( '', *, *, #4822, .F. );
#3086 = ORIENTED_EDGE( '', *, *, #4823, .T. );
#3087 = ORIENTED_EDGE( '', *, *, #4824, .F. );
#3088 = ORIENTED_EDGE( '', *, *, #4449, .F. );
#3089 = CARTESIAN_POINT( '', ( -3.00000000000000, 0.00000000000000, 100.000000000000 ) );
#3090 = DIRECTION( '', ( -0.707106781186548, 0.707106781186548, 0.00000000000000 ) );
#3091 = DIRECTION( '', ( -0.707106781186547, -0.707106781186547, 0.00000000000000 ) );
#3092 = SURFACE_STYLE_FILL_AREA( #4825 );
#3093 = ORIENTED_EDGE( '', *, *, #4826, .T. );
#3094 = ORIENTED_EDGE( '', *, *, #4827, .T. );
#3095 = ORIENTED_EDGE( '', *, *, #4551, .F. );
#3096 = ORIENTED_EDGE( '', *, *, #4690, .F. );
#3097 = ORIENTED_EDGE( '', *, *, #4636, .F. );
#3098 = ORIENTED_EDGE( '', *, *, #4797, .T. );
#3099 = ORIENTED_EDGE( '', *, *, #4828, .F. );
#3100 = ORIENTED_EDGE( '', *, *, #4829, .T. );
#3101 = ORIENTED_EDGE( '', *, *, #4830, .T. );
#3102 = ORIENTED_EDGE( '', *, *, #4809, .T. );
#3103 = ORIENTED_EDGE( '', *, *, #4831, .T. );
#3104 = ORIENTED_EDGE( '', *, *, #4701, .T. );
#3105 = CARTESIAN_POINT( '', ( -24.0000000000000, 0.00000000000000, 82.6000000000000 ) );
#3106 = DIRECTION( '', ( 0.00000000000000, 1.00000000000000, 0.00000000000000 ) );
#3107 = DIRECTION( '', ( 0.00000000000000, -0.00000000000000, 1.00000000000000 ) );
#3108 = SURFACE_STYLE_FILL_AREA( #4832 );
#3109 = ORIENTED_EDGE( '', *, *, #4591, .F. );
#3110 = ORIENTED_EDGE( '', *, *, #4647, .T. );
#3111 = ORIENTED_EDGE( '', *, *, #4833, .F. );
#3112 = ORIENTED_EDGE( '', *, *, #4834, .F. );
#3113 = CARTESIAN_POINT( '', ( 22.5000000000000, 0.800000000000002, 82.6000000000000 ) );
#3114 = DIRECTION( '', ( 0.707106781186548, -0.707106781186548, 0.00000000000000 ) );
#3115 = DIRECTION( '', ( 0.00000000000000, 0.00000000000000, 1.00000000000000 ) );
#3116 = SURFACE_STYLE_FILL_AREA( #4835 );
#3117 = ORIENTED_EDGE( '', *, *, #4836, .T. );
#3118 = ORIENTED_EDGE( '', *, *, #4837, .F. );
#3119 = ORIENTED_EDGE( '', *, *, #4838, .F. );
#3120 = ORIENTED_EDGE( '', *, *, #4839, .T. );
#3121 = CARTESIAN_POINT( '', ( -20.7071067811865, 10.9393398282202, -1.00000000000000 ) );
#3122 = DIRECTION( '', ( 0.707106781186548, -0.707106781186547, 0.00000000000000 ) );
#3123 = DIRECTION( '', ( 0.707106781186547, 0.707106781186548, 0.00000000000000 ) );
#3124 = SURFACE_STYLE_FILL_AREA( #4840 );
#3125 = ORIENTED_EDGE( '', *, *, #4841, .F. );
#3126 = ORIENTED_EDGE( '', *, *, #4842, .F. );
#3127 = ORIENTED_EDGE( '', *, *, #4518, .T. );
#3128 = ORIENTED_EDGE( '', *, *, #4843, .T. );
#3129 = CARTESIAN_POINT( '', ( -9.04000000000000, 2.84499999999999, 82.6000000000000 ) );
#3130 = DIRECTION( '', ( 0.707896402760232, 0.706316276861240, -0.00000000000000 ) );
#3131 = DIRECTION( '', ( -0.706316276861240, 0.707896402760232, 0.00000000000000 ) );
#3132 = SURFACE_STYLE_FILL_AREA( #4844 );
#3133 = ORIENTED_EDGE( '', *, *, #4845, .F. );
#3134 = ORIENTED_EDGE( '', *, *, #4829, .F. );
#3135 = ORIENTED_EDGE( '', *, *, #4846, .F. );
#3136 = ORIENTED_EDGE( '', *, *, #4847, .F. );
#3137 = CARTESIAN_POINT( '', ( -23.2000000000000, 0.00000000000000, 82.6000000000000 ) );
#3138 = DIRECTION( '', ( 0.707106781186548, 0.707106781186548, 0.00000000000000 ) );
#3139 = DIRECTION( '', ( -0.00000000000000, 0.00000000000000, -1.00000000000000 ) );
#3140 = SURFACE_STYLE_FILL_AREA( #4848 );
#3141 = ORIENTED_EDGE( '', *, *, #4849, .T. );
#3142 = ORIENTED_EDGE( '', *, *, #4850, .F. );
#3143 = ORIENTED_EDGE( '', *, *, #4534, .F. );
#3144 = ORIENTED_EDGE( '', *, *, #4812, .T. );
#3145 = CARTESIAN_POINT( '', ( 11.2224255740827, 2.88308984785741, 82.6000000000000 ) );
#3146 = DIRECTION( '', ( 0.00000000000000, -0.00000000000000, 1.00000000000000 ) );
#3147 = DIRECTION( '', ( -1.00000000000000, 0.00000000000000, 0.00000000000000 ) );
#3148 = SURFACE_STYLE_FILL_AREA( #4851 );
#3149 = ORIENTED_EDGE( '', *, *, #4852, .T. );
#3150 = ORIENTED_EDGE( '', *, *, #4853, .F. );
#3151 = ORIENTED_EDGE( '', *, *, #4854, .F. );
#3152 = ORIENTED_EDGE( '', *, *, #4837, .T. );
#3153 = CARTESIAN_POINT( '', ( -20.0000000000000, 11.6464466094067, -1.00000000000000 ) );
#3154 = DIRECTION( '', ( -0.707106781186548, -0.707106781186547, 0.00000000000000 ) );
#3155 = DIRECTION( '', ( 0.707106781186547, -0.707106781186548, 0.00000000000000 ) );
#3156 = SURFACE_STYLE_FILL_AREA( #4855 );
#3157 = ORIENTED_EDGE( '', *, *, #4856, .F. );
#3158 = ORIENTED_EDGE( '', *, *, #4857, .F. );
#3159 = ORIENTED_EDGE( '', *, *, #4858, .F. );
#3160 = ORIENTED_EDGE( '', *, *, #4376, .T. );
#3161 = ORIENTED_EDGE( '', *, *, #4754, .T. );
#3162 = ORIENTED_EDGE( '', *, *, #4859, .F. );
#3163 = ORIENTED_EDGE( '', *, *, #4860, .F. );
#3164 = ORIENTED_EDGE( '', *, *, #4823, .F. );
#3165 = CARTESIAN_POINT( '', ( -10.3000000000000, 0.00000000000000, 100.000000000000 ) );
#3166 = DIRECTION( '', ( 0.00000000000000, 1.00000000000000, 0.00000000000000 ) );
#3167 = DIRECTION( '', ( 0.00000000000000, -0.00000000000000, 1.00000000000000 ) );
#3168 = SURFACE_STYLE_FILL_AREA( #4861 );
#3169 = ORIENTED_EDGE( '', *, *, #4739, .T. );
#3170 = ORIENTED_EDGE( '', *, *, #4862, .F. );
#3171 = ORIENTED_EDGE( '', *, *, #4863, .F. );
#3172 = ORIENTED_EDGE( '', *, *, #4864, .T. );
#3173 = CARTESIAN_POINT( '', ( -8.34244688054410, 17.8535531194559, 100.000000000000 ) );
#3174 = DIRECTION( '', ( 0.707106781186546, -0.707106781186549, 0.00000000000000 ) );
#3175 = DIRECTION( '', ( 0.707106781186549, 0.707106781186546, 0.00000000000000 ) );
#3176 = SURFACE_STYLE_FILL_AREA( #4865 );
#3177 = ORIENTED_EDGE( '', *, *, #4790, .F. );
#3178 = ORIENTED_EDGE( '', *, *, #4866, .F. );
#3179 = ORIENTED_EDGE( '', *, *, #4867, .F. );
#3180 = ORIENTED_EDGE( '', *, *, #4496, .F. );
#3181 = ORIENTED_EDGE( '', *, *, #4868, .F. );
#3182 = ORIENTED_EDGE( '', *, *, #4672, .F. );
#3183 = ORIENTED_EDGE( '', *, *, #4869, .F. );
#3184 = ORIENTED_EDGE( '', *, *, #4870, .F. );
#3185 = ORIENTED_EDGE( '', *, *, #4557, .F. );
#3186 = ORIENTED_EDGE( '', *, *, #4871, .F. );
#3187 = ORIENTED_EDGE( '', *, *, #4872, .F. );
#3188 = ORIENTED_EDGE( '', *, *, #4419, .F. );
#3189 = ORIENTED_EDGE( '', *, *, #4873, .T. );
#3190 = CARTESIAN_POINT( '', ( -20.0000000000000, 12.0000000000000, 83.6000000000000 ) );
#3191 = DIRECTION( '', ( 0.00000000000000, 0.00000000000000, 1.00000000000000 ) );
#3192 = DIRECTION( '', ( 1.00000000000000, 0.00000000000000, -0.00000000000000 ) );
#3193 = SURFACE_STYLE_FILL_AREA( #4874 );
#3194 = ORIENTED_EDGE( '', *, *, #4448, .T. );
#3195 = ORIENTED_EDGE( '', *, *, #4875, .T. );
#3196 = ORIENTED_EDGE( '', *, *, #4692, .T. );
#3197 = ORIENTED_EDGE( '', *, *, #4876, .T. );
#3198 = ORIENTED_EDGE( '', *, *, #4877, .T. );
#3199 = ORIENTED_EDGE( '', *, *, #4878, .T. );
#3200 = ORIENTED_EDGE( '', *, *, #4856, .T. );
#3201 = ORIENTED_EDGE( '', *, *, #4822, .T. );
#3202 = ORIENTED_EDGE( '', *, *, #4879, .F. );
#3203 = CARTESIAN_POINT( '', ( 0.00000000000000, -50.0000000000000, 80.0000000000000 ) );
#3204 = DIRECTION( '', ( -0.00000000000000, 1.00000000000000, 0.00000000000000 ) );
#3205 = DIRECTION( '', ( 0.00000000000000, 0.00000000000000, -1.00000000000000 ) );
#3206 = SURFACE_STYLE_FILL_AREA( #4880 );
#3207 = ORIENTED_EDGE( '', *, *, #4881, .F. );
#3208 = ORIENTED_EDGE( '', *, *, #4581, .F. );
#3209 = ORIENTED_EDGE( '', *, *, #4523, .T. );
#3210 = ORIENTED_EDGE( '', *, *, #4882, .T. );
#3211 = CARTESIAN_POINT( '', ( -11.2000000000000, 6.71800666674078, 82.6000000000000 ) );
#3212 = DIRECTION( '', ( 0.00000000000000, -0.00000000000000, 1.00000000000000 ) );
#3213 = DIRECTION( '', ( -1.00000000000000, 0.00000000000000, 0.00000000000000 ) );
#3214 = SURFACE_STYLE_FILL_AREA( #4883 );
#3215 = ORIENTED_EDGE( '', *, *, #4884, .F. );
#3216 = ORIENTED_EDGE( '', *, *, #4885, .F. );
#3217 = ORIENTED_EDGE( '', *, *, #4886, .T. );
#3218 = ORIENTED_EDGE( '', *, *, #4887, .T. );
#3219 = CARTESIAN_POINT( '', ( 20.2071067811866, 13.0606601717798, 83.6000000000000 ) );
#3220 = DIRECTION( '', ( 0.707106781186538, -0.707106781186557, 0.00000000000000 ) );
#3221 = DIRECTION( '', ( 0.707106781186557, 0.707106781186538, 0.00000000000000 ) );
#3222 = SURFACE_STYLE_FILL_AREA( #4888 );
#3223 = ORIENTED_EDGE( '', *, *, #4889, .F. );
#3224 = ORIENTED_EDGE( '', *, *, #4673, .F. );
#3225 = ORIENTED_EDGE( '', *, *, #4868, .T. );
#3226 = ORIENTED_EDGE( '', *, *, #4495, .T. );
#3227 = CARTESIAN_POINT( '', ( -19.6464466094067, 12.0000000000000, 83.6000000000000 ) );
#3228 = DIRECTION( '', ( -0.707106781186548, 0.707106781186548, 0.00000000000000 ) );
#3229 = DIRECTION( '', ( -0.707106781186547, -0.707106781186547, 0.00000000000000 ) );
#3230 = SURFACE_STYLE_FILL_AREA( #4890 );
#3231 = ORIENTED_EDGE( '', *, *, #4891, .T. );
#3232 = ORIENTED_EDGE( '', *, *, #4713, .T. );
#3233 = ORIENTED_EDGE( '', *, *, #4892, .T. );
#3234 = ORIENTED_EDGE( '', *, *, #4893, .F. );
#3235 = ORIENTED_EDGE( '', *, *, #4733, .T. );
#3236 = ORIENTED_EDGE( '', *, *, #4651, .T. );
#3237 = ORIENTED_EDGE( '', *, *, #4894, .F. );
#3238 = ORIENTED_EDGE( '', *, *, #4895, .T. );
#3239 = ORIENTED_EDGE( '', *, *, #4414, .F. );
#3240 = ORIENTED_EDGE( '', *, *, #4663, .T. );
#3241 = ORIENTED_EDGE( '', *, *, #4772, .T. );
#3242 = ORIENTED_EDGE( '', *, *, #4377, .T. );
#3243 = ORIENTED_EDGE( '', *, *, #4858, .T. );
#3244 = ORIENTED_EDGE( '', *, *, #4896, .T. );
#3245 = ORIENTED_EDGE( '', *, *, #4897, .T. );
#3246 = ORIENTED_EDGE( '', *, *, #4898, .T. );
#3247 = ORIENTED_EDGE( '', *, *, #4697, .T. );
#3248 = ORIENTED_EDGE( '', *, *, #4601, .T. );
#3249 = ORIENTED_EDGE( '', *, *, #4899, .T. );
#3250 = ORIENTED_EDGE( '', *, *, #4900, .T. );
#3251 = ORIENTED_EDGE( '', *, *, #4901, .F. );
#3252 = ORIENTED_EDGE( '', *, *, #4902, .T. );
#3253 = ORIENTED_EDGE( '', *, *, #4627, .F. );
#3254 = ORIENTED_EDGE( '', *, *, #4903, .T. );
#3255 = ORIENTED_EDGE( '', *, *, #4819, .T. );
#3256 = ORIENTED_EDGE( '', *, *, #4606, .F. );
#3257 = ORIENTED_EDGE( '', *, *, #4904, .T. );
#3258 = ORIENTED_EDGE( '', *, *, #4905, .T. );
#3259 = ORIENTED_EDGE( '', *, *, #4906, .T. );
#3260 = ORIENTED_EDGE( '', *, *, #4658, .F. );
#3261 = ORIENTED_EDGE( '', *, *, #4382, .T. );
#3262 = ORIENTED_EDGE( '', *, *, #4907, .T. );
#3263 = ORIENTED_EDGE( '', *, *, #4394, .T. );
#3264 = ORIENTED_EDGE( '', *, *, #4766, .T. );
#3265 = ORIENTED_EDGE( '', *, *, #4908, .T. );
#3266 = ORIENTED_EDGE( '', *, *, #4863, .T. );
#3267 = ORIENTED_EDGE( '', *, *, #4909, .T. );
#3268 = ORIENTED_EDGE( '', *, *, #4910, .F. );
#3269 = CARTESIAN_POINT( '', ( -11.2000000000000, 14.7180066667408, 100.000000000000 ) );
#3270 = DIRECTION( '', ( 0.00000000000000, 0.00000000000000, 1.00000000000000 ) );
#3271 = DIRECTION( '', ( 1.00000000000000, 0.00000000000000, -0.00000000000000 ) );
#3272 = SURFACE_STYLE_FILL_AREA( #4911 );
#3273 = ORIENTED_EDGE( '', *, *, #4912, .F. );
#3274 = ORIENTED_EDGE( '', *, *, #4913, .F. );
#3275 = ORIENTED_EDGE( '', *, *, #4869, .T. );
#3276 = ORIENTED_EDGE( '', *, *, #4671, .T. );
#3277 = CARTESIAN_POINT( '', ( -19.2928932188135, 10.9393398282202, 83.6000000000000 ) );
#3278 = DIRECTION( '', ( -0.707106781186548, 0.707106781186548, 0.00000000000000 ) );
#3279 = DIRECTION( '', ( -0.707106781186547, -0.707106781186547, 0.00000000000000 ) );
#3280 = SURFACE_STYLE_FILL_AREA( #4914 );
#3281 = ORIENTED_EDGE( '', *, *, #4876, .F. );
#3282 = ORIENTED_EDGE( '', *, *, #4698, .F. );
#3283 = ORIENTED_EDGE( '', *, *, #4898, .F. );
#3284 = ORIENTED_EDGE( '', *, *, #4915, .T. );
#3285 = CARTESIAN_POINT( '', ( 2.50000000000000, 0.500000000000000, 100.000000000000 ) );
#3286 = DIRECTION( '', ( 0.707106781186548, 0.707106781186548, -0.00000000000000 ) );
#3287 = DIRECTION( '', ( -0.707106781186547, 0.707106781186547, 0.00000000000000 ) );
#3288 = SURFACE_STYLE_FILL_AREA( #4916 );
#3289 = ORIENTED_EDGE( '', *, *, #4736, .T. );
#3290 = ORIENTED_EDGE( '', *, *, #4714, .F. );
#3291 = ORIENTED_EDGE( '', *, *, #4891, .F. );
#3292 = ORIENTED_EDGE( '', *, *, #4917, .T. );
#3293 = CARTESIAN_POINT( '', ( -11.2000000000000, 14.7180066667408, 100.000000000000 ) );
#3294 = DIRECTION( '', ( 0.00000000000000, -0.00000000000000, 1.00000000000000 ) );
#3295 = DIRECTION( '', ( -1.00000000000000, 0.00000000000000, 0.00000000000000 ) );
#3296 = SURFACE_STYLE_FILL_AREA( #4918 );
#3297 = ORIENTED_EDGE( '', *, *, #4919, .F. );
#3298 = ORIENTED_EDGE( '', *, *, #4920, .F. );
#3299 = ORIENTED_EDGE( '', *, *, #4921, .T. );
#3300 = ORIENTED_EDGE( '', *, *, #4922, .T. );
#3301 = CARTESIAN_POINT( '', ( 18.7928932188135, 13.0606601717798, 83.6000000000000 ) );
#3302 = DIRECTION( '', ( 0.707106781186548, -0.707106781186548, 0.00000000000000 ) );
#3303 = DIRECTION( '', ( 0.707106781186547, 0.707106781186547, 0.00000000000000 ) );
#3304 = SURFACE_STYLE_FILL_AREA( #4923 );
#3305 = ORIENTED_EDGE( '', *, *, #4924, .F. );
#3306 = ORIENTED_EDGE( '', *, *, #4631, .T. );
#3307 = ORIENTED_EDGE( '', *, *, #4925, .T. );
#3308 = ORIENTED_EDGE( '', *, *, #4926, .F. );
#3309 = CARTESIAN_POINT( '', ( 4.37500000000000, 24.5000000000000, 82.6000000000000 ) );
#3310 = DIRECTION( '', ( 0.00000000000000, 1.00000000000000, 0.00000000000000 ) );
#3311 = DIRECTION( '', ( 0.00000000000000, -0.00000000000000, 1.00000000000000 ) );
#3312 = SURFACE_STYLE_FILL_AREA( #4927 );
#3313 = ORIENTED_EDGE( '', *, *, #4928, .F. );
#3314 = ORIENTED_EDGE( '', *, *, #4420, .F. );
#3315 = ORIENTED_EDGE( '', *, *, #4872, .T. );
#3316 = ORIENTED_EDGE( '', *, *, #4929, .T. );
#3317 = CARTESIAN_POINT( '', ( -20.3535533905933, 12.0000000000000, 83.6000000000000 ) );
#3318 = DIRECTION( '', ( 0.707106781186547, -0.707106781186548, 0.00000000000000 ) );
#3319 = DIRECTION( '', ( 0.707106781186548, 0.707106781186547, 0.00000000000000 ) );
#3320 = SURFACE_STYLE_FILL_AREA( #4930 );
#3321 = ORIENTED_EDGE( '', *, *, #4931, .T. );
#3322 = ORIENTED_EDGE( '', *, *, #4932, .F. );
#3323 = ORIENTED_EDGE( '', *, *, #4515, .T. );
#3324 = ORIENTED_EDGE( '', *, *, #4827, .F. );
#3325 = CARTESIAN_POINT( '', ( -9.30000000000000, 0.615213620020649, 82.6000000000000 ) );
#3326 = DIRECTION( '', ( 0.00000000000000, -0.00000000000000, 1.00000000000000 ) );
#3327 = DIRECTION( '', ( -1.00000000000000, 0.00000000000000, 0.00000000000000 ) );
#3328 = SURFACE_STYLE_FILL_AREA( #4933 );
#3329 = ORIENTED_EDGE( '', *, *, #4934, .T. );
#3330 = ORIENTED_EDGE( '', *, *, #4935, .F. );
#3331 = ORIENTED_EDGE( '', *, *, #4936, .F. );
#3332 = ORIENTED_EDGE( '', *, *, #4937, .T. );
#3333 = CARTESIAN_POINT( '', ( -19.6464466094067, 12.0000000000000, -1.00000000000000 ) );
#3334 = DIRECTION( '', ( 0.707106781186548, -0.707106781186548, 0.00000000000000 ) );
#3335 = DIRECTION( '', ( 0.707106781186547, 0.707106781186547, 0.00000000000000 ) );
#3336 = SURFACE_STYLE_FILL_AREA( #4938 );
#3337 = ORIENTED_EDGE( '', *, *, #4939, .T. );
#3338 = ORIENTED_EDGE( '', *, *, #4940, .T. );
#3339 = ORIENTED_EDGE( '', *, *, #4941, .T. );
#3340 = ORIENTED_EDGE( '', *, *, #4846, .T. );
#3341 = ORIENTED_EDGE( '', *, *, #4828, .T. );
#3342 = ORIENTED_EDGE( '', *, *, #4798, .T. );
#3343 = ORIENTED_EDGE( '', *, *, #4489, .T. );
#3344 = ORIENTED_EDGE( '', *, *, #4665, .T. );
#3345 = ORIENTED_EDGE( '', *, *, #4507, .T. );
#3346 = ORIENTED_EDGE( '', *, *, #4942, .T. );
#3347 = ORIENTED_EDGE( '', *, *, #4484, .F. );
#3348 = ORIENTED_EDGE( '', *, *, #4679, .F. );
#3349 = ORIENTED_EDGE( '', *, *, #4436, .F. );
#3350 = CARTESIAN_POINT( '', ( 0.00000000000000, 0.00000000000000, 70.8000000000000 ) );
#3351 = DIRECTION( '', ( 0.00000000000000, 0.00000000000000, 1.00000000000000 ) );
#3352 = DIRECTION( '', ( 1.00000000000000, 0.00000000000000, -0.00000000000000 ) );
#3353 = SURFACE_STYLE_FILL_AREA( #4943 );
#3354 = ORIENTED_EDGE( '', *, *, #4944, .F. );
#3355 = ORIENTED_EDGE( '', *, *, #4410, .F. );
#3356 = ORIENTED_EDGE( '', *, *, #4945, .T. );
#3357 = ORIENTED_EDGE( '', *, *, #4775, .T. );
#3358 = CARTESIAN_POINT( '', ( 21.4343145750508, 24.0000000000000, 2.00000000000000 ) );
#3359 = DIRECTION( '', ( 0.707106781186548, 0.707106781186548, -0.00000000000000 ) );
#3360 = DIRECTION( '', ( -0.707106781186547, 0.707106781186547, 0.00000000000000 ) );
#3361 = SURFACE_STYLE_FILL_AREA( #4946 );
#3362 = ORIENTED_EDGE( '', *, *, #4947, .F. );
#3363 = ORIENTED_EDGE( '', *, *, #4948, .F. );
#3364 = ORIENTED_EDGE( '', *, *, #4723, .T. );
#3365 = ORIENTED_EDGE( '', *, *, #4458, .T. );
#3366 = CARTESIAN_POINT( '', ( 4.37500000000000, 24.5000000000000, 11.8000000000000 ) );
#3367 = DIRECTION( '', ( 0.00000000000000, 1.00000000000000, 0.00000000000000 ) );
#3368 = DIRECTION( '', ( 0.00000000000000, -0.00000000000000, 1.00000000000000 ) );
#3369 = SURFACE_STYLE_FILL_AREA( #4949 );
#3370 = ORIENTED_EDGE( '', *, *, #4950, .F. );
#3371 = ORIENTED_EDGE( '', *, *, #4502, .F. );
#3372 = ORIENTED_EDGE( '', *, *, #4527, .T. );
#3373 = ORIENTED_EDGE( '', *, *, #4951, .T. );
#3374 = CARTESIAN_POINT( '', ( 7.98989298424731, 10.0000000000000, 82.6000000000000 ) );
#3375 = DIRECTION( '', ( 0.00000000000000, -1.00000000000000, 0.00000000000000 ) );
#3376 = DIRECTION( '', ( 0.00000000000000, 0.00000000000000, -1.00000000000000 ) );
#3377 = SURFACE_STYLE_FILL_AREA( #4952 );
#3378 = ORIENTED_EDGE( '', *, *, #4953, .F. );
#3379 = ORIENTED_EDGE( '', *, *, #4479, .F. );
#3380 = ORIENTED_EDGE( '', *, *, #4724, .T. );
#3381 = ORIENTED_EDGE( '', *, *, #4948, .T. );
#3382 = CARTESIAN_POINT( '', ( -8.88178419700125E-16, 32.0777222831138, 11.8000000000000 ) );
#3383 = DIRECTION( '', ( 0.866025403784439, 0.500000000000000, -0.00000000000000 ) );
#3384 = DIRECTION( '', ( -0.500000000000000, 0.866025403784438, 0.00000000000000 ) );
#3385 = SURFACE_STYLE_FILL_AREA( #4954 );
#3386 = ORIENTED_EDGE( '', *, *, #4583, .T. );
#3387 = CARTESIAN_POINT( '', ( 20.0000000000000, 18.0000000000000, 7.25000000000000 ) );
#3388 = DIRECTION( '', ( 1.00000000000000, 0.00000000000000, 0.00000000000000 ) );
#3389 = DIRECTION( '', ( 0.00000000000000, 0.00000000000000, -1.00000000000000 ) );
#3390 = SURFACE_STYLE_FILL_AREA( #4955 );
#3391 = ORIENTED_EDGE( '', *, *, #4779, .F. );
#3392 = ORIENTED_EDGE( '', *, *, #4956, .F. );
#3393 = ORIENTED_EDGE( '', *, *, #4957, .F. );
#3394 = ORIENTED_EDGE( '', *, *, #4958, .F. );
#3395 = ORIENTED_EDGE( '', *, *, #4934, .F. );
#3396 = ORIENTED_EDGE( '', *, *, #4959, .F. );
#3397 = ORIENTED_EDGE( '', *, *, #4960, .F. );
#3398 = ORIENTED_EDGE( '', *, *, #4852, .F. );
#3399 = ORIENTED_EDGE( '', *, *, #4836, .F. );
#3400 = ORIENTED_EDGE( '', *, *, #4961, .F. );
#3401 = ORIENTED_EDGE( '', *, *, #4962, .F. );
#3402 = ORIENTED_EDGE( '', *, *, #4784, .F. );
#3403 = CARTESIAN_POINT( '', ( 0.00000000000000, 0.00000000000000, 0.00000000000000 ) );
#3404 = DIRECTION( '', ( 0.00000000000000, 0.00000000000000, 1.00000000000000 ) );
#3405 = DIRECTION( '', ( 1.00000000000000, 0.00000000000000, -0.00000000000000 ) );
#3406 = SURFACE_STYLE_FILL_AREA( #4963 );
#3407 = ORIENTED_EDGE( '', *, *, #4964, .F. );
#3408 = ORIENTED_EDGE( '', *, *, #4965, .F. );
#3409 = ORIENTED_EDGE( '', *, *, #4966, .T. );
#3410 = ORIENTED_EDGE( '', *, *, #4967, .T. );
#3411 = CARTESIAN_POINT( '', ( 19.5000000000000, 11.6464466094067, 83.6000000000000 ) );
#3412 = DIRECTION( '', ( 0.707106781186545, 0.707106781186550, -0.00000000000000 ) );
#3413 = DIRECTION( '', ( -0.707106781186550, 0.707106781186545, 0.00000000000000 ) );
#3414 = SURFACE_STYLE_FILL_AREA( #4968 );
#3415 = ORIENTED_EDGE( '', *, *, #4758, .F. );
#3416 = ORIENTED_EDGE( '', *, *, #4734, .F. );
#3417 = ORIENTED_EDGE( '', *, *, #4893, .T. );
#3418 = ORIENTED_EDGE( '', *, *, #4969, .T. );
#3419 = CARTESIAN_POINT( '', ( -11.2224262673129, 10.8830993433965, 100.000000000000 ) );
#3420 = DIRECTION( '', ( 0.00000000000000, -0.00000000000000, 1.00000000000000 ) );
#3421 = DIRECTION( '', ( -1.00000000000000, 0.00000000000000, 0.00000000000000 ) );
#3422 = SURFACE_STYLE_FILL_AREA( #4970 );
#3423 = ORIENTED_EDGE( '', *, *, #4957, .T. );
#3424 = ORIENTED_EDGE( '', *, *, #4971, .F. );
#3425 = ORIENTED_EDGE( '', *, *, #4972, .F. );
#3426 = ORIENTED_EDGE( '', *, *, #4973, .T. );
#3427 = CARTESIAN_POINT( '', ( -19.2928932188135, 13.0606601717798, -1.00000000000000 ) );
#3428 = DIRECTION( '', ( -0.707106781186548, 0.707106781186547, 0.00000000000000 ) );
#3429 = DIRECTION( '', ( -0.707106781186547, -0.707106781186548, 0.00000000000000 ) );
#3430 = SURFACE_STYLE_FILL_AREA( #4974 );
#3431 = ORIENTED_EDGE( '', *, *, #4975, .F. );
#3432 = ORIENTED_EDGE( '', *, *, #4976, .F. );
#3433 = ORIENTED_EDGE( '', *, *, #4940, .F. );
#3434 = ORIENTED_EDGE( '', *, *, #4977, .F. );
#3435 = CARTESIAN_POINT( '', ( -24.0000000000000, 25.2000000000000, 82.6000000000000 ) );
#3436 = DIRECTION( '', ( 0.707106781186549, -0.707106781186546, 0.00000000000000 ) );
#3437 = DIRECTION( '', ( 0.00000000000000, 0.00000000000000, -1.00000000000000 ) );
#3438 = SURFACE_STYLE_FILL_AREA( #4978 );
#3439 = ORIENTED_EDGE( '', *, *, #4748, .T. );
#3440 = ORIENTED_EDGE( '', *, *, #4628, .F. );
#3441 = ORIENTED_EDGE( '', *, *, #4902, .F. );
#3442 = ORIENTED_EDGE( '', *, *, #4979, .T. );
#3443 = CARTESIAN_POINT( '', ( 8.30000000000000, 8.61521356904930, 100.000000000000 ) );
#3444 = DIRECTION( '', ( -1.00000000000000, 0.00000000000000, 0.00000000000000 ) );
#3445 = DIRECTION( '', ( 0.00000000000000, 0.00000000000000, 1.00000000000000 ) );
#3446 = SURFACE_STYLE_FILL_AREA( #4980 );
#3447 = ORIENTED_EDGE( '', *, *, #4981, .F. );
#3448 = ORIENTED_EDGE( '', *, *, #4982, .F. );
#3449 = ORIENTED_EDGE( '', *, *, #4516, .T. );
#3450 = ORIENTED_EDGE( '', *, *, #4932, .T. );
#3451 = CARTESIAN_POINT( '', ( -8.30000000000000, 1.68978643095070, 82.6000000000000 ) );
#3452 = DIRECTION( '', ( 1.00000000000000, 0.00000000000000, -0.00000000000000 ) );
#3453 = DIRECTION( '', ( -0.00000000000000, 0.00000000000000, -1.00000000000000 ) );
#3454 = SURFACE_STYLE_FILL_AREA( #4983 );
#3455 = ORIENTED_EDGE( '', *, *, #4984, .F. );
#3456 = ORIENTED_EDGE( '', *, *, #4985, .F. );
#3457 = ORIENTED_EDGE( '', *, *, #4866, .T. );
#3458 = ORIENTED_EDGE( '', *, *, #4789, .T. );
#3459 = CARTESIAN_POINT( '', ( -20.0000000000000, 12.3535533905933, 83.6000000000000 ) );
#3460 = DIRECTION( '', ( -0.707106781186548, -0.707106781186547, 0.00000000000000 ) );
#3461 = DIRECTION( '', ( 0.707106781186547, -0.707106781186548, 0.00000000000000 ) );
#3462 = SURFACE_STYLE_FILL_AREA( #4986 );
#3463 = ORIENTED_EDGE( '', *, *, #4987, .F. );
#3464 = ORIENTED_EDGE( '', *, *, #4988, .F. );
#3465 = ORIENTED_EDGE( '', *, *, #4989, .T. );
#3466 = ORIENTED_EDGE( '', *, *, #4885, .T. );
#3467 = CARTESIAN_POINT( '', ( 20.5606601717798, 12.7071067811865, 83.6000000000000 ) );
#3468 = DIRECTION( '', ( -0.707106781186530, -0.707106781186565, 0.00000000000000 ) );
#3469 = DIRECTION( '', ( 0.707106781186565, -0.707106781186530, 0.00000000000000 ) );
#3470 = SURFACE_STYLE_FILL_AREA( #4990 );
#3471 = ORIENTED_EDGE( '', *, *, #4991, .F. );
#3472 = ORIENTED_EDGE( '', *, *, #4951, .F. );
#3473 = ORIENTED_EDGE( '', *, *, #4526, .T. );
#3474 = ORIENTED_EDGE( '', *, *, #4510, .T. );
#3475 = CARTESIAN_POINT( '', ( -7.98889321881335, 9.50000000000031, 82.6000000000000 ) );
#3476 = DIRECTION( '', ( 0.00000000000000, -0.00000000000000, 1.00000000000000 ) );
#3477 = DIRECTION( '', ( -1.00000000000000, 0.00000000000000, 0.00000000000000 ) );
#3478 = SURFACE_STYLE_FILL_AREA( #4992 );
#3479 = ORIENTED_EDGE( '', *, *, #4959, .T. );
#3480 = ORIENTED_EDGE( '', *, *, #4937, .F. );
#3481 = ORIENTED_EDGE( '', *, *, #4993, .F. );
#3482 = ORIENTED_EDGE( '', *, *, #4994, .T. );
#3483 = CARTESIAN_POINT( '', ( -18.9393398282202, 11.2928932188135, -1.00000000000000 ) );
#3484 = DIRECTION( '', ( 0.707106781186548, 0.707106781186547, -0.00000000000000 ) );
#3485 = DIRECTION( '', ( -0.707106781186547, 0.707106781186548, 0.00000000000000 ) );
#3486 = SURFACE_STYLE_FILL_AREA( #4995 );
#3487 = ORIENTED_EDGE( '', *, *, #4996, .F. );
#3488 = ORIENTED_EDGE( '', *, *, #4817, .F. );
#3489 = ORIENTED_EDGE( '', *, *, #4997, .T. );
#3490 = ORIENTED_EDGE( '', *, *, #4423, .T. );
#3491 = CARTESIAN_POINT( '', ( -4.37500000000000, 24.0000000000000, 2.00000000000000 ) );
#3492 = DIRECTION( '', ( 1.00000000000000, 0.00000000000000, -0.00000000000000 ) );
#3493 = DIRECTION( '', ( -0.00000000000000, 0.00000000000000, -1.00000000000000 ) );
#3494 = SURFACE_STYLE_FILL_AREA( #4998 );
#3495 = ORIENTED_EDGE( '', *, *, #4757, .F. );
#3496 = ORIENTED_EDGE( '', *, *, #4999, .F. );
#3497 = ORIENTED_EDGE( '', *, *, #4894, .T. );
#3498 = ORIENTED_EDGE( '', *, *, #4650, .T. );
#3499 = CARTESIAN_POINT( '', ( -9.29999999999938, 9.68978531500304, 100.000000000000 ) );
#3500 = DIRECTION( '', ( 0.00000000000000, -0.00000000000000, 1.00000000000000 ) );
#3501 = DIRECTION( '', ( -1.00000000000000, 0.00000000000000, 0.00000000000000 ) );
#3502 = SURFACE_STYLE_FILL_AREA( #5000 );
#3503 = ORIENTED_EDGE( '', *, *, #4960, .T. );
#3504 = ORIENTED_EDGE( '', *, *, #4994, .F. );
#3505 = ORIENTED_EDGE( '', *, *, #5001, .F. );
#3506 = ORIENTED_EDGE( '', *, *, #4853, .T. );
#3507 = CARTESIAN_POINT( '', ( -19.2928932188135, 10.9393398282202, -1.00000000000000 ) );
#3508 = DIRECTION( '', ( 0.707106781186548, -0.707106781186548, 0.00000000000000 ) );
#3509 = DIRECTION( '', ( 0.707106781186547, 0.707106781186547, 0.00000000000000 ) );
#3510 = SURFACE_STYLE_FILL_AREA( #5002 );
#3511 = ORIENTED_EDGE( '', *, *, #4720, .F. );
#3512 = ORIENTED_EDGE( '', *, *, #4467, .F. );
#3513 = ORIENTED_EDGE( '', *, *, #5003, .F. );
#3514 = ORIENTED_EDGE( '', *, *, #5004, .F. );
#3515 = CARTESIAN_POINT( '', ( 24.0000000000000, 0.800000000000000, 82.6000000000000 ) );
#3516 = DIRECTION( '', ( -0.707106781186550, 0.707106781186546, 0.00000000000000 ) );
#3517 = DIRECTION( '', ( 0.00000000000000, 0.00000000000000, -1.00000000000000 ) );
#3518 = SURFACE_STYLE_FILL_AREA( #5005 );
#3519 = ORIENTED_EDGE( '', *, *, #4727, .F. );
#3520 = ORIENTED_EDGE( '', *, *, #5006, .F. );
#3521 = ORIENTED_EDGE( '', *, *, #5007, .T. );
#3522 = ORIENTED_EDGE( '', *, *, #4752, .T. );
#3523 = CARTESIAN_POINT( '', ( -2.50000000000000, 0.500000000000000, 100.000000000000 ) );
#3524 = DIRECTION( '', ( 0.00000000000000, 1.00000000000000, 0.00000000000000 ) );
#3525 = DIRECTION( '', ( 0.00000000000000, -0.00000000000000, 1.00000000000000 ) );
#3526 = SURFACE_STYLE_FILL_AREA( #5008 );
#3527 = ORIENTED_EDGE( '', *, *, #4921, .F. );
#3528 = ORIENTED_EDGE( '', *, *, #5009, .F. );
#3529 = ORIENTED_EDGE( '', *, *, #4886, .F. );
#3530 = ORIENTED_EDGE( '', *, *, #4989, .F. );
#3531 = ORIENTED_EDGE( '', *, *, #5010, .F. );
#3532 = ORIENTED_EDGE( '', *, *, #5011, .F. );
#3533 = ORIENTED_EDGE( '', *, *, #5012, .F. );
#3534 = ORIENTED_EDGE( '', *, *, #4966, .F. );
#3535 = ORIENTED_EDGE( '', *, *, #5013, .F. );
#3536 = ORIENTED_EDGE( '', *, *, #5014, .F. );
#3537 = ORIENTED_EDGE( '', *, *, #5015, .F. );
#3538 = ORIENTED_EDGE( '', *, *, #5016, .F. );
#3539 = ORIENTED_EDGE( '', *, *, #4761, .T. );
#3540 = CARTESIAN_POINT( '', ( 19.5000000000000, 12.0000000000000, 83.6000000000000 ) );
#3541 = DIRECTION( '', ( 0.00000000000000, 0.00000000000000, 1.00000000000000 ) );
#3542 = DIRECTION( '', ( 1.00000000000000, 0.00000000000000, -0.00000000000000 ) );
#3543 = SURFACE_STYLE_FILL_AREA( #5017 );
#3544 = ORIENTED_EDGE( '', *, *, #5018, .F. );
#3545 = ORIENTED_EDGE( '', *, *, #5019, .F. );
#3546 = ORIENTED_EDGE( '', *, *, #4519, .T. );
#3547 = ORIENTED_EDGE( '', *, *, #4842, .T. );
#3548 = CARTESIAN_POINT( '', ( -8.82881313140611, 3.05807300751971, 82.6000000000000 ) );
#3549 = DIRECTION( '', ( 0.00000000000000, -0.00000000000000, 1.00000000000000 ) );
#3550 = DIRECTION( '', ( -1.00000000000000, 0.00000000000000, 0.00000000000000 ) );
#3551 = SURFACE_STYLE_FILL_AREA( #5020 );
#3552 = ORIENTED_EDGE( '', *, *, #5021, .F. );
#3553 = ORIENTED_EDGE( '', *, *, #5022, .F. );
#3554 = ORIENTED_EDGE( '', *, *, #5014, .T. );
#3555 = ORIENTED_EDGE( '', *, *, #5023, .T. );
#3556 = CARTESIAN_POINT( '', ( 18.4393398282202, 11.2928932188135, 83.6000000000000 ) );
#3557 = DIRECTION( '', ( 0.707106781186534, 0.707106781186561, -0.00000000000000 ) );
#3558 = DIRECTION( '', ( -0.707106781186561, 0.707106781186534, 0.00000000000000 ) );
#3559 = SURFACE_STYLE_FILL_AREA( #5024 );
#3560 = ORIENTED_EDGE( '', *, *, #4506, .F. );
#3561 = ORIENTED_EDGE( '', *, *, #4633, .T. );
#3562 = ORIENTED_EDGE( '', *, *, #4473, .F. );
#3563 = ORIENTED_EDGE( '', *, *, #4942, .F. );
#3564 = CARTESIAN_POINT( '', ( -4.37499999999999, 24.5000000000000, 82.6000000000000 ) );
#3565 = DIRECTION( '', ( -0.866025403784439, 0.500000000000000, 0.00000000000000 ) );
#3566 = DIRECTION( '', ( -0.500000000000000, -0.866025403784439, 0.00000000000000 ) );
#3567 = SURFACE_STYLE_FILL_AREA( #5025 );
#3568 = ORIENTED_EDGE( '', *, *, #4540, .T. );
#3569 = ORIENTED_EDGE( '', *, *, #4442, .F. );
#3570 = ORIENTED_EDGE( '', *, *, #4645, .F. );
#3571 = ORIENTED_EDGE( '', *, *, #4730, .T. );
#3572 = CARTESIAN_POINT( '', ( 22.0000000000000, 23.4343145750508, 80.6000000000000 ) );
#3573 = DIRECTION( '', ( -1.00000000000000, 0.00000000000000, 0.00000000000000 ) );
#3574 = DIRECTION( '', ( 0.00000000000000, 0.00000000000000, 1.00000000000000 ) );
#3575 = SURFACE_STYLE_FILL_AREA( #5026 );
#3576 = ORIENTED_EDGE( '', *, *, #5027, .F. );
#3577 = ORIENTED_EDGE( '', *, *, #5028, .F. );
#3578 = ORIENTED_EDGE( '', *, *, #4528, .T. );
#3579 = ORIENTED_EDGE( '', *, *, #4500, .T. );
#3580 = CARTESIAN_POINT( '', ( 9.04086788742955, 9.15613211257046, 82.6000000000000 ) );
#3581 = DIRECTION( '', ( -0.707106781186544, -0.707106781186551, 0.00000000000000 ) );
#3582 = DIRECTION( '', ( 0.707106781186551, -0.707106781186544, 0.00000000000000 ) );
#3583 = SURFACE_STYLE_FILL_AREA( #5029 );
#3584 = ORIENTED_EDGE( '', *, *, #4543, .T. );
#3585 = ORIENTED_EDGE( '', *, *, #5030, .F. );
#3586 = ORIENTED_EDGE( '', *, *, #4642, .F. );
#3587 = ORIENTED_EDGE( '', *, *, #4675, .T. );
#3588 = CARTESIAN_POINT( '', ( -4.33680868994202E-16, 18.0000000000000, 80.6000000000000 ) );
#3589 = DIRECTION( '', ( -0.00000000000000, -0.00000000000000, -1.00000000000000 ) );
#3590 = DIRECTION( '', ( 1.00000000000000, 0.00000000000000, -0.00000000000000 ) );
#3591 = SURFACE_STYLE_FILL_AREA( #5031 );
#3592 = ORIENTED_EDGE( '', *, *, #5032, .F. );
#3593 = ORIENTED_EDGE( '', *, *, #4882, .F. );
#3594 = ORIENTED_EDGE( '', *, *, #4522, .T. );
#3595 = ORIENTED_EDGE( '', *, *, #5033, .T. );
#3596 = CARTESIAN_POINT( '', ( -11.5000000000000, 6.71800666674029, 82.6000000000000 ) );
#3597 = DIRECTION( '', ( 1.00000000000000, 0.00000000000000, -0.00000000000000 ) );
#3598 = DIRECTION( '', ( -0.00000000000000, 0.00000000000000, -1.00000000000000 ) );
#3599 = SURFACE_STYLE_FILL_AREA( #5034 );
#3600 = ORIENTED_EDGE( '', *, *, #5035, .T. );
#3601 = ORIENTED_EDGE( '', *, *, #5036, .F. );
#3602 = ORIENTED_EDGE( '', *, *, #4570, .F. );
#3603 = ORIENTED_EDGE( '', *, *, #5037, .T. );
#3604 = CARTESIAN_POINT( '', ( 20.0000000000000, 11.6464466094067, -1.00000000000000 ) );
#3605 = DIRECTION( '', ( -0.707106781186545, -0.707106781186550, 0.00000000000000 ) );
#3606 = DIRECTION( '', ( 0.707106781186550, -0.707106781186545, 0.00000000000000 ) );
#3607 = SURFACE_STYLE_FILL_AREA( #5038 );
#3608 = ORIENTED_EDGE( '', *, *, #5039, .F. );
#3609 = ORIENTED_EDGE( '', *, *, #5033, .F. );
#3610 = ORIENTED_EDGE( '', *, *, #4521, .T. );
#3611 = ORIENTED_EDGE( '', *, *, #5040, .T. );
#3612 = CARTESIAN_POINT( '', ( -11.2000000000000, 5.28299333325930, 82.6000000000000 ) );
#3613 = DIRECTION( '', ( 0.00000000000000, -0.00000000000000, 1.00000000000000 ) );
#3614 = DIRECTION( '', ( -1.00000000000000, 0.00000000000000, 0.00000000000000 ) );
#3615 = SURFACE_STYLE_FILL_AREA( #5041 );
#3616 = ORIENTED_EDGE( '', *, *, #4795, .T. );
#3617 = CARTESIAN_POINT( '', ( 0.00000000000000, 25.0000000000000, 74.9500000000000 ) );
#3618 = DIRECTION( '', ( -0.00000000000000, 1.00000000000000, 0.00000000000000 ) );
#3619 = DIRECTION( '', ( 0.00000000000000, 0.00000000000000, 1.00000000000000 ) );
#3620 = SURFACE_STYLE_FILL_AREA( #5042 );
#3621 = ORIENTED_EDGE( '', *, *, #4976, .T. );
#3622 = ORIENTED_EDGE( '', *, *, #5043, .T. );
#3623 = ORIENTED_EDGE( '', *, *, #4847, .T. );
#3624 = ORIENTED_EDGE( '', *, *, #4941, .F. );
#3625 = CARTESIAN_POINT( '', ( -24.0000000000000, 26.0000000000000, 82.6000000000000 ) );
#3626 = DIRECTION( '', ( 1.00000000000000, 0.00000000000000, -0.00000000000000 ) );
#3627 = DIRECTION( '', ( -0.00000000000000, 0.00000000000000, -1.00000000000000 ) );
#3628 = SURFACE_STYLE_FILL_AREA( #5044 );
#3629 = ORIENTED_EDGE( '', *, *, #4788, .T. );
#3630 = ORIENTED_EDGE( '', *, *, #4417, .T. );
#3631 = ORIENTED_EDGE( '', *, *, #4928, .T. );
#3632 = ORIENTED_EDGE( '', *, *, #5045, .T. );
#3633 = ORIENTED_EDGE( '', *, *, #4555, .T. );
#3634 = ORIENTED_EDGE( '', *, *, #5046, .T. );
#3635 = ORIENTED_EDGE( '', *, *, #4912, .T. );
#3636 = ORIENTED_EDGE( '', *, *, #4670, .T. );
#3637 = ORIENTED_EDGE( '', *, *, #4889, .T. );
#3638 = ORIENTED_EDGE( '', *, *, #4494, .T. );
#3639 = ORIENTED_EDGE( '', *, *, #5047, .T. );
#3640 = ORIENTED_EDGE( '', *, *, #4984, .T. );
#3641 = CARTESIAN_POINT( '', ( 0.00000000000000, 0.00000000000000, 82.6000000000000 ) );
#3642 = DIRECTION( '', ( 0.00000000000000, 0.00000000000000, 1.00000000000000 ) );
#3643 = DIRECTION( '', ( 1.00000000000000, 0.00000000000000, -0.00000000000000 ) );
#3644 = SURFACE_STYLE_FILL_AREA( #5048 );
#3645 = ORIENTED_EDGE( '', *, *, #4958, .T. );
#3646 = ORIENTED_EDGE( '', *, *, #4973, .F. );
#3647 = ORIENTED_EDGE( '', *, *, #5049, .F. );
#3648 = ORIENTED_EDGE( '', *, *, #4935, .T. );
#3649 = CARTESIAN_POINT( '', ( -18.9393398282202, 12.7071067811865, -1.00000000000000 ) );
#3650 = DIRECTION( '', ( 0.707106781186563, 0.707106781186532, -0.00000000000000 ) );
#3651 = DIRECTION( '', ( -0.707106781186532, 0.707106781186563, 0.00000000000000 ) );
#3652 = SURFACE_STYLE_FILL_AREA( #5050 );
#3653 = ORIENTED_EDGE( '', *, *, #4542, .T. );
#3654 = ORIENTED_EDGE( '', *, *, #4432, .F. );
#3655 = ORIENTED_EDGE( '', *, *, #4643, .F. );
#3656 = ORIENTED_EDGE( '', *, *, #5030, .T. );
#3657 = CARTESIAN_POINT( '', ( 4.37500000000000, 18.0000000000000, 80.6000000000000 ) );
#3658 = DIRECTION( '', ( 1.00000000000000, -5.78241158658935E-16, 0.00000000000000 ) );
#3659 = DIRECTION( '', ( 5.78241158658935E-16, 1.00000000000000, 0.00000000000000 ) );
#3660 = SURFACE_STYLE_FILL_AREA( #5051 );
#3661 = ORIENTED_EDGE( '', *, *, #5046, .F. );
#3662 = ORIENTED_EDGE( '', *, *, #4558, .F. );
#3663 = ORIENTED_EDGE( '', *, *, #4870, .T. );
#3664 = ORIENTED_EDGE( '', *, *, #4913, .T. );
#3665 = CARTESIAN_POINT( '', ( -20.0000000000000, 11.6464466094067, 83.6000000000000 ) );
#3666 = DIRECTION( '', ( 0.707106781186548, 0.707106781186547, -0.00000000000000 ) );
#3667 = DIRECTION( '', ( -0.707106781186547, 0.707106781186548, 0.00000000000000 ) );
#3668 = SURFACE_STYLE_FILL_AREA( #5052 );
#3669 = ORIENTED_EDGE( '', *, *, #5053, .T. );
#3670 = ORIENTED_EDGE( '', *, *, #5003, .T. );
#3671 = ORIENTED_EDGE( '', *, *, #4469, .T. );
#3672 = ORIENTED_EDGE( '', *, *, #4399, .T. );
#3673 = ORIENTED_EDGE( '', *, *, #4563, .T. );
#3674 = ORIENTED_EDGE( '', *, *, #4389, .F. );
#3675 = ORIENTED_EDGE( '', *, *, #5054, .F. );
#3676 = ORIENTED_EDGE( '', *, *, #4476, .F. );
#3677 = ORIENTED_EDGE( '', *, *, #5055, .T. );
#3678 = ORIENTED_EDGE( '', *, *, #4926, .T. );
#3679 = ORIENTED_EDGE( '', *, *, #5056, .T. );
#3680 = ORIENTED_EDGE( '', *, *, #4592, .T. );
#3681 = ORIENTED_EDGE( '', *, *, #4834, .T. );
#3682 = CARTESIAN_POINT( '', ( 0.00000000000000, 0.00000000000000, 70.8000000000000 ) );
#3683 = DIRECTION( '', ( 0.00000000000000, 0.00000000000000, 1.00000000000000 ) );
#3684 = DIRECTION( '', ( 1.00000000000000, 0.00000000000000, -0.00000000000000 ) );
#3685 = SURFACE_STYLE_FILL_AREA( #5057 );
#3686 = ORIENTED_EDGE( '', *, *, #5058, .T. );
#3687 = ORIENTED_EDGE( '', *, *, #4706, .F. );
#3688 = ORIENTED_EDGE( '', *, *, #4571, .F. );
#3689 = ORIENTED_EDGE( '', *, *, #5036, .T. );
#3690 = CARTESIAN_POINT( '', ( 20.7071067811865, 10.9393398282202, -1.00000000000000 ) );
#3691 = DIRECTION( '', ( 0.707106781186534, -0.707106781186561, 0.00000000000000 ) );
#3692 = DIRECTION( '', ( 0.707106781186561, 0.707106781186534, 0.00000000000000 ) );
#3693 = SURFACE_STYLE_FILL_AREA( #5059 );
#3694 = ORIENTED_EDGE( '', *, *, #4722, .F. );
#3695 = ORIENTED_EDGE( '', *, *, #5060, .F. );
#3696 = ORIENTED_EDGE( '', *, *, #5061, .F. );
#3697 = ORIENTED_EDGE( '', *, *, #4686, .F. );
#3698 = CARTESIAN_POINT( '', ( 22.5000000000000, 0.800000000000002, 11.8000000000000 ) );
#3699 = DIRECTION( '', ( 0.707106781186548, -0.707106781186548, 0.00000000000000 ) );
#3700 = DIRECTION( '', ( 0.00000000000000, 0.00000000000000, 1.00000000000000 ) );
#3701 = SURFACE_STYLE_FILL_AREA( #5062 );
#3702 = ORIENTED_EDGE( '', *, *, #4545, .T. );
#3703 = ORIENTED_EDGE( '', *, *, #4676, .F. );
#3704 = ORIENTED_EDGE( '', *, *, #4640, .F. );
#3705 = ORIENTED_EDGE( '', *, *, #4654, .T. );
#3706 = CARTESIAN_POINT( '', ( -20.8686291501015, 24.0000000000000, 80.6000000000000 ) );
#3707 = DIRECTION( '', ( 0.00000000000000, -1.00000000000000, 0.00000000000000 ) );
#3708 = DIRECTION( '', ( 0.00000000000000, 0.00000000000000, -1.00000000000000 ) );
#3709 = SURFACE_STYLE_FILL_AREA( #5063 );
#3710 = ORIENTED_EDGE( '', *, *, #4877, .F. );
#3711 = ORIENTED_EDGE( '', *, *, #4915, .F. );
#3712 = ORIENTED_EDGE( '', *, *, #4897, .F. );
#3713 = ORIENTED_EDGE( '', *, *, #5064, .T. );
#3714 = CARTESIAN_POINT( '', ( -2.50000000000000, 0.500000000000000, 100.000000000000 ) );
#3715 = DIRECTION( '', ( 0.00000000000000, 1.00000000000000, 0.00000000000000 ) );
#3716 = DIRECTION( '', ( 0.00000000000000, -0.00000000000000, 1.00000000000000 ) );
#3717 = SURFACE_STYLE_FILL_AREA( #5065 );
#3718 = ORIENTED_EDGE( '', *, *, #4539, .F. );
#3719 = ORIENTED_EDGE( '', *, *, #4405, .T. );
#3720 = ORIENTED_EDGE( '', *, *, #5066, .T. );
#3721 = ORIENTED_EDGE( '', *, *, #4465, .F. );
#3722 = ORIENTED_EDGE( '', *, *, #5067, .T. );
#3723 = ORIENTED_EDGE( '', *, *, #5060, .T. );
#3724 = ORIENTED_EDGE( '', *, *, #4721, .T. );
#3725 = ORIENTED_EDGE( '', *, *, #5004, .T. );
#3726 = ORIENTED_EDGE( '', *, *, #5053, .F. );
#3727 = ORIENTED_EDGE( '', *, *, #4833, .T. );
#3728 = ORIENTED_EDGE( '', *, *, #4646, .F. );
#3729 = ORIENTED_EDGE( '', *, *, #4440, .T. );
#3730 = CARTESIAN_POINT( '', ( -24.0000000000000, 0.00000000000000, 82.6000000000000 ) );
#3731 = DIRECTION( '', ( 0.00000000000000, 1.00000000000000, 0.00000000000000 ) );
#3732 = DIRECTION( '', ( 0.00000000000000, -0.00000000000000, 1.00000000000000 ) );
#3733 = SURFACE_STYLE_FILL_AREA( #5068 );
#3734 = ORIENTED_EDGE( '', *, *, #4781, .T. );
#3735 = ORIENTED_EDGE( '', *, *, #4786, .T. );
#3736 = ORIENTED_EDGE( '', *, *, #5069, .T. );
#3737 = ORIENTED_EDGE( '', *, *, #5070, .T. );
#3738 = ORIENTED_EDGE( '', *, *, #4838, .T. );
#3739 = ORIENTED_EDGE( '', *, *, #4854, .T. );
#3740 = ORIENTED_EDGE( '', *, *, #5001, .T. );
#3741 = ORIENTED_EDGE( '', *, *, #4993, .T. );
#3742 = ORIENTED_EDGE( '', *, *, #4936, .T. );
#3743 = ORIENTED_EDGE( '', *, *, #5049, .T. );
#3744 = ORIENTED_EDGE( '', *, *, #4972, .T. );
#3745 = ORIENTED_EDGE( '', *, *, #5071, .T. );
#3746 = ORIENTED_EDGE( '', *, *, #5072, .F. );
#3747 = CARTESIAN_POINT( '', ( -20.0000000000000, 12.0000000000000, -1.00000000000000 ) );
#3748 = DIRECTION( '', ( 0.00000000000000, 0.00000000000000, 1.00000000000000 ) );
#3749 = DIRECTION( '', ( 1.00000000000000, 0.00000000000000, -0.00000000000000 ) );
#3750 = SURFACE_STYLE_FILL_AREA( #5073 );
#3751 = ORIENTED_EDGE( '', *, *, #5006, .T. );
#3752 = ORIENTED_EDGE( '', *, *, #4726, .T. );
#3753 = ORIENTED_EDGE( '', *, *, #4694, .T. );
#3754 = ORIENTED_EDGE( '', *, *, #5074, .T. );
#3755 = ORIENTED_EDGE( '', *, *, #4450, .T. );
#3756 = ORIENTED_EDGE( '', *, *, #4824, .T. );
#3757 = ORIENTED_EDGE( '', *, *, #4860, .T. );
#3758 = ORIENTED_EDGE( '', *, *, #5075, .T. );
#3759 = ORIENTED_EDGE( '', *, *, #4614, .F. );
#3760 = CARTESIAN_POINT( '', ( 0.00000000000000, -50.0000000000000, 20.0000000000000 ) );
#3761 = DIRECTION( '', ( -0.00000000000000, 1.00000000000000, 0.00000000000000 ) );
#3762 = DIRECTION( '', ( 0.00000000000000, 0.00000000000000, -1.00000000000000 ) );
#3763 = SURFACE_STYLE_FILL_AREA( #5076 );
#3764 = ORIENTED_EDGE( '', *, *, #4560, .T. );
#3765 = ORIENTED_EDGE( '', *, *, #4491, .F. );
#3766 = CARTESIAN_POINT( '', ( 17.5000000000000, 26.0000000000000, 58.8000000000000 ) );
#3767 = DIRECTION( '', ( 0.00000000000000, -1.00000000000000, -0.00000000000000 ) );
#3768 = DIRECTION( '', ( 0.00000000000000, 0.00000000000000, 1.00000000000000 ) );
#3769 = SURFACE_STYLE_FILL_AREA( #5077 );
#3770 = ORIENTED_EDGE( '', *, *, #5078, .F. );
#3771 = ORIENTED_EDGE( '', *, *, #5079, .F. );
#3772 = ORIENTED_EDGE( '', *, *, #5011, .T. );
#3773 = ORIENTED_EDGE( '', *, *, #5080, .T. );
#3774 = CARTESIAN_POINT( '', ( 20.5606601717798, 11.2928932188134, 83.6000000000000 ) );
#3775 = DIRECTION( '', ( -0.707106781186557, -0.707106781186538, 0.00000000000000 ) );
#3776 = DIRECTION( '', ( 0.707106781186538, -0.707106781186557, 0.00000000000000 ) );
#3777 = SURFACE_STYLE_FILL_AREA( #5081 );
#3778 = ORIENTED_EDGE( '', *, *, #4873, .F. );
#3779 = ORIENTED_EDGE( '', *, *, #4548, .T. );
#3780 = CARTESIAN_POINT( '', ( -20.0000000000000, 12.0000000000000, 83.6000000000000 ) );
#3781 = DIRECTION( '', ( 0.00000000000000, -0.00000000000000, 1.00000000000000 ) );
#3782 = DIRECTION( '', ( -1.00000000000000, 0.00000000000000, 0.00000000000000 ) );
#3783 = SURFACE_STYLE_FILL_AREA( #5082 );
#3784 = ORIENTED_EDGE( '', *, *, #4925, .F. );
#3785 = ORIENTED_EDGE( '', *, *, #4630, .T. );
#3786 = ORIENTED_EDGE( '', *, *, #4589, .T. );
#3787 = ORIENTED_EDGE( '', *, *, #5056, .F. );
#3788 = CARTESIAN_POINT( '', ( 21.9343145750508, 24.5000000000000, 82.6000000000000 ) );
#3789 = DIRECTION( '', ( 0.707106781186550, 0.707106781186545, -0.00000000000000 ) );
#3790 = DIRECTION( '', ( -0.707106781186545, 0.707106781186550, 0.00000000000000 ) );
#3791 = SURFACE_STYLE_FILL_AREA( #5083 );
#3792 = ORIENTED_EDGE( '', *, *, #5072, .T. );
#3793 = ORIENTED_EDGE( '', *, *, #5084, .F. );
#3794 = CARTESIAN_POINT( '', ( -20.0000000000000, 12.0000000000000, -1.00000000000000 ) );
#3795 = DIRECTION( '', ( -0.00000000000000, -0.00000000000000, -1.00000000000000 ) );
#3796 = DIRECTION( '', ( 1.00000000000000, 0.00000000000000, -0.00000000000000 ) );
#3797 = SURFACE_STYLE_FILL_AREA( #5085 );
#3798 = ORIENTED_EDGE( '', *, *, #4750, .T. );
#3799 = ORIENTED_EDGE( '', *, *, #5086, .F. );
#3800 = ORIENTED_EDGE( '', *, *, #4900, .F. );
#3801 = ORIENTED_EDGE( '', *, *, #5087, .T. );
#3802 = CARTESIAN_POINT( '', ( 11.5000000000000, 5.00000000000000, 100.000000000000 ) );
#3803 = DIRECTION( '', ( -0.707228371207269, -0.706985170254308, 0.00000000000000 ) );
#3804 = DIRECTION( '', ( 0.706985170254308, -0.707228371207269, 0.00000000000000 ) );
#3805 = SURFACE_STYLE_FILL_AREA( #5088 );
#3806 = ORIENTED_EDGE( '', *, *, #5089, .F. );
#3807 = ORIENTED_EDGE( '', *, *, #5090, .F. );
#3808 = ORIENTED_EDGE( '', *, *, #4531, .T. );
#3809 = ORIENTED_EDGE( '', *, *, #5091, .T. );
#3810 = CARTESIAN_POINT( '', ( 11.2000000000000, 6.71801500037505, 82.6000000000000 ) );
#3811 = DIRECTION( '', ( 0.00000000000000, -0.00000000000000, 1.00000000000000 ) );
#3812 = DIRECTION( '', ( -1.00000000000000, 0.00000000000000, 0.00000000000000 ) );
#3813 = SURFACE_STYLE_FILL_AREA( #5092 );
#3814 = ORIENTED_EDGE( '', *, *, #4747, .T. );
#3815 = ORIENTED_EDGE( '', *, *, #4820, .F. );
#3816 = ORIENTED_EDGE( '', *, *, #4903, .F. );
#3817 = ORIENTED_EDGE( '', *, *, #4626, .T. );
#3818 = CARTESIAN_POINT( '', ( 8.59289320407240, 10.3968932040724, 100.000000000000 ) );
#3819 = DIRECTION( '', ( -0.707106781186542, 0.707106781186553, 0.00000000000000 ) );
#3820 = DIRECTION( '', ( -0.707106781186553, -0.707106781186542, 0.00000000000000 ) );
#3821 = SURFACE_STYLE_FILL_AREA( #5093 );
#3822 = ORIENTED_EDGE( '', *, *, #5075, .F. );
#3823 = ORIENTED_EDGE( '', *, *, #4859, .T. );
#3824 = ORIENTED_EDGE( '', *, *, #4753, .T. );
#3825 = ORIENTED_EDGE( '', *, *, #5007, .F. );
#3826 = CARTESIAN_POINT( '', ( -3.00000000000000, 0.00000000000000, 100.000000000000 ) );
#3827 = DIRECTION( '', ( -0.707106781186548, 0.707106781186548, 0.00000000000000 ) );
#3828 = DIRECTION( '', ( -0.707106781186547, -0.707106781186547, 0.00000000000000 ) );
#3829 = SURFACE_STYLE_FILL_AREA( #5094 );
#3830 = ORIENTED_EDGE( '', *, *, #5095, .F. );
#3831 = ORIENTED_EDGE( '', *, *, #4813, .F. );
#3832 = ORIENTED_EDGE( '', *, *, #4532, .T. );
#3833 = ORIENTED_EDGE( '', *, *, #5090, .T. );
#3834 = CARTESIAN_POINT( '', ( 11.5000000000000, 5.28298499962870, 82.6000000000000 ) );
#3835 = DIRECTION( '', ( -1.00000000000000, 0.00000000000000, 0.00000000000000 ) );
#3836 = DIRECTION( '', ( 0.00000000000000, 0.00000000000000, 1.00000000000000 ) );
#3837 = SURFACE_STYLE_FILL_AREA( #5096 );
#3838 = ORIENTED_EDGE( '', *, *, #4745, .T. );
#3839 = ORIENTED_EDGE( '', *, *, #5097, .F. );
#3840 = ORIENTED_EDGE( '', *, *, #4904, .F. );
#3841 = ORIENTED_EDGE( '', *, *, #4605, .T. );
#3842 = CARTESIAN_POINT( '', ( 11.2000000000000, 13.2829849996249, 100.000000000000 ) );
#3843 = DIRECTION( '', ( 0.00000000000000, -0.00000000000000, 1.00000000000000 ) );
#3844 = DIRECTION( '', ( -1.00000000000000, 0.00000000000000, 0.00000000000000 ) );
#3845 = SURFACE_STYLE_FILL_AREA( #5098 );
#3846 = ORIENTED_EDGE( '', *, *, #4878, .F. );
#3847 = ORIENTED_EDGE( '', *, *, #5064, .F. );
#3848 = ORIENTED_EDGE( '', *, *, #4896, .F. );
#3849 = ORIENTED_EDGE( '', *, *, #4857, .T. );
#3850 = CARTESIAN_POINT( '', ( -3.00000000000000, 0.00000000000000, 100.000000000000 ) );
#3851 = DIRECTION( '', ( -0.707106781186548, 0.707106781186548, 0.00000000000000 ) );
#3852 = DIRECTION( '', ( -0.707106781186547, -0.707106781186547, 0.00000000000000 ) );
#3853 = SURFACE_STYLE_FILL_AREA( #5099 );
#3854 = ORIENTED_EDGE( '', *, *, #5100, .T. );
#3855 = ORIENTED_EDGE( '', *, *, #5101, .F. );
#3856 = ORIENTED_EDGE( '', *, *, #4574, .F. );
#3857 = ORIENTED_EDGE( '', *, *, #5102, .T. );
#3858 = CARTESIAN_POINT( '', ( 21.0606601717798, 12.7071067811865, -1.00000000000000 ) );
#3859 = DIRECTION( '', ( 0.707106781186530, 0.707106781186565, -0.00000000000000 ) );
#3860 = DIRECTION( '', ( -0.707106781186565, 0.707106781186530, 0.00000000000000 ) );
#3861 = SURFACE_STYLE_FILL_AREA( #5103 );
#3862 = ORIENTED_EDGE( '', *, *, #4756, .T. );
#3863 = ORIENTED_EDGE( '', *, *, #4415, .F. );
#3864 = ORIENTED_EDGE( '', *, *, #4895, .F. );
#3865 = ORIENTED_EDGE( '', *, *, #4999, .T. );
#3866 = CARTESIAN_POINT( '', ( -8.30000000000001, 9.68978643095070, 100.000000000000 ) );
#3867 = DIRECTION( '', ( 1.00000000000000, 0.00000000000000, -0.00000000000000 ) );
#3868 = DIRECTION( '', ( -0.00000000000000, 0.00000000000000, -1.00000000000000 ) );
#3869 = SURFACE_STYLE_FILL_AREA( #5104 );
#3870 = ORIENTED_EDGE( '', *, *, #5105, .F. );
#3871 = ORIENTED_EDGE( '', *, *, #4887, .F. );
#3872 = ORIENTED_EDGE( '', *, *, #5009, .T. );
#3873 = ORIENTED_EDGE( '', *, *, #4920, .T. );
#3874 = CARTESIAN_POINT( '', ( 19.5000000000000, 12.3535533905933, 83.6000000000000 ) );
#3875 = DIRECTION( '', ( -0.707106781186545, -0.707106781186550, 0.00000000000000 ) );
#3876 = DIRECTION( '', ( 0.707106781186550, -0.707106781186545, 0.00000000000000 ) );
#3877 = SURFACE_STYLE_FILL_AREA( #5106 );
#3878 = ORIENTED_EDGE( '', *, *, #5107, .T. );
#3879 = ORIENTED_EDGE( '', *, *, #4561, .F. );
#3880 = CARTESIAN_POINT( '', ( 17.5000000000000, 17.0000000000000, 23.8000000000000 ) );
#3881 = DIRECTION( '', ( -0.00000000000000, 1.00000000000000, 0.00000000000000 ) );
#3882 = DIRECTION( '', ( 0.00000000000000, 0.00000000000000, -1.00000000000000 ) );
#3883 = SURFACE_STYLE_FILL_AREA( #5108 );
#3884 = ORIENTED_EDGE( '', *, *, #4445, .F. );
#3885 = CARTESIAN_POINT( '', ( -20.0000000000000, 18.0000000000000, 75.3500000000000 ) );
#3886 = DIRECTION( '', ( 1.00000000000000, 0.00000000000000, 0.00000000000000 ) );
#3887 = DIRECTION( '', ( 0.00000000000000, 0.00000000000000, -1.00000000000000 ) );
#3888 = SURFACE_STYLE_FILL_AREA( #5109 );
#3889 = ORIENTED_EDGE( '', *, *, #5110, .T. );
#3890 = ORIENTED_EDGE( '', *, *, #5102, .F. );
#3891 = ORIENTED_EDGE( '', *, *, #4573, .F. );
#3892 = ORIENTED_EDGE( '', *, *, #4705, .T. );
#3893 = CARTESIAN_POINT( '', ( 20.3535533905933, 12.0000000000000, -1.00000000000000 ) );
#3894 = DIRECTION( '', ( 0.707106781186543, -0.707106781186552, 0.00000000000000 ) );
#3895 = DIRECTION( '', ( 0.707106781186552, 0.707106781186543, 0.00000000000000 ) );
#3896 = SURFACE_STYLE_FILL_AREA( #5111 );
#3897 = ORIENTED_EDGE( '', *, *, #5112, .T. );
#3898 = ORIENTED_EDGE( '', *, *, #4619, .F. );
#3899 = ORIENTED_EDGE( '', *, *, #4567, .F. );
#3900 = ORIENTED_EDGE( '', *, *, #4769, .T. );
#3901 = CARTESIAN_POINT( '', ( 19.6464466094067, 12.0000000000000, -1.00000000000000 ) );
#3902 = DIRECTION( '', ( -0.707106781186552, 0.707106781186543, 0.00000000000000 ) );
#3903 = DIRECTION( '', ( -0.707106781186543, -0.707106781186552, 0.00000000000000 ) );
#3904 = SURFACE_STYLE_FILL_AREA( #5113 );
#3905 = ORIENTED_EDGE( '', *, *, #5114, .F. );
#3906 = ORIENTED_EDGE( '', *, *, #5115, .F. );
#3907 = ORIENTED_EDGE( '', *, *, #4529, .T. );
#3908 = ORIENTED_EDGE( '', *, *, #5028, .T. );
#3909 = CARTESIAN_POINT( '', ( 8.82873590042173, 8.94400003086640, 82.6000000000000 ) );
#3910 = DIRECTION( '', ( 0.00000000000000, -0.00000000000000, 1.00000000000000 ) );
#3911 = DIRECTION( '', ( -1.00000000000000, 0.00000000000000, 0.00000000000000 ) );
#3912 = SURFACE_STYLE_FILL_AREA( #5116 );
#3913 = ORIENTED_EDGE( '', *, *, #5117, .F. );
#3914 = ORIENTED_EDGE( '', *, *, #5118, .F. );
#3915 = ORIENTED_EDGE( '', *, *, #5119, .F. );
#3916 = ORIENTED_EDGE( '', *, *, #5100, .F. );
#3917 = ORIENTED_EDGE( '', *, *, #5110, .F. );
#3918 = ORIENTED_EDGE( '', *, *, #4704, .F. );
#3919 = ORIENTED_EDGE( '', *, *, #5058, .F. );
#3920 = ORIENTED_EDGE( '', *, *, #5035, .F. );
#3921 = ORIENTED_EDGE( '', *, *, #5120, .F. );
#3922 = ORIENTED_EDGE( '', *, *, #4617, .F. );
#3923 = ORIENTED_EDGE( '', *, *, #5112, .F. );
#3924 = ORIENTED_EDGE( '', *, *, #4768, .F. );
#3925 = CARTESIAN_POINT( '', ( 0.00000000000000, 0.00000000000000, 0.00000000000000 ) );
#3926 = DIRECTION( '', ( 0.00000000000000, 0.00000000000000, 1.00000000000000 ) );
#3927 = DIRECTION( '', ( 1.00000000000000, 0.00000000000000, -0.00000000000000 ) );
#3928 = SURFACE_STYLE_FILL_AREA( #5121 );
#3929 = ORIENTED_EDGE( '', *, *, #4549, .T. );
#3930 = ORIENTED_EDGE( '', *, *, #4547, .T. );
#3931 = ORIENTED_EDGE( '', *, *, #4655, .F. );
#3932 = ORIENTED_EDGE( '', *, *, #4638, .F. );
#3933 = ORIENTED_EDGE( '', *, *, #4689, .T. );
#3934 = CARTESIAN_POINT( '', ( -22.0000000000000, 0.565685424949238, 80.6000000000000 ) );
#3935 = DIRECTION( '', ( 1.00000000000000, -1.55560046005986E-16, 0.00000000000000 ) );
#3936 = DIRECTION( '', ( 1.55560046005986E-16, 1.00000000000000, 0.00000000000000 ) );
#3937 = SURFACE_STYLE_FILL_AREA( #5122 );
#3938 = ORIENTED_EDGE( '', *, *, #5119, .T. );
#3939 = ORIENTED_EDGE( '', *, *, #5123, .F. );
#3940 = ORIENTED_EDGE( '', *, *, #4575, .F. );
#3941 = ORIENTED_EDGE( '', *, *, #5101, .T. );
#3942 = CARTESIAN_POINT( '', ( 20.7071067811866, 13.0606601717798, -1.00000000000000 ) );
#3943 = DIRECTION( '', ( -0.707106781186538, 0.707106781186557, 0.00000000000000 ) );
#3944 = DIRECTION( '', ( -0.707106781186557, -0.707106781186538, 0.00000000000000 ) );
#3945 = SURFACE_STYLE_FILL_AREA( #5124 );
#3946 = ORIENTED_EDGE( '', *, *, #5047, .F. );
#3947 = ORIENTED_EDGE( '', *, *, #4497, .F. );
#3948 = ORIENTED_EDGE( '', *, *, #4867, .T. );
#3949 = ORIENTED_EDGE( '', *, *, #4985, .T. );
#3950 = CARTESIAN_POINT( '', ( -19.2928932188135, 13.0606601717798, 83.6000000000000 ) );
#3951 = DIRECTION( '', ( 0.707106781186548, -0.707106781186547, 0.00000000000000 ) );
#3952 = DIRECTION( '', ( 0.707106781186547, 0.707106781186548, 0.00000000000000 ) );
#3953 = SURFACE_STYLE_FILL_AREA( #5125 );
#3954 = ORIENTED_EDGE( '', *, *, #4709, .T. );
#3955 = CARTESIAN_POINT( '', ( -17.5000000000000, 17.0000000000000, 58.8000000000000 ) );
#3956 = DIRECTION( '', ( -0.00000000000000, 1.00000000000000, 0.00000000000000 ) );
#3957 = DIRECTION( '', ( 0.00000000000000, 0.00000000000000, 1.00000000000000 ) );
#3958 = SURFACE_STYLE_FILL_AREA( #5126 );
#3959 = ORIENTED_EDGE( '', *, *, #5118, .T. );
#3960 = ORIENTED_EDGE( '', *, *, #5127, .F. );
#3961 = ORIENTED_EDGE( '', *, *, #4576, .F. );
#3962 = ORIENTED_EDGE( '', *, *, #5123, .T. );
#3963 = CARTESIAN_POINT( '', ( 20.0000000000000, 12.3535533905933, -1.00000000000000 ) );
#3964 = DIRECTION( '', ( 0.707106781186545, 0.707106781186550, -0.00000000000000 ) );
#3965 = DIRECTION( '', ( -0.707106781186550, 0.707106781186545, 0.00000000000000 ) );
#3966 = SURFACE_STYLE_FILL_AREA( #5128 );
#3967 = ORIENTED_EDGE( '', *, *, #5129, .F. );
#3968 = ORIENTED_EDGE( '', *, *, #4455, .F. );
#3969 = ORIENTED_EDGE( '', *, *, #5130, .T. );
#3970 = ORIENTED_EDGE( '', *, *, #5131, .T. );
#3971 = CARTESIAN_POINT( '', ( -21.7000000000000, 24.5000000000000, 11.8000000000000 ) );
#3972 = DIRECTION( '', ( 0.00000000000000, 1.00000000000000, 0.00000000000000 ) );
#3973 = DIRECTION( '', ( 0.00000000000000, -0.00000000000000, 1.00000000000000 ) );
#3974 = SURFACE_STYLE_FILL_AREA( #5132 );
#3975 = ORIENTED_EDGE( '', *, *, #4981, .T. );
#3976 = ORIENTED_EDGE( '', *, *, #4931, .F. );
#3977 = ORIENTED_EDGE( '', *, *, #4826, .F. );
#3978 = ORIENTED_EDGE( '', *, *, #4700, .T. );
#3979 = ORIENTED_EDGE( '', *, *, #4609, .T. );
#3980 = ORIENTED_EDGE( '', *, *, #5084, .T. );
#3981 = ORIENTED_EDGE( '', *, *, #4612, .T. );
#3982 = ORIENTED_EDGE( '', *, *, #4594, .T. );
#3983 = ORIENTED_EDGE( '', *, *, #4815, .T. );
#3984 = ORIENTED_EDGE( '', *, *, #4996, .T. );
#3985 = ORIENTED_EDGE( '', *, *, #4422, .T. );
#3986 = ORIENTED_EDGE( '', *, *, #4621, .T. );
#3987 = ORIENTED_EDGE( '', *, *, #4407, .T. );
#3988 = ORIENTED_EDGE( '', *, *, #4944, .T. );
#3989 = ORIENTED_EDGE( '', *, *, #4774, .T. );
#3990 = ORIENTED_EDGE( '', *, *, #4804, .T. );
#3991 = ORIENTED_EDGE( '', *, *, #4777, .T. );
#3992 = ORIENTED_EDGE( '', *, *, #4462, .T. );
#3993 = ORIENTED_EDGE( '', *, *, #5066, .F. );
#3994 = ORIENTED_EDGE( '', *, *, #4404, .F. );
#3995 = ORIENTED_EDGE( '', *, *, #4792, .T. );
#3996 = ORIENTED_EDGE( '', *, *, #4802, .F. );
#3997 = ORIENTED_EDGE( '', *, *, #4681, .T. );
#3998 = ORIENTED_EDGE( '', *, *, #5133, .T. );
#3999 = ORIENTED_EDGE( '', *, *, #4849, .F. );
#4000 = ORIENTED_EDGE( '', *, *, #4811, .T. );
#4001 = ORIENTED_EDGE( '', *, *, #5095, .T. );
#4002 = ORIENTED_EDGE( '', *, *, #5089, .T. );
#4003 = ORIENTED_EDGE( '', *, *, #5134, .F. );
#4004 = ORIENTED_EDGE( '', *, *, #5114, .T. );
#4005 = ORIENTED_EDGE( '', *, *, #5027, .T. );
#4006 = ORIENTED_EDGE( '', *, *, #4499, .T. );
#4007 = ORIENTED_EDGE( '', *, *, #4950, .T. );
#4008 = ORIENTED_EDGE( '', *, *, #4991, .T. );
#4009 = ORIENTED_EDGE( '', *, *, #4509, .T. );
#4010 = ORIENTED_EDGE( '', *, *, #4800, .T. );
#4011 = ORIENTED_EDGE( '', *, *, #4579, .F. );
#4012 = ORIENTED_EDGE( '', *, *, #4881, .T. );
#4013 = ORIENTED_EDGE( '', *, *, #5032, .T. );
#4014 = ORIENTED_EDGE( '', *, *, #5039, .T. );
#4015 = ORIENTED_EDGE( '', *, *, #5135, .F. );
#4016 = ORIENTED_EDGE( '', *, *, #5018, .T. );
#4017 = ORIENTED_EDGE( '', *, *, #4841, .T. );
#4018 = ORIENTED_EDGE( '', *, *, #5136, .F. );
#4019 = CARTESIAN_POINT( '', ( 0.00000000000000, 0.00000000000000, 0.00000000000000 ) );
#4020 = DIRECTION( '', ( 0.00000000000000, 0.00000000000000, 1.00000000000000 ) );
#4021 = DIRECTION( '', ( 1.00000000000000, 0.00000000000000, -0.00000000000000 ) );
#4022 = SURFACE_STYLE_FILL_AREA( #5137 );
#4023 = ORIENTED_EDGE( '', *, *, #5138, .F. );
#4024 = ORIENTED_EDGE( '', *, *, #4807, .T. );
#4025 = ORIENTED_EDGE( '', *, *, #5139, .T. );
#4026 = ORIENTED_EDGE( '', *, *, #4453, .T. );
#4027 = ORIENTED_EDGE( '', *, *, #4668, .F. );
#4028 = CARTESIAN_POINT( '', ( -22.5000000000000, 0.00000000000000, 11.8000000000000 ) );
#4029 = DIRECTION( '', ( -1.00000000000000, 0.00000000000000, 0.00000000000000 ) );
#4030 = DIRECTION( '', ( 0.00000000000000, 0.00000000000000, 1.00000000000000 ) );
#4031 = SURFACE_STYLE_FILL_AREA( #5140 );
#4032 = ORIENTED_EDGE( '', *, *, #4586, .T. );
#4033 = ORIENTED_EDGE( '', *, *, #4716, .F. );
#4034 = CARTESIAN_POINT( '', ( -17.5000000000000, 17.6135000000000, 23.8000000000000 ) );
#4035 = DIRECTION( '', ( -0.00000000000000, 1.00000000000000, 0.00000000000000 ) );
#4036 = DIRECTION( '', ( 0.00000000000000, -0.00000000000000, 1.00000000000000 ) );
#4037 = SURFACE_STYLE_FILL_AREA( #5141 );
#4038 = ORIENTED_EDGE( '', *, *, #4719, .F. );
#4039 = ORIENTED_EDGE( '', *, *, #4477, .F. );
#4040 = ORIENTED_EDGE( '', *, *, #5054, .T. );
#4041 = ORIENTED_EDGE( '', *, *, #4388, .T. );
#4042 = CARTESIAN_POINT( '', ( 5.83333333333333, 25.5000000000000, 82.6000000000000 ) );
#4043 = DIRECTION( '', ( -1.00000000000000, 0.00000000000000, 0.00000000000000 ) );
#4044 = DIRECTION( '', ( 0.00000000000000, 0.00000000000000, 1.00000000000000 ) );
#4045 = SURFACE_STYLE_FILL_AREA( #5142 );
#4046 = ORIENTED_EDGE( '', *, *, #5143, .F. );
#4047 = ORIENTED_EDGE( '', *, *, #5023, .F. );
#4048 = ORIENTED_EDGE( '', *, *, #5013, .T. );
#4049 = ORIENTED_EDGE( '', *, *, #4965, .T. );
#4050 = CARTESIAN_POINT( '', ( 18.7928932188135, 10.9393398282202, 83.6000000000000 ) );
#4051 = DIRECTION( '', ( -0.707106781186552, 0.707106781186543, 0.00000000000000 ) );
#4052 = DIRECTION( '', ( -0.707106781186543, -0.707106781186552, 0.00000000000000 ) );
#4053 = SURFACE_STYLE_FILL_AREA( #5144 );
#4054 = ORIENTED_EDGE( '', *, *, #4738, .T. );
#4055 = ORIENTED_EDGE( '', *, *, #5145, .F. );
#4056 = ORIENTED_EDGE( '', *, *, #4909, .F. );
#4057 = ORIENTED_EDGE( '', *, *, #4862, .T. );
#4058 = CARTESIAN_POINT( '', ( -8.82881346539493, 16.9429224659210, 100.000000000000 ) );
#4059 = DIRECTION( '', ( 0.00000000000000, -0.00000000000000, 1.00000000000000 ) );
#4060 = DIRECTION( '', ( -1.00000000000000, 0.00000000000000, 0.00000000000000 ) );
#4061 = SURFACE_STYLE_FILL_AREA( #5146 );
#4062 = ORIENTED_EDGE( '', *, *, #4879, .T. );
#4063 = ORIENTED_EDGE( '', *, *, #5147, .F. );
#4064 = CARTESIAN_POINT( '', ( 0.00000000000000, 9.00000000000000, 74.5000000000000 ) );
#4065 = DIRECTION( '', ( 0.00000000000000, 1.00000000000000, 0.00000000000000 ) );
#4066 = DIRECTION( '', ( 0.00000000000000, -0.00000000000000, 1.00000000000000 ) );
#4067 = SURFACE_STYLE_FILL_AREA( #5148 );
#4068 = ORIENTED_EDGE( '', *, *, #5135, .T. );
#4069 = ORIENTED_EDGE( '', *, *, #5040, .F. );
#4070 = ORIENTED_EDGE( '', *, *, #4520, .F. );
#4071 = ORIENTED_EDGE( '', *, *, #5019, .T. );
#4072 = CARTESIAN_POINT( '', ( -11.2224262673129, 2.88309934339650, 82.6000000000000 ) );
#4073 = DIRECTION( '', ( 0.00000000000000, -0.00000000000000, 1.00000000000000 ) );
#4074 = DIRECTION( '', ( -1.00000000000000, 0.00000000000000, 0.00000000000000 ) );
#4075 = SURFACE_STYLE_FILL_AREA( #5149 );
#4076 = ORIENTED_EDGE( '', *, *, #4482, .T. );
#4077 = ORIENTED_EDGE( '', *, *, #5150, .F. );
#4078 = ORIENTED_EDGE( '', *, *, #5130, .F. );
#4079 = ORIENTED_EDGE( '', *, *, #4454, .F. );
#4080 = ORIENTED_EDGE( '', *, *, #5139, .F. );
#4081 = ORIENTED_EDGE( '', *, *, #4806, .T. );
#4082 = ORIENTED_EDGE( '', *, *, #4830, .F. );
#4083 = ORIENTED_EDGE( '', *, *, #4845, .T. );
#4084 = ORIENTED_EDGE( '', *, *, #5043, .F. );
#4085 = ORIENTED_EDGE( '', *, *, #4975, .T. );
#4086 = ORIENTED_EDGE( '', *, *, #5151, .F. );
#4087 = ORIENTED_EDGE( '', *, *, #4434, .T. );
#4088 = ORIENTED_EDGE( '', *, *, #4678, .T. );
#4089 = CARTESIAN_POINT( '', ( 0.00000000000000, 0.00000000000000, 11.8000000000000 ) );
#4090 = DIRECTION( '', ( 0.00000000000000, 0.00000000000000, 1.00000000000000 ) );
#4091 = DIRECTION( '', ( 1.00000000000000, 0.00000000000000, -0.00000000000000 ) );
#4092 = SURFACE_STYLE_FILL_AREA( #5152 );
#4093 = ORIENTED_EDGE( '', *, *, #5134, .T. );
#4094 = ORIENTED_EDGE( '', *, *, #5091, .F. );
#4095 = ORIENTED_EDGE( '', *, *, #4530, .F. );
#4096 = ORIENTED_EDGE( '', *, *, #5115, .T. );
#4097 = CARTESIAN_POINT( '', ( 11.2224255740827, 9.11791015214260, 82.6000000000000 ) );
#4098 = DIRECTION( '', ( 0.00000000000000, -0.00000000000000, 1.00000000000000 ) );
#4099 = DIRECTION( '', ( -1.00000000000000, 0.00000000000000, 0.00000000000000 ) );
#4100 = SURFACE_STYLE_FILL_AREA( #5153 );
#4101 = ORIENTED_EDGE( '', *, *, #4427, .T. );
#4102 = ORIENTED_EDGE( '', *, *, #4472, .F. );
#4103 = CARTESIAN_POINT( '', ( 0.00000000000000, 25.0000000000000, 7.65000000000000 ) );
#4104 = DIRECTION( '', ( -0.00000000000000, 1.00000000000000, 0.00000000000000 ) );
#4105 = DIRECTION( '', ( 0.00000000000000, 0.00000000000000, -1.00000000000000 ) );
#4106 = SURFACE_STYLE_FILL_AREA( #5154 );
#4107 = ORIENTED_EDGE( '', *, *, #5155, .T. );
#4108 = ORIENTED_EDGE( '', *, *, #5107, .F. );
#4109 = CARTESIAN_POINT( '', ( 17.5000000000000, 17.6135000000000, 23.8000000000000 ) );
#4110 = DIRECTION( '', ( -0.00000000000000, 1.00000000000000, 0.00000000000000 ) );
#4111 = DIRECTION( '', ( 0.00000000000000, -0.00000000000000, 1.00000000000000 ) );
#4112 = SURFACE_STYLE_FILL_AREA( #5156 );
#4113 = ORIENTED_EDGE( '', *, *, #5157, .F. );
#4114 = ORIENTED_EDGE( '', *, *, #4967, .F. );
#4115 = ORIENTED_EDGE( '', *, *, #5012, .T. );
#4116 = ORIENTED_EDGE( '', *, *, #5079, .T. );
#4117 = CARTESIAN_POINT( '', ( 20.2071067811865, 10.9393398282202, 83.6000000000000 ) );
#4118 = DIRECTION( '', ( -0.707106781186530, 0.707106781186565, 0.00000000000000 ) );
#4119 = DIRECTION( '', ( -0.707106781186565, -0.707106781186530, 0.00000000000000 ) );
#4120 = SURFACE_STYLE_FILL_AREA( #5158 );
#4121 = ORIENTED_EDGE( '', *, *, #5159, .F. );
#4122 = ORIENTED_EDGE( '', *, *, #4922, .F. );
#4123 = ORIENTED_EDGE( '', *, *, #5016, .T. );
#4124 = ORIENTED_EDGE( '', *, *, #5160, .T. );
#4125 = CARTESIAN_POINT( '', ( 18.4393398282202, 12.7071067811865, 83.6000000000000 ) );
#4126 = DIRECTION( '', ( 0.707106781186552, 0.707106781186543, -0.00000000000000 ) );
#4127 = DIRECTION( '', ( -0.707106781186543, 0.707106781186552, 0.00000000000000 ) );
#4128 = SURFACE_STYLE_FILL_AREA( #5161 );
#4129 = ORIENTED_EDGE( '', *, *, #5155, .F. );
#4130 = CARTESIAN_POINT( '', ( 17.5000000000000, 17.0000000000000, 21.4135000000000 ) );
#4131 = DIRECTION( '', ( 0.00000000000000, 1.00000000000000, 0.00000000000000 ) );
#4132 = DIRECTION( '', ( 0.00000000000000, -0.00000000000000, 1.00000000000000 ) );
#4133 = SURFACE_STYLE_FILL_AREA( #5162 );
#4134 = ORIENTED_EDGE( '', *, *, #4742, .T. );
#4135 = ORIENTED_EDGE( '', *, *, #4395, .F. );
#4136 = ORIENTED_EDGE( '', *, *, #4907, .F. );
#4137 = ORIENTED_EDGE( '', *, *, #4381, .T. );
#4138 = CARTESIAN_POINT( '', ( 9.04086788742955, 17.1561321125705, 100.000000000000 ) );
#4139 = DIRECTION( '', ( -0.707106781186543, -0.707106781186552, 0.00000000000000 ) );
#4140 = DIRECTION( '', ( 0.707106781186552, -0.707106781186543, 0.00000000000000 ) );
#4141 = SURFACE_STYLE_FILL_AREA( #5163 );
#4142 = ORIENTED_EDGE( '', *, *, #4737, .F. );
#4143 = ORIENTED_EDGE( '', *, *, #4917, .F. );
#4144 = ORIENTED_EDGE( '', *, *, #4910, .T. );
#4145 = ORIENTED_EDGE( '', *, *, #5145, .T. );
#4146 = CARTESIAN_POINT( '', ( -11.2224262673129, 17.1179006566035, 100.000000000000 ) );
#4147 = DIRECTION( '', ( 0.00000000000000, -0.00000000000000, 1.00000000000000 ) );
#4148 = DIRECTION( '', ( -1.00000000000000, 0.00000000000000, 0.00000000000000 ) );
#4149 = SURFACE_STYLE_FILL_AREA( #5164 );
#4150 = ORIENTED_EDGE( '', *, *, #5165, .F. );
#4151 = ORIENTED_EDGE( '', *, *, #5080, .F. );
#4152 = ORIENTED_EDGE( '', *, *, #5010, .T. );
#4153 = ORIENTED_EDGE( '', *, *, #4988, .T. );
#4154 = CARTESIAN_POINT( '', ( 19.8535533905933, 12.0000000000000, 83.6000000000000 ) );
#4155 = DIRECTION( '', ( -0.707106781186543, 0.707106781186552, 0.00000000000000 ) );
#4156 = DIRECTION( '', ( -0.707106781186552, -0.707106781186543, 0.00000000000000 ) );
#4157 = SURFACE_STYLE_FILL_AREA( #5166 );
#4158 = ORIENTED_EDGE( '', *, *, #4717, .T. );
#4159 = ORIENTED_EDGE( '', *, *, #5167, .F. );
#4160 = ORIENTED_EDGE( '', *, *, #4435, .T. );
#4161 = ORIENTED_EDGE( '', *, *, #5151, .T. );
#4162 = ORIENTED_EDGE( '', *, *, #4977, .T. );
#4163 = ORIENTED_EDGE( '', *, *, #4939, .F. );
#4164 = CARTESIAN_POINT( '', ( 24.0000000000000, 26.0000000000000, 82.6000000000000 ) );
#4165 = DIRECTION( '', ( 0.00000000000000, -1.00000000000000, 0.00000000000000 ) );
#4166 = DIRECTION( '', ( 0.00000000000000, 0.00000000000000, -1.00000000000000 ) );
#4167 = SURFACE_STYLE_FILL_AREA( #5168 );
#4168 = ORIENTED_EDGE( '', *, *, #5169, .F. );
#4169 = ORIENTED_EDGE( '', *, *, #5160, .F. );
#4170 = ORIENTED_EDGE( '', *, *, #5015, .T. );
#4171 = ORIENTED_EDGE( '', *, *, #5022, .T. );
#4172 = CARTESIAN_POINT( '', ( 19.1464466094067, 12.0000000000000, 83.6000000000000 ) );
#4173 = DIRECTION( '', ( 0.707106781186552, -0.707106781186543, 0.00000000000000 ) );
#4174 = DIRECTION( '', ( 0.707106781186543, 0.707106781186552, 0.00000000000000 ) );
#4175 = SURFACE_STYLE_FILL_AREA( #5170 );
#4176 = ORIENTED_EDGE( '', *, *, #5133, .F. );
#4177 = ORIENTED_EDGE( '', *, *, #4683, .F. );
#4178 = ORIENTED_EDGE( '', *, *, #4535, .T. );
#4179 = ORIENTED_EDGE( '', *, *, #4850, .T. );
#4180 = CARTESIAN_POINT( '', ( 8.82873590042170, 3.05699996913362, 82.6000000000000 ) );
#4181 = DIRECTION( '', ( 0.00000000000000, -0.00000000000000, 1.00000000000000 ) );
#4182 = DIRECTION( '', ( -1.00000000000000, 0.00000000000000, 0.00000000000000 ) );
#4183 = SURFACE_STYLE_FILL_AREA( #5171 );
#4184 = ORIENTED_EDGE( '', *, *, #4961, .T. );
#4185 = ORIENTED_EDGE( '', *, *, #4839, .F. );
#4186 = ORIENTED_EDGE( '', *, *, #5070, .F. );
#4187 = ORIENTED_EDGE( '', *, *, #5172, .T. );
#4188 = CARTESIAN_POINT( '', ( -21.0606601717798, 11.2928932188135, -1.00000000000000 ) );
#4189 = DIRECTION( '', ( -0.707106781186544, -0.707106781186551, 0.00000000000000 ) );
#4190 = DIRECTION( '', ( 0.707106781186551, -0.707106781186544, 0.00000000000000 ) );
#4191 = SURFACE_STYLE_FILL_AREA( #5173 );
#4192 = ORIENTED_EDGE( '', *, *, #4743, .T. );
#4193 = ORIENTED_EDGE( '', *, *, #4659, .F. );
#4194 = ORIENTED_EDGE( '', *, *, #4906, .F. );
#4195 = ORIENTED_EDGE( '', *, *, #5174, .T. );
#4196 = CARTESIAN_POINT( '', ( 11.2000000000000, 14.7180150003750, 100.000000000000 ) );
#4197 = DIRECTION( '', ( 0.00000000000000, -0.00000000000000, 1.00000000000000 ) );
#4198 = DIRECTION( '', ( -1.00000000000000, 0.00000000000000, 0.00000000000000 ) );
#4199 = SURFACE_STYLE_FILL_AREA( #5175 );
#4200 = ORIENTED_EDGE( '', *, *, #5167, .T. );
#4201 = ORIENTED_EDGE( '', *, *, #4708, .F. );
#4202 = CARTESIAN_POINT( '', ( -17.5000000000000, 26.0000000000000, 58.8000000000000 ) );
#4203 = DIRECTION( '', ( 0.00000000000000, -1.00000000000000, -0.00000000000000 ) );
#4204 = DIRECTION( '', ( 0.00000000000000, 0.00000000000000, 1.00000000000000 ) );
#4205 = SURFACE_STYLE_FILL_AREA( #5176 );
#4206 = ORIENTED_EDGE( '', *, *, #5120, .T. );
#4207 = ORIENTED_EDGE( '', *, *, #5037, .F. );
#4208 = ORIENTED_EDGE( '', *, *, #4569, .F. );
#4209 = ORIENTED_EDGE( '', *, *, #4618, .T. );
#4210 = CARTESIAN_POINT( '', ( 19.2928932188135, 10.9393398282202, -1.00000000000000 ) );
#4211 = DIRECTION( '', ( 0.707106781186552, -0.707106781186543, 0.00000000000000 ) );
#4212 = DIRECTION( '', ( 0.707106781186543, 0.707106781186552, 0.00000000000000 ) );
#4213 = SURFACE_STYLE_FILL_AREA( #5177 );
#4214 = ORIENTED_EDGE( '', *, *, #4749, .F. );
#4215 = ORIENTED_EDGE( '', *, *, #4979, .F. );
#4216 = ORIENTED_EDGE( '', *, *, #4901, .T. );
#4217 = ORIENTED_EDGE( '', *, *, #5086, .T. );
#4218 = CARTESIAN_POINT( '', ( 9.30000000000001, 8.61521362002065, 100.000000000000 ) );
#4219 = DIRECTION( '', ( 0.00000000000000, -0.00000000000000, 1.00000000000000 ) );
#4220 = DIRECTION( '', ( -1.00000000000000, 0.00000000000000, 0.00000000000000 ) );
#4221 = SURFACE_STYLE_FILL_AREA( #5178 );
#4222 = ORIENTED_EDGE( '', *, *, #4740, .T. );
#4223 = ORIENTED_EDGE( '', *, *, #4864, .F. );
#4224 = ORIENTED_EDGE( '', *, *, #4908, .F. );
#4225 = ORIENTED_EDGE( '', *, *, #4765, .T. );
#4226 = CARTESIAN_POINT( '', ( -7.98889321881333, 17.5000000000002, 100.000000000000 ) );
#4227 = DIRECTION( '', ( 0.00000000000000, -0.00000000000000, 1.00000000000000 ) );
#4228 = DIRECTION( '', ( -1.00000000000000, 0.00000000000000, 0.00000000000000 ) );
#4229 = SURFACE_STYLE_FILL_AREA( #5179 );
#4230 = ORIENTED_EDGE( '', *, *, #5136, .T. );
#4231 = ORIENTED_EDGE( '', *, *, #4843, .F. );
#4232 = ORIENTED_EDGE( '', *, *, #4517, .F. );
#4233 = ORIENTED_EDGE( '', *, *, #4982, .T. );
#4234 = CARTESIAN_POINT( '', ( -9.29999999999937, 1.68978531500303, 82.6000000000000 ) );
#4235 = DIRECTION( '', ( 0.00000000000000, -0.00000000000000, 1.00000000000000 ) );
#4236 = DIRECTION( '', ( -1.00000000000000, 0.00000000000000, 0.00000000000000 ) );
#4237 = SURFACE_STYLE_FILL_AREA( #5180 );
#4238 = ORIENTED_EDGE( '', *, *, #5045, .F. );
#4239 = ORIENTED_EDGE( '', *, *, #4929, .F. );
#4240 = ORIENTED_EDGE( '', *, *, #4871, .T. );
#4241 = ORIENTED_EDGE( '', *, *, #4556, .T. );
#4242 = CARTESIAN_POINT( '', ( -21.0606601717798, 11.2928932188135, 83.6000000000000 ) );
#4243 = DIRECTION( '', ( 0.707106781186544, 0.707106781186551, -0.00000000000000 ) );
#4244 = DIRECTION( '', ( -0.707106781186551, 0.707106781186544, 0.00000000000000 ) );
#4245 = SURFACE_STYLE_FILL_AREA( #5181 );
#4246 = ORIENTED_EDGE( '', *, *, #4875, .F. );
#4247 = ORIENTED_EDGE( '', *, *, #4447, .T. );
#4248 = ORIENTED_EDGE( '', *, *, #5074, .F. );
#4249 = ORIENTED_EDGE( '', *, *, #4693, .F. );
#4250 = CARTESIAN_POINT( '', ( 2.50000000000000, 0.500000000000000, 100.000000000000 ) );
#4251 = DIRECTION( '', ( 0.707106781186548, 0.707106781186548, -0.00000000000000 ) );
#4252 = DIRECTION( '', ( -0.707106781186547, 0.707106781186547, 0.00000000000000 ) );
#4253 = SURFACE_STYLE_FILL_AREA( #5182 );
#4254 = ORIENTED_EDGE( '', *, *, #5117, .T. );
#4255 = ORIENTED_EDGE( '', *, *, #4770, .F. );
#4256 = ORIENTED_EDGE( '', *, *, #4565, .F. );
#4257 = ORIENTED_EDGE( '', *, *, #5127, .T. );
#4258 = CARTESIAN_POINT( '', ( 19.2928932188135, 13.0606601717798, -1.00000000000000 ) );
#4259 = DIRECTION( '', ( -0.707106781186548, 0.707106781186548, 0.00000000000000 ) );
#4260 = DIRECTION( '', ( -0.707106781186547, -0.707106781186547, 0.00000000000000 ) );
#4261 = SURFACE_STYLE_FILL_AREA( #5183 );
#4262 = ORIENTED_EDGE( '', *, *, #4687, .T. );
#4263 = ORIENTED_EDGE( '', *, *, #5061, .T. );
#4264 = ORIENTED_EDGE( '', *, *, #5067, .F. );
#4265 = ORIENTED_EDGE( '', *, *, #4464, .F. );
#4266 = ORIENTED_EDGE( '', *, *, #4776, .F. );
#4267 = ORIENTED_EDGE( '', *, *, #4945, .F. );
#4268 = ORIENTED_EDGE( '', *, *, #4409, .F. );
#4269 = ORIENTED_EDGE( '', *, *, #4622, .F. );
#4270 = ORIENTED_EDGE( '', *, *, #4424, .F. );
#4271 = ORIENTED_EDGE( '', *, *, #4997, .F. );
#4272 = ORIENTED_EDGE( '', *, *, #4816, .F. );
#4273 = ORIENTED_EDGE( '', *, *, #4596, .F. );
#4274 = ORIENTED_EDGE( '', *, *, #4611, .F. );
#4275 = ORIENTED_EDGE( '', *, *, #4702, .F. );
#4276 = ORIENTED_EDGE( '', *, *, #4831, .F. );
#4277 = ORIENTED_EDGE( '', *, *, #4808, .T. );
#4278 = ORIENTED_EDGE( '', *, *, #5138, .T. );
#4279 = ORIENTED_EDGE( '', *, *, #4452, .T. );
#4280 = ORIENTED_EDGE( '', *, *, #5129, .T. );
#4281 = ORIENTED_EDGE( '', *, *, #5184, .T. );
#4282 = ORIENTED_EDGE( '', *, *, #4480, .T. );
#4283 = ORIENTED_EDGE( '', *, *, #4953, .T. );
#4284 = ORIENTED_EDGE( '', *, *, #4947, .T. );
#4285 = ORIENTED_EDGE( '', *, *, #4457, .T. );
#4286 = CARTESIAN_POINT( '', ( -4.33680868994202E-16, 18.0000000000000, 2.00000000000000 ) );
#4287 = DIRECTION( '', ( 0.00000000000000, 0.00000000000000, 1.00000000000000 ) );
#4288 = DIRECTION( '', ( 1.00000000000000, 0.00000000000000, -0.00000000000000 ) );
#4289 = SURFACE_STYLE_FILL_AREA( #5185 );
#4290 = ORIENTED_EDGE( '', *, *, #4615, .T. );
#4291 = ORIENTED_EDGE( '', *, *, #4764, .F. );
#4292 = CARTESIAN_POINT( '', ( 0.00000000000000, -50.0000000000000, 20.0000000000000 ) );
#4293 = DIRECTION( '', ( -0.00000000000000, 1.00000000000000, 0.00000000000000 ) );
#4294 = DIRECTION( '', ( 0.00000000000000, 0.00000000000000, -1.00000000000000 ) );
#4295 = SURFACE_STYLE_FILL_AREA( #5186 );
#4296 = ORIENTED_EDGE( '', *, *, #4759, .T. );
#4297 = ORIENTED_EDGE( '', *, *, #4969, .F. );
#4298 = ORIENTED_EDGE( '', *, *, #4892, .F. );
#4299 = ORIENTED_EDGE( '', *, *, #4712, .T. );
#4300 = CARTESIAN_POINT( '', ( -11.2000000000000, 13.2829933332593, 100.000000000000 ) );
#4301 = DIRECTION( '', ( 0.00000000000000, -0.00000000000000, 1.00000000000000 ) );
#4302 = DIRECTION( '', ( -1.00000000000000, 0.00000000000000, 0.00000000000000 ) );
#4303 = SURFACE_STYLE_FILL_AREA( #5187 );
#4304 = ORIENTED_EDGE( '', *, *, #4956, .T. );
#4305 = ORIENTED_EDGE( '', *, *, #4782, .F. );
#4306 = ORIENTED_EDGE( '', *, *, #5071, .F. );
#4307 = ORIENTED_EDGE( '', *, *, #4971, .T. );
#4308 = CARTESIAN_POINT( '', ( -20.0000000000000, 12.3535533905933, -1.00000000000000 ) );
#4309 = DIRECTION( '', ( 0.707106781186548, 0.707106781186547, -0.00000000000000 ) );
#4310 = DIRECTION( '', ( -0.707106781186547, 0.707106781186548, 0.00000000000000 ) );
#4311 = SURFACE_STYLE_FILL_AREA( #5188 );
#4312 = ORIENTED_EDGE( '', *, *, #4962, .T. );
#4313 = ORIENTED_EDGE( '', *, *, #5172, .F. );
#4314 = ORIENTED_EDGE( '', *, *, #5069, .F. );
#4315 = ORIENTED_EDGE( '', *, *, #4785, .T. );
#4316 = CARTESIAN_POINT( '', ( -20.3535533905933, 12.0000000000000, -1.00000000000000 ) );
#4317 = DIRECTION( '', ( -0.707106781186547, 0.707106781186548, 0.00000000000000 ) );
#4318 = DIRECTION( '', ( -0.707106781186548, -0.707106781186547, 0.00000000000000 ) );
#4319 = SURFACE_STYLE_FILL_AREA( #5189 );
#4320 = ORIENTED_EDGE( '', *, *, #5184, .F. );
#4321 = ORIENTED_EDGE( '', *, *, #5131, .F. );
#4322 = ORIENTED_EDGE( '', *, *, #5150, .T. );
#4323 = ORIENTED_EDGE( '', *, *, #4481, .F. );
#4324 = CARTESIAN_POINT( '', ( -4.37499999999999, 24.5000000000000, 11.8000000000000 ) );
#4325 = DIRECTION( '', ( -0.866025403784439, 0.500000000000000, 0.00000000000000 ) );
#4326 = DIRECTION( '', ( -0.500000000000000, -0.866025403784439, 0.00000000000000 ) );
#4327 = SURFACE_STYLE_FILL_AREA( #5190 );
#4328 = ORIENTED_EDGE( '', *, *, #4751, .T. );
#4329 = ORIENTED_EDGE( '', *, *, #5087, .F. );
#4330 = ORIENTED_EDGE( '', *, *, #4899, .F. );
#4331 = ORIENTED_EDGE( '', *, *, #4600, .T. );
#4332 = CARTESIAN_POINT( '', ( 11.5000000000000, 1.20000000000000, 100.000000000000 ) );
#4333 = DIRECTION( '', ( -1.00000000000000, 0.00000000000000, 0.00000000000000 ) );
#4334 = DIRECTION( '', ( 0.00000000000000, 0.00000000000000, 1.00000000000000 ) );
#4335 = SURFACE_STYLE_FILL_AREA( #5191 );
#4336 = ORIENTED_EDGE( '', *, *, #5147, .T. );
#4337 = ORIENTED_EDGE( '', *, *, #4763, .F. );
#4338 = CARTESIAN_POINT( '', ( 0.00000000000000, -50.0000000000000, 80.0000000000000 ) );
#4339 = DIRECTION( '', ( -0.00000000000000, 1.00000000000000, 0.00000000000000 ) );
#4340 = DIRECTION( '', ( 0.00000000000000, 0.00000000000000, -1.00000000000000 ) );
#4341 = SURFACE_STYLE_FILL_AREA( #5192 );
#4342 = ORIENTED_EDGE( '', *, *, #4475, .F. );
#4343 = ORIENTED_EDGE( '', *, *, #4632, .T. );
#4344 = ORIENTED_EDGE( '', *, *, #4924, .T. );
#4345 = ORIENTED_EDGE( '', *, *, #5055, .F. );
#4346 = CARTESIAN_POINT( '', ( -8.88178419700125E-16, 32.0777222831138, 82.6000000000000 ) );
#4347 = DIRECTION( '', ( 0.866025403784439, 0.500000000000000, -0.00000000000000 ) );
#4348 = DIRECTION( '', ( -0.500000000000000, 0.866025403784438, 0.00000000000000 ) );
#4349 = SURFACE_STYLE_FILL_AREA( #5193 );
#4350 = ORIENTED_EDGE( '', *, *, #4919, .T. );
#4351 = ORIENTED_EDGE( '', *, *, #5159, .T. );
#4352 = ORIENTED_EDGE( '', *, *, #5169, .T. );
#4353 = ORIENTED_EDGE( '', *, *, #5021, .T. );
#4354 = ORIENTED_EDGE( '', *, *, #5143, .T. );
#4355 = ORIENTED_EDGE( '', *, *, #4964, .T. );
#4356 = ORIENTED_EDGE( '', *, *, #5157, .T. );
#4357 = ORIENTED_EDGE( '', *, *, #5078, .T. );
#4358 = ORIENTED_EDGE( '', *, *, #5165, .T. );
#4359 = ORIENTED_EDGE( '', *, *, #4987, .T. );
#4360 = ORIENTED_EDGE( '', *, *, #4884, .T. );
#4361 = ORIENTED_EDGE( '', *, *, #5105, .T. );
#4362 = CARTESIAN_POINT( '', ( 0.00000000000000, 0.00000000000000, 82.6000000000000 ) );
#4363 = DIRECTION( '', ( 0.00000000000000, 0.00000000000000, 1.00000000000000 ) );
#4364 = DIRECTION( '', ( 1.00000000000000, 0.00000000000000, -0.00000000000000 ) );
#4365 = SURFACE_STYLE_FILL_AREA( #5194 );
#4366 = ORIENTED_EDGE( '', *, *, #4744, .T. );
#4367 = ORIENTED_EDGE( '', *, *, #5174, .F. );
#4368 = ORIENTED_EDGE( '', *, *, #4905, .F. );
#4369 = ORIENTED_EDGE( '', *, *, #5097, .T. );
#4370 = CARTESIAN_POINT( '', ( 11.5000000000000, 13.2829849996287, 100.000000000000 ) );
#4371 = DIRECTION( '', ( -1.00000000000000, 0.00000000000000, 0.00000000000000 ) );
#4372 = DIRECTION( '', ( 0.00000000000000, 0.00000000000000, 1.00000000000000 ) );
#4374 = FILL_AREA_STYLE( '', ( #5195 ) );
#4375 = EDGE_CURVE( '', #5196, #5197, #5198, .T. );
#4376 = EDGE_CURVE( '', #5199, #5197, #5200, .T. );
#4377 = EDGE_CURVE( '', #5201, #5199, #5202, .T. );
#4378 = EDGE_CURVE( '', #5201, #5196, #5203, .T. );
#4379 = FILL_AREA_STYLE( '', ( #5204 ) );
#4380 = EDGE_CURVE( '', #5205, #5206, #5207, .T. );
#4381 = EDGE_CURVE( '', #5208, #5206, #5209, .T. );
#4382 = EDGE_CURVE( '', #5210, #5208, #5211, .T. );
#4383 = EDGE_CURVE( '', #5210, #5205, #5212, .T. );
#4384 = FILL_AREA_STYLE( '', ( #5213 ) );
#4385 = EDGE_CURVE( '', #5214, #5214, #5215, .T. );
#4386 = FILL_AREA_STYLE( '', ( #5216 ) );
#4387 = EDGE_CURVE( '', #5217, #5218, #5219, .F. );
#4388 = EDGE_CURVE( '', #5220, #5217, #5221, .T. );
#4389 = EDGE_CURVE( '', #5220, #5222, #5223, .F. );
#4390 = EDGE_CURVE( '', #5218, #5222, #5224, .F. );
#4391 = FILL_AREA_STYLE( '', ( #5225 ) );
#4392 = EDGE_CURVE( '', #5226, #5227, #5228, .T. );
#4393 = EDGE_CURVE( '', #5229, #5227, #5230, .T. );
#4394 = EDGE_CURVE( '', #5231, #5229, #5232, .T. );
#4395 = EDGE_CURVE( '', #5231, #5226, #5233, .T. );
#4396 = FILL_AREA_STYLE( '', ( #5234 ) );
#4397 = EDGE_CURVE( '', #5235, #5236, #5237, .F. );
#4398 = EDGE_CURVE( '', #5238, #5235, #5239, .T. );
#4399 = EDGE_CURVE( '', #5240, #5238, #5241, .F. );
#4400 = EDGE_CURVE( '', #5236, #5240, #5242, .T. );
#4401 = FILL_AREA_STYLE( '', ( #5243 ) );
#4402 = EDGE_CURVE( '', #5244, #5245, #5246, .T. );
#4403 = EDGE_CURVE( '', #5244, #5247, #5248, .T. );
#4404 = EDGE_CURVE( '', #5247, #5249, #5250, .T. );
#4405 = EDGE_CURVE( '', #5245, #5249, #5251, .T. );
#4406 = FILL_AREA_STYLE( '', ( #5252 ) );
#4407 = EDGE_CURVE( '', #5253, #5254, #5255, .T. );
#4408 = EDGE_CURVE( '', #5256, #5253, #5257, .T. );
#4409 = EDGE_CURVE( '', #5256, #5258, #5259, .T. );
#4410 = EDGE_CURVE( '', #5258, #5254, #5260, .T. );
#4411 = FILL_AREA_STYLE( '', ( #5261 ) );
#4412 = EDGE_CURVE( '', #5262, #5263, #5264, .T. );
#4413 = EDGE_CURVE( '', #5265, #5262, #5266, .T. );
#4414 = EDGE_CURVE( '', #5265, #5267, #5268, .T. );
#4415 = EDGE_CURVE( '', #5267, #5263, #5269, .T. );
#4416 = FILL_AREA_STYLE( '', ( #5270 ) );
#4417 = EDGE_CURVE( '', #5271, #5272, #5273, .T. );
#4418 = EDGE_CURVE( '', #5274, #5271, #5275, .T. );
#4419 = EDGE_CURVE( '', #5274, #5276, #5277, .T. );
#4420 = EDGE_CURVE( '', #5276, #5272, #5278, .T. );
#4421 = FILL_AREA_STYLE( '', ( #5279 ) );
#4422 = EDGE_CURVE( '', #5280, #5281, #5282, .T. );
#4423 = EDGE_CURVE( '', #5283, #5280, #5284, .T. );
#4424 = EDGE_CURVE( '', #5283, #5285, #5286, .T. );
#4425 = EDGE_CURVE( '', #5285, #5281, #5287, .T. );
#4426 = FILL_AREA_STYLE( '', ( #5288 ) );
#4427 = EDGE_CURVE( '', #5289, #5289, #5290, .T. );
#4428 = FILL_AREA_STYLE( '', ( #5291 ) );
#4429 = EDGE_CURVE( '', #5292, #5293, #5294, .T. );
#4430 = EDGE_CURVE( '', #5295, #5293, #5296, .T. );
#4431 = EDGE_CURVE( '', #5297, #5295, #5298, .T. );
#4432 = EDGE_CURVE( '', #5297, #5292, #5299, .T. );
#4433 = FILL_AREA_STYLE( '', ( #5300 ) );
#4434 = EDGE_CURVE( '', #5301, #5302, #5303, .F. );
#4435 = EDGE_CURVE( '', #5304, #5301, #5305, .T. );
#4436 = EDGE_CURVE( '', #5304, #5306, #5307, .F. );
#4437 = EDGE_CURVE( '', #5302, #5306, #5308, .F. );
#4438 = FILL_AREA_STYLE( '', ( #5309 ) );
#4439 = EDGE_CURVE( '', #5310, #5311, #5312, .T. );
#4440 = EDGE_CURVE( '', #5313, #5311, #5314, .T. );
#4441 = EDGE_CURVE( '', #5315, #5313, #5316, .T. );
#4442 = EDGE_CURVE( '', #5315, #5310, #5317, .T. );
#4443 = FILL_AREA_STYLE( '', ( #5318 ) );
#4444 = EDGE_CURVE( '', #5319, #5319, #5320, .F. );
#4445 = EDGE_CURVE( '', #5321, #5321, #5322, .T. );
#4446 = FILL_AREA_STYLE( '', ( #5323 ) );
#4447 = EDGE_CURVE( '', #5324, #5325, #5326, .T. );
#4448 = EDGE_CURVE( '', #5327, #5324, #5328, .F. );
#4449 = EDGE_CURVE( '', #5327, #5329, #5330, .T. );
#4450 = EDGE_CURVE( '', #5325, #5329, #5331, .F. );
#4451 = FILL_AREA_STYLE( '', ( #5332 ) );
#4452 = EDGE_CURVE( '', #5333, #5334, #5335, .T. );
#4453 = EDGE_CURVE( '', #5336, #5333, #5337, .T. );
#4454 = EDGE_CURVE( '', #5336, #5338, #5339, .T. );
#4455 = EDGE_CURVE( '', #5338, #5334, #5340, .T. );
#4456 = FILL_AREA_STYLE( '', ( #5341 ) );
#4457 = EDGE_CURVE( '', #5342, #5343, #5344, .T. );
#4458 = EDGE_CURVE( '', #5345, #5342, #5346, .T. );
#4459 = EDGE_CURVE( '', #5345, #5347, #5348, .T. );
#4460 = EDGE_CURVE( '', #5347, #5343, #5349, .T. );
#4461 = FILL_AREA_STYLE( '', ( #5350 ) );
#4462 = EDGE_CURVE( '', #5351, #5352, #5353, .T. );
#4463 = EDGE_CURVE( '', #5354, #5351, #5355, .T. );
#4464 = EDGE_CURVE( '', #5354, #5356, #5357, .T. );
#4465 = EDGE_CURVE( '', #5356, #5352, #5358, .T. );
#4466 = FILL_AREA_STYLE( '', ( #5359 ) );
#4467 = EDGE_CURVE( '', #5360, #5361, #5362, .T. );
#4468 = EDGE_CURVE( '', #5361, #5236, #5363, .T. );
#4469 = EDGE_CURVE( '', #5360, #5240, #5364, .T. );
#4470 = FILL_AREA_STYLE( '', ( #5365 ) );
#4471 = EDGE_CURVE( '', #5366, #5366, #5367, .F. );
#4472 = EDGE_CURVE( '', #5368, #5368, #5369, .F. );
#4473 = EDGE_CURVE( '', #5370, #5371, #5372, .T. );
#4474 = EDGE_CURVE( '', #5371, #5373, #5374, .T. );
#4475 = EDGE_CURVE( '', #5373, #5375, #5376, .T. );
#4476 = EDGE_CURVE( '', #5375, #5377, #5378, .T. );
#4477 = EDGE_CURVE( '', #5377, #5379, #5380, .T. );
#4478 = EDGE_CURVE( '', #5381, #5379, #5382, .T. );
#4479 = EDGE_CURVE( '', #5381, #5383, #5384, .T. );
#4480 = EDGE_CURVE( '', #5385, #5383, #5386, .T. );
#4481 = EDGE_CURVE( '', #5385, #5387, #5388, .T. );
#4482 = EDGE_CURVE( '', #5389, #5387, #5390, .T. );
#4483 = EDGE_CURVE( '', #5391, #5389, #5392, .T. );
#4484 = EDGE_CURVE( '', #5391, #5370, #5393, .T. );
#4485 = FILL_AREA_STYLE( '', ( #5394 ) );
#4486 = EDGE_CURVE( '', #5395, #5396, #5397, .T. );
#4487 = EDGE_CURVE( '', #5396, #5398, #5399, .T. );
#4488 = EDGE_CURVE( '', #5398, #5400, #5401, .T. );
#4489 = EDGE_CURVE( '', #5395, #5400, #5402, .T. );
#4490 = FILL_AREA_STYLE( '', ( #5403 ) );
#4491 = EDGE_CURVE( '', #5404, #5404, #5405, .T. );
#4492 = EDGE_CURVE( '', #5406, #5406, #5407, .T. );
#4493 = FILL_AREA_STYLE( '', ( #5408 ) );
#4494 = EDGE_CURVE( '', #5409, #5410, #5411, .T. );
#4495 = EDGE_CURVE( '', #5412, #5409, #5413, .T. );
#4496 = EDGE_CURVE( '', #5412, #5414, #5415, .T. );
#4497 = EDGE_CURVE( '', #5414, #5410, #5416, .T. );
#4498 = FILL_AREA_STYLE( '', ( #5417 ) );
#4499 = EDGE_CURVE( '', #5418, #5419, #5420, .T. );
#4500 = EDGE_CURVE( '', #5421, #5418, #5422, .T. );
#4501 = EDGE_CURVE( '', #5421, #5423, #5424, .T. );
#4502 = EDGE_CURVE( '', #5423, #5419, #5425, .T. );
#4503 = FILL_AREA_STYLE( '', ( #5426 ) );
#4504 = EDGE_CURVE( '', #5427, #5428, #5429, .T. );
#4505 = EDGE_CURVE( '', #5427, #5430, #5431, .T. );
#4506 = EDGE_CURVE( '', #5430, #5432, #5433, .T. );
#4507 = EDGE_CURVE( '', #5428, #5432, #5434, .T. );
#4508 = FILL_AREA_STYLE( '', ( #5435 ) );
#4509 = EDGE_CURVE( '', #5436, #5437, #5438, .T. );
#4510 = EDGE_CURVE( '', #5439, #5436, #5440, .T. );
#4511 = EDGE_CURVE( '', #5439, #5441, #5442, .T. );
#4512 = EDGE_CURVE( '', #5441, #5437, #5443, .T. );
#4513 = FILL_AREA_STYLE( '', ( #5444 ) );
#4514 = EDGE_CURVE( '', #5445, #5445, #5446, .T. );
#4515 = EDGE_CURVE( '', #5447, #5448, #5449, .F. );
#4516 = EDGE_CURVE( '', #5450, #5447, #5451, .T. );
#4517 = EDGE_CURVE( '', #5450, #5452, #5453, .T. );
#4518 = EDGE_CURVE( '', #5454, #5452, #5455, .T. );
#4519 = EDGE_CURVE( '', #5456, #5454, #5457, .T. );
#4520 = EDGE_CURVE( '', #5456, #5458, #5459, .T. );
#4521 = EDGE_CURVE( '', #5460, #5458, #5461, .T. );
#4522 = EDGE_CURVE( '', #5462, #5460, #5463, .T. );
#4523 = EDGE_CURVE( '', #5464, #5462, #5465, .T. );
#4524 = EDGE_CURVE( '', #5464, #5466, #5467, .T. );
#4525 = EDGE_CURVE( '', #5441, #5466, #5468, .T. );
#4526 = EDGE_CURVE( '', #5469, #5439, #5470, .T. );
#4527 = EDGE_CURVE( '', #5423, #5469, #5471, .T. );
#4528 = EDGE_CURVE( '', #5472, #5421, #5473, .T. );
#4529 = EDGE_CURVE( '', #5474, #5472, #5475, .T. );
#4530 = EDGE_CURVE( '', #5474, #5476, #5477, .T. );
#4531 = EDGE_CURVE( '', #5478, #5476, #5479, .T. );
#4532 = EDGE_CURVE( '', #5480, #5478, #5481, .T. );
#4533 = EDGE_CURVE( '', #5482, #5480, #5483, .T. );
#4534 = EDGE_CURVE( '', #5482, #5484, #5485, .T. );
#4535 = EDGE_CURVE( '', #5486, #5484, #5487, .T. );
#4536 = EDGE_CURVE( '', #5488, #5486, #5489, .T. );
#4537 = EDGE_CURVE( '', #5488, #5490, #5491, .T. );
#4538 = EDGE_CURVE( '', #5244, #5490, #5492, .T. );
#4539 = EDGE_CURVE( '', #5245, #5311, #5493, .T. );
#4540 = EDGE_CURVE( '', #5494, #5310, #5495, .T. );
#4541 = EDGE_CURVE( '', #5293, #5494, #5496, .T. );
#4542 = EDGE_CURVE( '', #5497, #5292, #5498, .T. );
#4543 = EDGE_CURVE( '', #5499, #5497, #5500, .T. );
#4544 = EDGE_CURVE( '', #5501, #5499, #5502, .T. );
#4545 = EDGE_CURVE( '', #5503, #5501, #5504, .T. );
#4546 = EDGE_CURVE( '', #5505, #5503, #5506, .T. );
#4547 = EDGE_CURVE( '', #5507, #5505, #5508, .T. );
#4548 = EDGE_CURVE( '', #5507, #5507, #5509, .T. );
#4549 = EDGE_CURVE( '', #5510, #5507, #5511, .T. );
#4550 = EDGE_CURVE( '', #5512, #5510, #5513, .T. );
#4551 = EDGE_CURVE( '', #5512, #5448, #5514, .T. );
#4552 = FILL_AREA_STYLE( '', ( #5515 ) );
#4553 = EDGE_CURVE( '', #5516, #5516, #5517, .T. );
#4554 = FILL_AREA_STYLE( '', ( #5518 ) );
#4555 = EDGE_CURVE( '', #5519, #5520, #5521, .T. );
#4556 = EDGE_CURVE( '', #5522, #5519, #5523, .T. );
#4557 = EDGE_CURVE( '', #5522, #5524, #5525, .T. );
#4558 = EDGE_CURVE( '', #5524, #5520, #5526, .T. );
#4559 = FILL_AREA_STYLE( '', ( #5527 ) );
#4560 = EDGE_CURVE( '', #5528, #5528, #5529, .T. );
#4561 = EDGE_CURVE( '', #5530, #5530, #5531, .T. );
#4562 = EDGE_CURVE( '', #5235, #5218, #5532, .T. );
#4563 = EDGE_CURVE( '', #5238, #5222, #5533, .T. );
#4564 = FILL_AREA_STYLE( '', ( #5534 ) );
#4565 = EDGE_CURVE( '', #5535, #5536, #5537, .T. );
#4566 = EDGE_CURVE( '', #5536, #5538, #5539, .T. );
#4567 = EDGE_CURVE( '', #5538, #5540, #5541, .T. );
#4568 = EDGE_CURVE( '', #5540, #5542, #5543, .T. );
#4569 = EDGE_CURVE( '', #5542, #5544, #5545, .T. );
#4570 = EDGE_CURVE( '', #5544, #5546, #5547, .T. );
#4571 = EDGE_CURVE( '', #5546, #5548, #5549, .T. );
#4572 = EDGE_CURVE( '', #5548, #5550, #5551, .T. );
#4573 = EDGE_CURVE( '', #5550, #5552, #5553, .T. );
#4574 = EDGE_CURVE( '', #5552, #5554, #5555, .T. );
#4575 = EDGE_CURVE( '', #5554, #5556, #5557, .T. );
#4576 = EDGE_CURVE( '', #5556, #5535, #5558, .T. );
#4577 = EDGE_CURVE( '', #5559, #5559, #5560, .T. );
#4578 = FILL_AREA_STYLE( '', ( #5561 ) );
#4579 = EDGE_CURVE( '', #5562, #5563, #5564, .T. );
#4580 = EDGE_CURVE( '', #5466, #5563, #5565, .T. );
#4581 = EDGE_CURVE( '', #5464, #5562, #5566, .T. );
#4582 = FILL_AREA_STYLE( '', ( #5567 ) );
#4583 = EDGE_CURVE( '', #5568, #5568, #5569, .T. );
#4584 = EDGE_CURVE( '', #5570, #5570, #5571, .F. );
#4585 = FILL_AREA_STYLE( '', ( #5572 ) );
#4586 = EDGE_CURVE( '', #5573, #5573, #5574, .T. );
#4587 = FILL_AREA_STYLE( '', ( #5575 ) );
#4588 = EDGE_CURVE( '', #5576, #5576, #5577, .T. );
#4589 = EDGE_CURVE( '', #5578, #5579, #5580, .T. );
#4590 = EDGE_CURVE( '', #5578, #5581, #5582, .T. );
#4591 = EDGE_CURVE( '', #5581, #5583, #5584, .T. );
#4592 = EDGE_CURVE( '', #5579, #5583, #5585, .T. );
#4593 = FILL_AREA_STYLE( '', ( #5586 ) );
#4594 = EDGE_CURVE( '', #5587, #5588, #5589, .T. );
#4595 = EDGE_CURVE( '', #5590, #5587, #5591, .T. );
#4596 = EDGE_CURVE( '', #5590, #5592, #5593, .T. );
#4597 = EDGE_CURVE( '', #5592, #5588, #5594, .T. );
#4598 = FILL_AREA_STYLE( '', ( #5595 ) );
#4599 = EDGE_CURVE( '', #5596, #5597, #5598, .T. );
#4600 = EDGE_CURVE( '', #5599, #5597, #5600, .T. );
#4601 = EDGE_CURVE( '', #5601, #5599, #5602, .T. );
#4602 = EDGE_CURVE( '', #5601, #5596, #5603, .T. );
#4603 = FILL_AREA_STYLE( '', ( #5604 ) );
#4604 = EDGE_CURVE( '', #5605, #5606, #5607, .T. );
#4605 = EDGE_CURVE( '', #5608, #5605, #5609, .T. );
#4606 = EDGE_CURVE( '', #5608, #5610, #5611, .T. );
#4607 = EDGE_CURVE( '', #5610, #5606, #5612, .T. );
#4608 = FILL_AREA_STYLE( '', ( #5613 ) );
#4609 = EDGE_CURVE( '', #5614, #5615, #5616, .T. );
#4610 = EDGE_CURVE( '', #5617, #5614, #5618, .T. );
#4611 = EDGE_CURVE( '', #5617, #5590, #5619, .T. );
#4612 = EDGE_CURVE( '', #5615, #5587, #5620, .T. );
#4613 = FILL_AREA_STYLE( '', ( #5621 ) );
#4614 = EDGE_CURVE( '', #5622, #5622, #5623, .T. );
#4615 = EDGE_CURVE( '', #5624, #5624, #5625, .T. );
#4616 = FILL_AREA_STYLE( '', ( #5626 ) );
#4617 = EDGE_CURVE( '', #5627, #5628, #5629, .T. );
#4618 = EDGE_CURVE( '', #5542, #5628, #5630, .T. );
#4619 = EDGE_CURVE( '', #5540, #5627, #5631, .T. );
#4620 = FILL_AREA_STYLE( '', ( #5632 ) );
#4621 = EDGE_CURVE( '', #5281, #5253, #5633, .T. );
#4622 = EDGE_CURVE( '', #5285, #5256, #5634, .T. );
#4623 = FILL_AREA_STYLE( '', ( #5635 ) );
#4624 = FILL_AREA_STYLE( '', ( #5636 ) );
#4625 = EDGE_CURVE( '', #5637, #5638, #5639, .T. );
#4626 = EDGE_CURVE( '', #5640, #5637, #5641, .T. );
#4627 = EDGE_CURVE( '', #5640, #5642, #5643, .T. );
#4628 = EDGE_CURVE( '', #5642, #5638, #5644, .T. );
#4629 = FILL_AREA_STYLE( '', ( #5645 ) );
#4630 = EDGE_CURVE( '', #5646, #5578, #5647, .T. );
#4631 = EDGE_CURVE( '', #5648, #5646, #5649, .T. );
#4632 = EDGE_CURVE( '', #5373, #5648, #5650, .T. );
#4633 = EDGE_CURVE( '', #5430, #5371, #5651, .T. );
#4634 = EDGE_CURVE( '', #5398, #5427, #5652, .T. );
#4635 = EDGE_CURVE( '', #5653, #5396, #5654, .T. );
#4636 = EDGE_CURVE( '', #5653, #5655, #5656, .T. );
#4637 = EDGE_CURVE( '', #5655, #5657, #5658, .T. );
#4638 = EDGE_CURVE( '', #5657, #5659, #5660, .T. );
#4639 = EDGE_CURVE( '', #5659, #5661, #5662, .T. );
#4640 = EDGE_CURVE( '', #5661, #5663, #5664, .T. );
#4641 = EDGE_CURVE( '', #5663, #5665, #5666, .T. );
#4642 = EDGE_CURVE( '', #5665, #5667, #5668, .T. );
#4643 = EDGE_CURVE( '', #5667, #5297, #5669, .T. );
#4644 = EDGE_CURVE( '', #5295, #5670, #5671, .T. );
#4645 = EDGE_CURVE( '', #5670, #5315, #5672, .T. );
#4646 = EDGE_CURVE( '', #5313, #5673, #5674, .T. );
#4647 = EDGE_CURVE( '', #5581, #5673, #5675, .T. );
#4648 = FILL_AREA_STYLE( '', ( #5676 ) );
#4649 = EDGE_CURVE( '', #5677, #5678, #5679, .T. );
#4650 = EDGE_CURVE( '', #5680, #5678, #5681, .T. );
#4651 = EDGE_CURVE( '', #5682, #5680, #5683, .T. );
#4652 = EDGE_CURVE( '', #5682, #5677, #5684, .T. );
#4653 = FILL_AREA_STYLE( '', ( #5685 ) );
#4654 = EDGE_CURVE( '', #5661, #5503, #5686, .T. );
#4655 = EDGE_CURVE( '', #5659, #5505, #5687, .T. );
#4656 = FILL_AREA_STYLE( '', ( #5688 ) );
#4657 = EDGE_CURVE( '', #5205, #5689, #5690, .T. );
#4658 = EDGE_CURVE( '', #5210, #5691, #5692, .T. );
#4659 = EDGE_CURVE( '', #5691, #5689, #5693, .T. );
#4660 = FILL_AREA_STYLE( '', ( #5694 ) );
#4661 = EDGE_CURVE( '', #5262, #5695, #5696, .T. );
#4662 = EDGE_CURVE( '', #5697, #5695, #5698, .T. );
#4663 = EDGE_CURVE( '', #5265, #5697, #5699, .T. );
#4664 = FILL_AREA_STYLE( '', ( #5700 ) );
#4665 = EDGE_CURVE( '', #5400, #5428, #5701, .T. );
#4666 = FILL_AREA_STYLE( '', ( #5702 ) );
#4667 = FILL_AREA_STYLE( '', ( #5703 ) );
#4668 = EDGE_CURVE( '', #5704, #5704, #5705, .T. );
#4669 = FILL_AREA_STYLE( '', ( #5706 ) );
#4670 = EDGE_CURVE( '', #5707, #5708, #5709, .T. );
#4671 = EDGE_CURVE( '', #5710, #5707, #5711, .T. );
#4672 = EDGE_CURVE( '', #5710, #5712, #5713, .T. );
#4673 = EDGE_CURVE( '', #5712, #5708, #5714, .T. );
#4674 = FILL_AREA_STYLE( '', ( #5715 ) );
#4675 = EDGE_CURVE( '', #5665, #5499, #5716, .T. );
#4676 = EDGE_CURVE( '', #5663, #5501, #5717, .T. );
#4677 = FILL_AREA_STYLE( '', ( #5718 ) );
#4678 = EDGE_CURVE( '', #5302, #5389, #5719, .T. );
#4679 = EDGE_CURVE( '', #5306, #5391, #5720, .T. );
#4680 = FILL_AREA_STYLE( '', ( #5721 ) );
#4681 = EDGE_CURVE( '', #5722, #5723, #5724, .T. );
#4682 = EDGE_CURVE( '', #5488, #5722, #5725, .T. );
#4683 = EDGE_CURVE( '', #5486, #5723, #5726, .T. );
#4684 = FILL_AREA_STYLE( '', ( #5727 ) );
#4685 = EDGE_CURVE( '', #5347, #5728, #5729, .T. );
#4686 = EDGE_CURVE( '', #5728, #5730, #5731, .T. );
#4687 = EDGE_CURVE( '', #5343, #5730, #5732, .T. );
#4688 = FILL_AREA_STYLE( '', ( #5733 ) );
#4689 = EDGE_CURVE( '', #5657, #5510, #5734, .T. );
#4690 = EDGE_CURVE( '', #5655, #5512, #5735, .T. );
#4691 = FILL_AREA_STYLE( '', ( #5736 ) );
#4692 = EDGE_CURVE( '', #5737, #5738, #5739, .F. );
#4693 = EDGE_CURVE( '', #5737, #5740, #5741, .T. );
#4694 = EDGE_CURVE( '', #5742, #5740, #5743, .F. );
#4695 = EDGE_CURVE( '', #5742, #5744, #5745, .T. );
#4696 = EDGE_CURVE( '', #5744, #5596, #5746, .T. );
#4697 = EDGE_CURVE( '', #5747, #5601, #5748, .T. );
#4698 = EDGE_CURVE( '', #5747, #5738, #5749, .T. );
#4699 = FILL_AREA_STYLE( '', ( #5750 ) );
#4700 = EDGE_CURVE( '', #5751, #5614, #5752, .T. );
#4701 = EDGE_CURVE( '', #5753, #5751, #5754, .T. );
#4702 = EDGE_CURVE( '', #5753, #5617, #5755, .T. );
#4703 = FILL_AREA_STYLE( '', ( #5756 ) );
#4704 = EDGE_CURVE( '', #5757, #5758, #5759, .T. );
#4705 = EDGE_CURVE( '', #5550, #5758, #5760, .T. );
#4706 = EDGE_CURVE( '', #5548, #5757, #5761, .T. );
#4707 = FILL_AREA_STYLE( '', ( #5762 ) );
#4708 = EDGE_CURVE( '', #5763, #5763, #5764, .T. );
#4709 = EDGE_CURVE( '', #5765, #5765, #5766, .T. );
#4710 = FILL_AREA_STYLE( '', ( #5767 ) );
#4711 = EDGE_CURVE( '', #5768, #5769, #5770, .T. );
#4712 = EDGE_CURVE( '', #5771, #5769, #5772, .T. );
#4713 = EDGE_CURVE( '', #5773, #5771, #5774, .T. );
#4714 = EDGE_CURVE( '', #5773, #5768, #5775, .T. );
#4715 = FILL_AREA_STYLE( '', ( #5776 ) );
#4716 = EDGE_CURVE( '', #5777, #5777, #5778, .T. );
#4717 = EDGE_CURVE( '', #5779, #5779, #5780, .T. );
#4718 = FILL_AREA_STYLE( '', ( #5781 ) );
#4719 = EDGE_CURVE( '', #5379, #5217, #5782, .T. );
#4720 = EDGE_CURVE( '', #5361, #5783, #5784, .F. );
#4721 = EDGE_CURVE( '', #5785, #5783, #5786, .T. );
#4722 = EDGE_CURVE( '', #5785, #5728, #5787, .T. );
#4723 = EDGE_CURVE( '', #5788, #5345, #5789, .T. );
#4724 = EDGE_CURVE( '', #5381, #5788, #5790, .T. );
#4725 = FILL_AREA_STYLE( '', ( #5791 ) );
#4726 = EDGE_CURVE( '', #5792, #5742, #5793, .F. );
#4727 = EDGE_CURVE( '', #5792, #5794, #5795, .T. );
#4728 = EDGE_CURVE( '', #5794, #5744, #5796, .T. );
#4729 = FILL_AREA_STYLE( '', ( #5797 ) );
#4730 = EDGE_CURVE( '', #5670, #5494, #5798, .T. );
#4731 = FILL_AREA_STYLE( '', ( #5799 ) );
#4732 = EDGE_CURVE( '', #5800, #5677, #5801, .T. );
#4733 = EDGE_CURVE( '', #5802, #5682, #5803, .T. );
#4734 = EDGE_CURVE( '', #5802, #5800, #5804, .T. );
#4735 = FILL_AREA_STYLE( '', ( #5805 ) );
#4736 = EDGE_CURVE( '', #5806, #5768, #5807, .T. );
#4737 = EDGE_CURVE( '', #5806, #5808, #5809, .T. );
#4738 = EDGE_CURVE( '', #5810, #5808, #5811, .T. );
#4739 = EDGE_CURVE( '', #5812, #5810, #5813, .T. );
#4740 = EDGE_CURVE( '', #5814, #5812, #5815, .T. );
#4741 = EDGE_CURVE( '', #5227, #5814, #5816, .T. );
#4742 = EDGE_CURVE( '', #5206, #5226, #5817, .T. );
#4743 = EDGE_CURVE( '', #5818, #5689, #5819, .T. );
#4744 = EDGE_CURVE( '', #5820, #5818, #5821, .T. );
#4745 = EDGE_CURVE( '', #5605, #5820, #5822, .T. );
#4746 = EDGE_CURVE( '', #5823, #5606, #5824, .T. );
#4747 = EDGE_CURVE( '', #5637, #5823, #5825, .T. );
#4748 = EDGE_CURVE( '', #5826, #5638, #5827, .T. );
#4749 = EDGE_CURVE( '', #5826, #5828, #5829, .T. );
#4750 = EDGE_CURVE( '', #5830, #5828, #5831, .T. );
#4751 = EDGE_CURVE( '', #5597, #5830, #5832, .T. );
#4752 = EDGE_CURVE( '', #5833, #5794, #5834, .T. );
#4753 = EDGE_CURVE( '', #5835, #5833, #5836, .T. );
#4754 = EDGE_CURVE( '', #5197, #5835, #5837, .T. );
#4755 = EDGE_CURVE( '', #5695, #5196, #5838, .T. );
#4756 = EDGE_CURVE( '', #5839, #5263, #5840, .T. );
#4757 = EDGE_CURVE( '', #5839, #5678, #5841, .T. );
#4758 = EDGE_CURVE( '', #5800, #5842, #5843, .T. );
#4759 = EDGE_CURVE( '', #5769, #5842, #5844, .T. );
#4760 = FILL_AREA_STYLE( '', ( #5845 ) );
#4761 = EDGE_CURVE( '', #5846, #5846, #5847, .T. );
#4762 = FILL_AREA_STYLE( '', ( #5848 ) );
#4763 = EDGE_CURVE( '', #5849, #5849, #5850, .T. );
#4764 = EDGE_CURVE( '', #5851, #5851, #5852, .T. );
#4765 = EDGE_CURVE( '', #5853, #5814, #5854, .T. );
#4766 = EDGE_CURVE( '', #5229, #5853, #5855, .T. );
#4767 = FILL_AREA_STYLE( '', ( #5856 ) );
#4768 = EDGE_CURVE( '', #5857, #5858, #5859, .T. );
#4769 = EDGE_CURVE( '', #5538, #5858, #5860, .T. );
#4770 = EDGE_CURVE( '', #5536, #5857, #5861, .T. );
#4771 = FILL_AREA_STYLE( '', ( #5862 ) );
#4772 = EDGE_CURVE( '', #5697, #5201, #5863, .T. );
#4773 = FILL_AREA_STYLE( '', ( #5864 ) );
#4774 = EDGE_CURVE( '', #5865, #5866, #5867, .T. );
#4775 = EDGE_CURVE( '', #5868, #5865, #5869, .T. );
#4776 = EDGE_CURVE( '', #5868, #5354, #5870, .T. );
#4777 = EDGE_CURVE( '', #5866, #5351, #5871, .T. );
#4778 = FILL_AREA_STYLE( '', ( #5872 ) );
#4779 = EDGE_CURVE( '', #5873, #5874, #5875, .T. );
#4780 = EDGE_CURVE( '', #5876, #5874, #5877, .T. );
#4781 = EDGE_CURVE( '', #5878, #5876, #5879, .T. );
#4782 = EDGE_CURVE( '', #5878, #5873, #5880, .T. );
#4783 = FILL_AREA_STYLE( '', ( #5881 ) );
#4784 = EDGE_CURVE( '', #5874, #5882, #5883, .T. );
#4785 = EDGE_CURVE( '', #5884, #5882, #5885, .T. );
#4786 = EDGE_CURVE( '', #5876, #5884, #5886, .T. );
#4787 = FILL_AREA_STYLE( '', ( #5887 ) );
#4788 = EDGE_CURVE( '', #5888, #5271, #5889, .T. );
#4789 = EDGE_CURVE( '', #5890, #5888, #5891, .T. );
#4790 = EDGE_CURVE( '', #5890, #5274, #5892, .T. );
#4791 = FILL_AREA_STYLE( '', ( #5893 ) );
#4792 = EDGE_CURVE( '', #5247, #5894, #5895, .T. );
#4793 = EDGE_CURVE( '', #5490, #5894, #5896, .T. );
#4794 = FILL_AREA_STYLE( '', ( #5897 ) );
#4795 = EDGE_CURVE( '', #5898, #5898, #5899, .T. );
#4796 = FILL_AREA_STYLE( '', ( #5900 ) );
#4797 = EDGE_CURVE( '', #5653, #5901, #5902, .T. );
#4798 = EDGE_CURVE( '', #5901, #5395, #5903, .T. );
#4799 = FILL_AREA_STYLE( '', ( #5904 ) );
#4800 = EDGE_CURVE( '', #5437, #5563, #5905, .T. );
#4801 = FILL_AREA_STYLE( '', ( #5906 ) );
#4802 = EDGE_CURVE( '', #5722, #5894, #5907, .T. );
#4803 = FILL_AREA_STYLE( '', ( #5908 ) );
#4804 = EDGE_CURVE( '', #5866, #5866, #5909, .T. );
#4805 = FILL_AREA_STYLE( '', ( #5910 ) );
#4806 = EDGE_CURVE( '', #5911, #5912, #5913, .T. );
#4807 = EDGE_CURVE( '', #5914, #5911, #5915, .T. );
#4808 = EDGE_CURVE( '', #5916, #5914, #5917, .T. );
#4809 = EDGE_CURVE( '', #5912, #5916, #5918, .T. );
#4810 = FILL_AREA_STYLE( '', ( #5919 ) );
#4811 = EDGE_CURVE( '', #5920, #5921, #5922, .T. );
#4812 = EDGE_CURVE( '', #5482, #5920, #5923, .T. );
#4813 = EDGE_CURVE( '', #5480, #5921, #5924, .T. );
#4814 = FILL_AREA_STYLE( '', ( #5925 ) );
#4815 = EDGE_CURVE( '', #5588, #5926, #5927, .T. );
#4816 = EDGE_CURVE( '', #5592, #5928, #5929, .T. );
#4817 = EDGE_CURVE( '', #5928, #5926, #5930, .T. );
#4818 = FILL_AREA_STYLE( '', ( #5931 ) );
#4819 = EDGE_CURVE( '', #5932, #5610, #5933, .T. );
#4820 = EDGE_CURVE( '', #5932, #5823, #5934, .T. );
#4821 = FILL_AREA_STYLE( '', ( #5935 ) );
#4822 = EDGE_CURVE( '', #5936, #5327, #5937, .F. );
#4823 = EDGE_CURVE( '', #5936, #5938, #5939, .T. );
#4824 = EDGE_CURVE( '', #5329, #5938, #5940, .F. );
#4825 = FILL_AREA_STYLE( '', ( #5941 ) );
#4826 = EDGE_CURVE( '', #5751, #5942, #5943, .T. );
#4827 = EDGE_CURVE( '', #5942, #5448, #5944, .F. );
#4828 = EDGE_CURVE( '', #5945, #5901, #5946, .T. );
#4829 = EDGE_CURVE( '', #5945, #5947, #5948, .T. );
#4830 = EDGE_CURVE( '', #5947, #5912, #5949, .T. );
#4831 = EDGE_CURVE( '', #5916, #5753, #5950, .T. );
#4832 = FILL_AREA_STYLE( '', ( #5951 ) );
#4833 = EDGE_CURVE( '', #5952, #5673, #5953, .T. );
#4834 = EDGE_CURVE( '', #5583, #5952, #5954, .T. );
#4835 = FILL_AREA_STYLE( '', ( #5955 ) );
#4836 = EDGE_CURVE( '', #5956, #5957, #5958, .T. );
#4837 = EDGE_CURVE( '', #5959, #5957, #5960, .T. );
#4838 = EDGE_CURVE( '', #5961, #5959, #5962, .T. );
#4839 = EDGE_CURVE( '', #5961, #5956, #5963, .T. );
#4840 = FILL_AREA_STYLE( '', ( #5964 ) );
#4841 = EDGE_CURVE( '', #5965, #5966, #5967, .T. );
#4842 = EDGE_CURVE( '', #5454, #5965, #5968, .T. );
#4843 = EDGE_CURVE( '', #5452, #5966, #5969, .T. );
#4844 = FILL_AREA_STYLE( '', ( #5970 ) );
#4845 = EDGE_CURVE( '', #5947, #5971, #5972, .F. );
#4846 = EDGE_CURVE( '', #5973, #5945, #5974, .F. );
#4847 = EDGE_CURVE( '', #5971, #5973, #5975, .T. );
#4848 = FILL_AREA_STYLE( '', ( #5976 ) );
#4849 = EDGE_CURVE( '', #5920, #5977, #5978, .T. );
#4850 = EDGE_CURVE( '', #5484, #5977, #5979, .T. );
#4851 = FILL_AREA_STYLE( '', ( #5980 ) );
#4852 = EDGE_CURVE( '', #5957, #5981, #5982, .T. );
#4853 = EDGE_CURVE( '', #5983, #5981, #5984, .T. );
#4854 = EDGE_CURVE( '', #5959, #5983, #5985, .T. );
#4855 = FILL_AREA_STYLE( '', ( #5986 ) );
#4856 = EDGE_CURVE( '', #5987, #5936, #5988, .T. );
#4857 = EDGE_CURVE( '', #5989, #5987, #5990, .T. );
#4858 = EDGE_CURVE( '', #5199, #5989, #5991, .T. );
#4859 = EDGE_CURVE( '', #5992, #5835, #5993, .T. );
#4860 = EDGE_CURVE( '', #5938, #5992, #5994, .T. );
#4861 = FILL_AREA_STYLE( '', ( #5995 ) );
#4862 = EDGE_CURVE( '', #5996, #5810, #5997, .T. );
#4863 = EDGE_CURVE( '', #5998, #5996, #5999, .T. );
#4864 = EDGE_CURVE( '', #5998, #5812, #6000, .T. );
#4865 = FILL_AREA_STYLE( '', ( #6001 ) );
#4866 = EDGE_CURVE( '', #6002, #5890, #6003, .T. );
#4867 = EDGE_CURVE( '', #5414, #6002, #6004, .T. );
#4868 = EDGE_CURVE( '', #5712, #5412, #6005, .T. );
#4869 = EDGE_CURVE( '', #6006, #5710, #6007, .T. );
#4870 = EDGE_CURVE( '', #5524, #6006, #6008, .T. );
#4871 = EDGE_CURVE( '', #6009, #5522, #6010, .T. );
#4872 = EDGE_CURVE( '', #5276, #6009, #6011, .T. );
#4873 = EDGE_CURVE( '', #6012, #6012, #6013, .T. );
#4874 = FILL_AREA_STYLE( '', ( #6014 ) );
#4875 = EDGE_CURVE( '', #5324, #5737, #6015, .F. );
#4876 = EDGE_CURVE( '', #5738, #6016, #6017, .F. );
#4877 = EDGE_CURVE( '', #6016, #6018, #6019, .F. );
#4878 = EDGE_CURVE( '', #6018, #5987, #6020, .F. );
#4879 = EDGE_CURVE( '', #6021, #6021, #6022, .T. );
#4880 = FILL_AREA_STYLE( '', ( #6023 ) );
#4881 = EDGE_CURVE( '', #5562, #6024, #6025, .T. );
#4882 = EDGE_CURVE( '', #5462, #6024, #6026, .T. );
#4883 = FILL_AREA_STYLE( '', ( #6027 ) );
#4884 = EDGE_CURVE( '', #6028, #6029, #6030, .T. );
#4885 = EDGE_CURVE( '', #6031, #6028, #6032, .T. );
#4886 = EDGE_CURVE( '', #6031, #6033, #6034, .T. );
#4887 = EDGE_CURVE( '', #6033, #6029, #6035, .T. );
#4888 = FILL_AREA_STYLE( '', ( #6036 ) );
#4889 = EDGE_CURVE( '', #5708, #5409, #6037, .T. );
#4890 = FILL_AREA_STYLE( '', ( #6038 ) );
#4891 = EDGE_CURVE( '', #6039, #5773, #6040, .T. );
#4892 = EDGE_CURVE( '', #5771, #6041, #6042, .T. );
#4893 = EDGE_CURVE( '', #5802, #6041, #6043, .T. );
#4894 = EDGE_CURVE( '', #6044, #5680, #6045, .T. );
#4895 = EDGE_CURVE( '', #6044, #5267, #6046, .T. );
#4896 = EDGE_CURVE( '', #5989, #6047, #6048, .T. );
#4897 = EDGE_CURVE( '', #6047, #6049, #6050, .T. );
#4898 = EDGE_CURVE( '', #6049, #5747, #6051, .T. );
#4899 = EDGE_CURVE( '', #5599, #6052, #6053, .T. );
#4900 = EDGE_CURVE( '', #6052, #6054, #6055, .T. );
#4901 = EDGE_CURVE( '', #6056, #6054, #6057, .T. );
#4902 = EDGE_CURVE( '', #6056, #5642, #6058, .T. );
#4903 = EDGE_CURVE( '', #5640, #5932, #6059, .T. );
#4904 = EDGE_CURVE( '', #5608, #6060, #6061, .T. );
#4905 = EDGE_CURVE( '', #6060, #6062, #6063, .T. );
#4906 = EDGE_CURVE( '', #6062, #5691, #6064, .T. );
#4907 = EDGE_CURVE( '', #5208, #5231, #6065, .T. );
#4908 = EDGE_CURVE( '', #5853, #5998, #6066, .T. );
#4909 = EDGE_CURVE( '', #5996, #6067, #6068, .T. );
#4910 = EDGE_CURVE( '', #6039, #6067, #6069, .T. );
#4911 = FILL_AREA_STYLE( '', ( #6070 ) );
#4912 = EDGE_CURVE( '', #6071, #5707, #6072, .T. );
#4913 = EDGE_CURVE( '', #6006, #6071, #6073, .T. );
#4914 = FILL_AREA_STYLE( '', ( #6074 ) );
#4915 = EDGE_CURVE( '', #6049, #6016, #6075, .T. );
#4916 = FILL_AREA_STYLE( '', ( #6076 ) );
#4917 = EDGE_CURVE( '', #6039, #5806, #6077, .T. );
#4918 = FILL_AREA_STYLE( '', ( #6078 ) );
#4919 = EDGE_CURVE( '', #6079, #6080, #6081, .T. );
#4920 = EDGE_CURVE( '', #6082, #6079, #6083, .T. );
#4921 = EDGE_CURVE( '', #6082, #6084, #6085, .T. );
#4922 = EDGE_CURVE( '', #6084, #6080, #6086, .T. );
#4923 = FILL_AREA_STYLE( '', ( #6087 ) );
#4924 = EDGE_CURVE( '', #5648, #6088, #6089, .T. );
#4925 = EDGE_CURVE( '', #5646, #6090, #6091, .T. );
#4926 = EDGE_CURVE( '', #6088, #6090, #6092, .T. );
#4927 = FILL_AREA_STYLE( '', ( #6093 ) );
#4928 = EDGE_CURVE( '', #5272, #6094, #6095, .T. );
#4929 = EDGE_CURVE( '', #6009, #6094, #6096, .T. );
#4930 = FILL_AREA_STYLE( '', ( #6097 ) );
#4931 = EDGE_CURVE( '', #5942, #6098, #6099, .T. );
#4932 = EDGE_CURVE( '', #5447, #6098, #6100, .T. );
#4933 = FILL_AREA_STYLE( '', ( #6101 ) );
#4934 = EDGE_CURVE( '', #6102, #6103, #6104, .T. );
#4935 = EDGE_CURVE( '', #6105, #6103, #6106, .T. );
#4936 = EDGE_CURVE( '', #6107, #6105, #6108, .T. );
#4937 = EDGE_CURVE( '', #6107, #6102, #6109, .T. );
#4938 = FILL_AREA_STYLE( '', ( #6110 ) );
#4939 = EDGE_CURVE( '', #5304, #6111, #6112, .T. );
#4940 = EDGE_CURVE( '', #6111, #6113, #6114, .F. );
#4941 = EDGE_CURVE( '', #6113, #5973, #6115, .T. );
#4942 = EDGE_CURVE( '', #5432, #5370, #6116, .T. );
#4943 = FILL_AREA_STYLE( '', ( #6117 ) );
#4944 = EDGE_CURVE( '', #5254, #5865, #6118, .T. );
#4945 = EDGE_CURVE( '', #5258, #5868, #6119, .T. );
#4946 = FILL_AREA_STYLE( '', ( #6120 ) );
#4947 = EDGE_CURVE( '', #6121, #5342, #6122, .T. );
#4948 = EDGE_CURVE( '', #5788, #6121, #6123, .T. );
#4949 = FILL_AREA_STYLE( '', ( #6124 ) );
#4950 = EDGE_CURVE( '', #5419, #6125, #6126, .T. );
#4951 = EDGE_CURVE( '', #5469, #6125, #6127, .T. );
#4952 = FILL_AREA_STYLE( '', ( #6128 ) );
#4953 = EDGE_CURVE( '', #5383, #6121, #6129, .T. );
#4954 = FILL_AREA_STYLE( '', ( #6130 ) );
#4955 = FILL_AREA_STYLE( '', ( #6131 ) );
#4956 = EDGE_CURVE( '', #6132, #5873, #6133, .T. );
#4957 = EDGE_CURVE( '', #6134, #6132, #6135, .T. );
#4958 = EDGE_CURVE( '', #6103, #6134, #6136, .T. );
#4959 = EDGE_CURVE( '', #6137, #6102, #6138, .T. );
#4960 = EDGE_CURVE( '', #5981, #6137, #6139, .T. );
#4961 = EDGE_CURVE( '', #6140, #5956, #6141, .T. );
#4962 = EDGE_CURVE( '', #5882, #6140, #6142, .T. );
#4963 = FILL_AREA_STYLE( '', ( #6143 ) );
#4964 = EDGE_CURVE( '', #6144, #6145, #6146, .T. );
#4965 = EDGE_CURVE( '', #6147, #6144, #6148, .T. );
#4966 = EDGE_CURVE( '', #6147, #6149, #6150, .T. );
#4967 = EDGE_CURVE( '', #6149, #6145, #6151, .T. );
#4968 = FILL_AREA_STYLE( '', ( #6152 ) );
#4969 = EDGE_CURVE( '', #6041, #5842, #6153, .T. );
#4970 = FILL_AREA_STYLE( '', ( #6154 ) );
#4971 = EDGE_CURVE( '', #6155, #6132, #6156, .T. );
#4972 = EDGE_CURVE( '', #6157, #6155, #6158, .T. );
#4973 = EDGE_CURVE( '', #6157, #6134, #6159, .T. );
#4974 = FILL_AREA_STYLE( '', ( #6160 ) );
#4975 = EDGE_CURVE( '', #6161, #6162, #6163, .F. );
#4976 = EDGE_CURVE( '', #6113, #6161, #6164, .T. );
#4977 = EDGE_CURVE( '', #6162, #6111, #6165, .T. );
#4978 = FILL_AREA_STYLE( '', ( #6166 ) );
#4979 = EDGE_CURVE( '', #6056, #5826, #6167, .T. );
#4980 = FILL_AREA_STYLE( '', ( #6168 ) );
#4981 = EDGE_CURVE( '', #6169, #6098, #6170, .T. );
#4982 = EDGE_CURVE( '', #5450, #6169, #6171, .T. );
#4983 = FILL_AREA_STYLE( '', ( #6172 ) );
#4984 = EDGE_CURVE( '', #6173, #5888, #6174, .T. );
#4985 = EDGE_CURVE( '', #6002, #6173, #6175, .T. );
#4986 = FILL_AREA_STYLE( '', ( #6176 ) );
#4987 = EDGE_CURVE( '', #6177, #6028, #6178, .T. );
#4988 = EDGE_CURVE( '', #6179, #6177, #6180, .T. );
#4989 = EDGE_CURVE( '', #6179, #6031, #6181, .T. );
#4990 = FILL_AREA_STYLE( '', ( #6182 ) );
#4991 = EDGE_CURVE( '', #6125, #5436, #6183, .T. );
#4992 = FILL_AREA_STYLE( '', ( #6184 ) );
#4993 = EDGE_CURVE( '', #6185, #6107, #6186, .T. );
#4994 = EDGE_CURVE( '', #6185, #6137, #6187, .T. );
#4995 = FILL_AREA_STYLE( '', ( #6188 ) );
#4996 = EDGE_CURVE( '', #5926, #5280, #6189, .T. );
#4997 = EDGE_CURVE( '', #5928, #5283, #6190, .T. );
#4998 = FILL_AREA_STYLE( '', ( #6191 ) );
#4999 = EDGE_CURVE( '', #6044, #5839, #6192, .T. );
#5000 = FILL_AREA_STYLE( '', ( #6193 ) );
#5001 = EDGE_CURVE( '', #5983, #6185, #6194, .T. );
#5002 = FILL_AREA_STYLE( '', ( #6195 ) );
#5003 = EDGE_CURVE( '', #6196, #5360, #6197, .F. );
#5004 = EDGE_CURVE( '', #5783, #6196, #6198, .T. );
#5005 = FILL_AREA_STYLE( '', ( #6199 ) );
#5006 = EDGE_CURVE( '', #6200, #5792, #6201, .F. );
#5007 = EDGE_CURVE( '', #6200, #5833, #6202, .T. );
#5008 = FILL_AREA_STYLE( '', ( #6203 ) );
#5009 = EDGE_CURVE( '', #6033, #6082, #6204, .T. );
#5010 = EDGE_CURVE( '', #6205, #6179, #6206, .T. );
#5011 = EDGE_CURVE( '', #6207, #6205, #6208, .T. );
#5012 = EDGE_CURVE( '', #6149, #6207, #6209, .T. );
#5013 = EDGE_CURVE( '', #6210, #6147, #6211, .T. );
#5014 = EDGE_CURVE( '', #6212, #6210, #6213, .T. );
#5015 = EDGE_CURVE( '', #6214, #6212, #6215, .T. );
#5016 = EDGE_CURVE( '', #6084, #6214, #6216, .T. );
#5017 = FILL_AREA_STYLE( '', ( #6217 ) );
#5018 = EDGE_CURVE( '', #6218, #5965, #6219, .T. );
#5019 = EDGE_CURVE( '', #5456, #6218, #6220, .T. );
#5020 = FILL_AREA_STYLE( '', ( #6221 ) );
#5021 = EDGE_CURVE( '', #6222, #6223, #6224, .T. );
#5022 = EDGE_CURVE( '', #6212, #6222, #6225, .T. );
#5023 = EDGE_CURVE( '', #6210, #6223, #6226, .T. );
#5024 = FILL_AREA_STYLE( '', ( #6227 ) );
#5025 = FILL_AREA_STYLE( '', ( #6228 ) );
#5026 = FILL_AREA_STYLE( '', ( #6229 ) );
#5027 = EDGE_CURVE( '', #6230, #5418, #6231, .T. );
#5028 = EDGE_CURVE( '', #5472, #6230, #6232, .T. );
#5029 = FILL_AREA_STYLE( '', ( #6233 ) );
#5030 = EDGE_CURVE( '', #5667, #5497, #6234, .T. );
#5031 = FILL_AREA_STYLE( '', ( #6235 ) );
#5032 = EDGE_CURVE( '', #6024, #6236, #6237, .T. );
#5033 = EDGE_CURVE( '', #5460, #6236, #6238, .T. );
#5034 = FILL_AREA_STYLE( '', ( #6239 ) );
#5035 = EDGE_CURVE( '', #6240, #6241, #6242, .T. );
#5036 = EDGE_CURVE( '', #5546, #6241, #6243, .T. );
#5037 = EDGE_CURVE( '', #5544, #6240, #6244, .T. );
#5038 = FILL_AREA_STYLE( '', ( #6245 ) );
#5039 = EDGE_CURVE( '', #6236, #6246, #6247, .T. );
#5040 = EDGE_CURVE( '', #5458, #6246, #6248, .T. );
#5041 = FILL_AREA_STYLE( '', ( #6249 ) );
#5042 = FILL_AREA_STYLE( '', ( #6250 ) );
#5043 = EDGE_CURVE( '', #6161, #5971, #6251, .T. );
#5044 = FILL_AREA_STYLE( '', ( #6252 ) );
#5045 = EDGE_CURVE( '', #6094, #5519, #6253, .T. );
#5046 = EDGE_CURVE( '', #5520, #6071, #6254, .T. );
#5047 = EDGE_CURVE( '', #5410, #6173, #6255, .T. );
#5048 = FILL_AREA_STYLE( '', ( #6256 ) );
#5049 = EDGE_CURVE( '', #6105, #6157, #6257, .T. );
#5050 = FILL_AREA_STYLE( '', ( #6258 ) );
#5051 = FILL_AREA_STYLE( '', ( #6259 ) );
#5052 = FILL_AREA_STYLE( '', ( #6260 ) );
#5053 = EDGE_CURVE( '', #5952, #6196, #6261, .T. );
#5054 = EDGE_CURVE( '', #5377, #5220, #6262, .T. );
#5055 = EDGE_CURVE( '', #5375, #6088, #6263, .T. );
#5056 = EDGE_CURVE( '', #6090, #5579, #6264, .T. );
#5057 = FILL_AREA_STYLE( '', ( #6265 ) );
#5058 = EDGE_CURVE( '', #6241, #5757, #6266, .T. );
#5059 = FILL_AREA_STYLE( '', ( #6267 ) );
#5060 = EDGE_CURVE( '', #6268, #5785, #6269, .T. );
#5061 = EDGE_CURVE( '', #5730, #6268, #6270, .T. );
#5062 = FILL_AREA_STYLE( '', ( #6271 ) );
#5063 = FILL_AREA_STYLE( '', ( #6272 ) );
#5064 = EDGE_CURVE( '', #6047, #6018, #6273, .T. );
#5065 = FILL_AREA_STYLE( '', ( #6274 ) );
#5066 = EDGE_CURVE( '', #5249, #5352, #6275, .T. );
#5067 = EDGE_CURVE( '', #5356, #6268, #6276, .T. );
#5068 = FILL_AREA_STYLE( '', ( #6277 ) );
#5069 = EDGE_CURVE( '', #5884, #6278, #6279, .T. );
#5070 = EDGE_CURVE( '', #6278, #5961, #6280, .T. );
#5071 = EDGE_CURVE( '', #6155, #5878, #6281, .T. );
#5072 = EDGE_CURVE( '', #6282, #6282, #6283, .T. );
#5073 = FILL_AREA_STYLE( '', ( #6284 ) );
#5074 = EDGE_CURVE( '', #5740, #5325, #6285, .F. );
#5075 = EDGE_CURVE( '', #5992, #6200, #6286, .F. );
#5076 = FILL_AREA_STYLE( '', ( #6287 ) );
#5077 = FILL_AREA_STYLE( '', ( #6288 ) );
#5078 = EDGE_CURVE( '', #6289, #6290, #6291, .T. );
#5079 = EDGE_CURVE( '', #6207, #6289, #6292, .T. );
#5080 = EDGE_CURVE( '', #6205, #6290, #6293, .T. );
#5081 = FILL_AREA_STYLE( '', ( #6294 ) );
#5082 = FILL_AREA_STYLE( '', ( #6295 ) );
#5083 = FILL_AREA_STYLE( '', ( #6296 ) );
#5084 = EDGE_CURVE( '', #5615, #5615, #6297, .T. );
#5085 = FILL_AREA_STYLE( '', ( #6298 ) );
#5086 = EDGE_CURVE( '', #6054, #5828, #6299, .T. );
#5087 = EDGE_CURVE( '', #6052, #5830, #6300, .T. );
#5088 = FILL_AREA_STYLE( '', ( #6301 ) );
#5089 = EDGE_CURVE( '', #6302, #6303, #6304, .T. );
#5090 = EDGE_CURVE( '', #5478, #6302, #6305, .T. );
#5091 = EDGE_CURVE( '', #5476, #6303, #6306, .T. );
#5092 = FILL_AREA_STYLE( '', ( #6307 ) );
#5093 = FILL_AREA_STYLE( '', ( #6308 ) );
#5094 = FILL_AREA_STYLE( '', ( #6309 ) );
#5095 = EDGE_CURVE( '', #5921, #6302, #6310, .T. );
#5096 = FILL_AREA_STYLE( '', ( #6311 ) );
#5097 = EDGE_CURVE( '', #6060, #5820, #6312, .T. );
#5098 = FILL_AREA_STYLE( '', ( #6313 ) );
#5099 = FILL_AREA_STYLE( '', ( #6314 ) );
#5100 = EDGE_CURVE( '', #6315, #6316, #6317, .T. );
#5101 = EDGE_CURVE( '', #5554, #6316, #6318, .T. );
#5102 = EDGE_CURVE( '', #5552, #6315, #6319, .T. );
#5103 = FILL_AREA_STYLE( '', ( #6320 ) );
#5104 = FILL_AREA_STYLE( '', ( #6321 ) );
#5105 = EDGE_CURVE( '', #6029, #6079, #6322, .T. );
#5106 = FILL_AREA_STYLE( '', ( #6323 ) );
#5107 = EDGE_CURVE( '', #6324, #6324, #6325, .T. );
#5108 = FILL_AREA_STYLE( '', ( #6326 ) );
#5109 = FILL_AREA_STYLE( '', ( #6327 ) );
#5110 = EDGE_CURVE( '', #5758, #6315, #6328, .T. );
#5111 = FILL_AREA_STYLE( '', ( #6329 ) );
#5112 = EDGE_CURVE( '', #5858, #5627, #6330, .T. );
#5113 = FILL_AREA_STYLE( '', ( #6331 ) );
#5114 = EDGE_CURVE( '', #6332, #6230, #6333, .T. );
#5115 = EDGE_CURVE( '', #5474, #6332, #6334, .T. );
#5116 = FILL_AREA_STYLE( '', ( #6335 ) );
#5117 = EDGE_CURVE( '', #6336, #5857, #6337, .T. );
#5118 = EDGE_CURVE( '', #6338, #6336, #6339, .T. );
#5119 = EDGE_CURVE( '', #6316, #6338, #6340, .T. );
#5120 = EDGE_CURVE( '', #5628, #6240, #6341, .T. );
#5121 = FILL_AREA_STYLE( '', ( #6342 ) );
#5122 = FILL_AREA_STYLE( '', ( #6343 ) );
#5123 = EDGE_CURVE( '', #5556, #6338, #6344, .T. );
#5124 = FILL_AREA_STYLE( '', ( #6345 ) );
#5125 = FILL_AREA_STYLE( '', ( #6346 ) );
#5126 = FILL_AREA_STYLE( '', ( #6347 ) );
#5127 = EDGE_CURVE( '', #5535, #6336, #6348, .T. );
#5128 = FILL_AREA_STYLE( '', ( #6349 ) );
#5129 = EDGE_CURVE( '', #5334, #6350, #6351, .T. );
#5130 = EDGE_CURVE( '', #5338, #6352, #6353, .T. );
#5131 = EDGE_CURVE( '', #6352, #6350, #6354, .T. );
#5132 = FILL_AREA_STYLE( '', ( #6355 ) );
#5133 = EDGE_CURVE( '', #5723, #5977, #6356, .T. );
#5134 = EDGE_CURVE( '', #6332, #6303, #6357, .T. );
#5135 = EDGE_CURVE( '', #6218, #6246, #6358, .T. );
#5136 = EDGE_CURVE( '', #6169, #5966, #6359, .T. );
#5137 = FILL_AREA_STYLE( '', ( #6360 ) );
#5138 = EDGE_CURVE( '', #5914, #5333, #6361, .T. );
#5139 = EDGE_CURVE( '', #5911, #5336, #6362, .T. );
#5140 = FILL_AREA_STYLE( '', ( #6363 ) );
#5141 = FILL_AREA_STYLE( '', ( #6364 ) );
#5142 = FILL_AREA_STYLE( '', ( #6365 ) );
#5143 = EDGE_CURVE( '', #6223, #6144, #6366, .T. );
#5144 = FILL_AREA_STYLE( '', ( #6367 ) );
#5145 = EDGE_CURVE( '', #6067, #5808, #6368, .T. );
#5146 = FILL_AREA_STYLE( '', ( #6369 ) );
#5147 = EDGE_CURVE( '', #6370, #6370, #6371, .T. );
#5148 = FILL_AREA_STYLE( '', ( #6372 ) );
#5149 = FILL_AREA_STYLE( '', ( #6373 ) );
#5150 = EDGE_CURVE( '', #6352, #5387, #6374, .T. );
#5151 = EDGE_CURVE( '', #5301, #6162, #6375, .T. );
#5152 = FILL_AREA_STYLE( '', ( #6376 ) );
#5153 = FILL_AREA_STYLE( '', ( #6377 ) );
#5154 = FILL_AREA_STYLE( '', ( #6378 ) );
#5155 = EDGE_CURVE( '', #6379, #6379, #6380, .T. );
#5156 = FILL_AREA_STYLE( '', ( #6381 ) );
#5157 = EDGE_CURVE( '', #6145, #6289, #6382, .T. );
#5158 = FILL_AREA_STYLE( '', ( #6383 ) );
#5159 = EDGE_CURVE( '', #6080, #6384, #6385, .T. );
#5160 = EDGE_CURVE( '', #6214, #6384, #6386, .T. );
#5161 = FILL_AREA_STYLE( '', ( #6387 ) );
#5162 = FILL_AREA_STYLE( '', ( #6388 ) );
#5163 = FILL_AREA_STYLE( '', ( #6389 ) );
#5164 = FILL_AREA_STYLE( '', ( #6390 ) );
#5165 = EDGE_CURVE( '', #6290, #6177, #6391, .T. );
#5166 = FILL_AREA_STYLE( '', ( #6392 ) );
#5167 = EDGE_CURVE( '', #6393, #6393, #6394, .T. );
#5168 = FILL_AREA_STYLE( '', ( #6395 ) );
#5169 = EDGE_CURVE( '', #6384, #6222, #6396, .T. );
#5170 = FILL_AREA_STYLE( '', ( #6397 ) );
#5171 = FILL_AREA_STYLE( '', ( #6398 ) );
#5172 = EDGE_CURVE( '', #6278, #6140, #6399, .T. );
#5173 = FILL_AREA_STYLE( '', ( #6400 ) );
#5174 = EDGE_CURVE( '', #6062, #5818, #6401, .T. );
#5175 = FILL_AREA_STYLE( '', ( #6402 ) );
#5176 = FILL_AREA_STYLE( '', ( #6403 ) );
#5177 = FILL_AREA_STYLE( '', ( #6404 ) );
#5178 = FILL_AREA_STYLE( '', ( #6405 ) );
#5179 = FILL_AREA_STYLE( '', ( #6406 ) );
#5180 = FILL_AREA_STYLE( '', ( #6407 ) );
#5181 = FILL_AREA_STYLE( '', ( #6408 ) );
#5182 = FILL_AREA_STYLE( '', ( #6409 ) );
#5183 = FILL_AREA_STYLE( '', ( #6410 ) );
#5184 = EDGE_CURVE( '', #6350, #5385, #6411, .T. );
#5185 = FILL_AREA_STYLE( '', ( #6412 ) );
#5186 = FILL_AREA_STYLE( '', ( #6413 ) );
#5187 = FILL_AREA_STYLE( '', ( #6414 ) );
#5188 = FILL_AREA_STYLE( '', ( #6415 ) );
#5189 = FILL_AREA_STYLE( '', ( #6416 ) );
#5190 = FILL_AREA_STYLE( '', ( #6417 ) );
#5191 = FILL_AREA_STYLE( '', ( #6418 ) );
#5192 = FILL_AREA_STYLE( '', ( #6419 ) );
#5193 = FILL_AREA_STYLE( '', ( #6420 ) );
#5194 = FILL_AREA_STYLE( '', ( #6421 ) );
#5195 = FILL_AREA_STYLE_COLOUR( '', #6422 );
#5196 = VERTEX_POINT( '', #6423 );
#5197 = VERTEX_POINT( '', #6424 );
#5198 = LINE( '', #6425, #6426 );
#5199 = VERTEX_POINT( '', #6427 );
#5200 = LINE( '', #6428, #6429 );
#5201 = VERTEX_POINT( '', #6430 );
#5202 = LINE( '', #6431, #6432 );
#5203 = LINE( '', #6433, #6434 );
#5204 = FILL_AREA_STYLE_COLOUR( '', #6435 );
#5205 = VERTEX_POINT( '', #6436 );
#5206 = VERTEX_POINT( '', #6437 );
#5207 = CIRCLE( '', #6438, 0.300000000000000 );
#5208 = VERTEX_POINT( '', #6439 );
#5209 = LINE( '', #6440, #6441 );
#5210 = VERTEX_POINT( '', #6442 );
#5211 = CIRCLE( '', #6443, 0.300000000000000 );
#5212 = LINE( '', #6444, #6445 );
#5213 = FILL_AREA_STYLE_COLOUR( '', #6446 );
#5214 = VERTEX_POINT( '', #6447 );
#5215 = CIRCLE( '', #6448, 3.50000000000000 );
#5216 = FILL_AREA_STYLE_COLOUR( '', #6449 );
#5217 = VERTEX_POINT( '', #6450 );
#5218 = VERTEX_POINT( '', #6451 );
#5219 = CIRCLE( '', #6452, 0.300000000000000 );
#5220 = VERTEX_POINT( '', #6453 );
#5221 = LINE( '', #6454, #6455 );
#5222 = VERTEX_POINT( '', #6456 );
#5223 = CIRCLE( '', #6457, 0.300000000000000 );
#5224 = LINE( '', #6458, #6459 );
#5225 = FILL_AREA_STYLE_COLOUR( '', #6460 );
#5226 = VERTEX_POINT( '', #6461 );
#5227 = VERTEX_POINT( '', #6462 );
#5228 = CIRCLE( '', #6463, 0.500000000000000 );
#5229 = VERTEX_POINT( '', #6464 );
#5230 = LINE( '', #6465, #6466 );
#5231 = VERTEX_POINT( '', #6467 );
#5232 = CIRCLE( '', #6468, 0.500000000000000 );
#5233 = LINE( '', #6469, #6470 );
#5234 = FILL_AREA_STYLE_COLOUR( '', #6471 );
#5235 = VERTEX_POINT( '', #6472 );
#5236 = VERTEX_POINT( '', #6473 );
#5237 = LINE( '', #6474, #6475 );
#5238 = VERTEX_POINT( '', #6476 );
#5239 = LINE( '', #6477, #6478 );
#5240 = VERTEX_POINT( '', #6479 );
#5241 = LINE( '', #6480, #6481 );
#5242 = LINE( '', #6482, #6483 );
#5243 = FILL_AREA_STYLE_COLOUR( '', #6484 );
#5244 = VERTEX_POINT( '', #6485 );
#5245 = VERTEX_POINT( '', #6486 );
#5246 = CIRCLE( '', #6487, 1.00000000000000 );
#5247 = VERTEX_POINT( '', #6488 );
#5248 = LINE( '', #6489, #6490 );
#5249 = VERTEX_POINT( '', #6491 );
#5250 = CIRCLE( '', #6492, 1.00000000000000 );
#5251 = LINE( '', #6493, #6494 );
#5252 = FILL_AREA_STYLE_COLOUR( '', #6495 );
#5253 = VERTEX_POINT( '', #6496 );
#5254 = VERTEX_POINT( '', #6497 );
#5255 = LINE( '', #6498, #6499 );
#5256 = VERTEX_POINT( '', #6500 );
#5257 = LINE( '', #6501, #6502 );
#5258 = VERTEX_POINT( '', #6503 );
#5259 = LINE( '', #6504, #6505 );
#5260 = LINE( '', #6506, #6507 );
#5261 = FILL_AREA_STYLE_COLOUR( '', #6508 );
#5262 = VERTEX_POINT( '', #6509 );
#5263 = VERTEX_POINT( '', #6510 );
#5264 = CIRCLE( '', #6511, 1.00000000000000 );
#5265 = VERTEX_POINT( '', #6512 );
#5266 = LINE( '', #6513, #6514 );
#5267 = VERTEX_POINT( '', #6515 );
#5268 = CIRCLE( '', #6516, 1.00000000000000 );
#5269 = LINE( '', #6517, #6518 );
#5270 = FILL_AREA_STYLE_COLOUR( '', #6519 );
#5271 = VERTEX_POINT( '', #6520 );
#5272 = VERTEX_POINT( '', #6521 );
#5273 = LINE( '', #6522, #6523 );
#5274 = VERTEX_POINT( '', #6524 );
#5275 = LINE( '', #6525, #6526 );
#5276 = VERTEX_POINT( '', #6527 );
#5277 = LINE( '', #6528, #6529 );
#5278 = LINE( '', #6530, #6531 );
#5279 = FILL_AREA_STYLE_COLOUR( '', #6532 );
#5280 = VERTEX_POINT( '', #6533 );
#5281 = VERTEX_POINT( '', #6534 );
#5282 = CIRCLE( '', #6535, 4.37500000000000 );
#5283 = VERTEX_POINT( '', #6536 );
#5284 = LINE( '', #6537, #6538 );
#5285 = VERTEX_POINT( '', #6539 );
#5286 = CIRCLE( '', #6540, 4.37500000000000 );
#5287 = LINE( '', #6541, #6542 );
#5288 = FILL_AREA_STYLE_COLOUR( '', #6543 );
#5289 = VERTEX_POINT( '', #6544 );
#5290 = CIRCLE( '', #6545, 3.50000000000000 );
#5291 = FILL_AREA_STYLE_COLOUR( '', #6546 );
#5292 = VERTEX_POINT( '', #6547 );
#5293 = VERTEX_POINT( '', #6548 );
#5294 = LINE( '', #6549, #6550 );
#5295 = VERTEX_POINT( '', #6551 );
#5296 = LINE( '', #6552, #6553 );
#5297 = VERTEX_POINT( '', #6554 );
#5298 = LINE( '', #6555, #6556 );
#5299 = LINE( '', #6557, #6558 );
#5300 = FILL_AREA_STYLE_COLOUR( '', #6559 );
#5301 = VERTEX_POINT( '', #6560 );
#5302 = VERTEX_POINT( '', #6561 );
#5303 = CIRCLE( '', #6562, 0.300000000000000 );
#5304 = VERTEX_POINT( '', #6563 );
#5305 = LINE( '', #6564, #6565 );
#5306 = VERTEX_POINT( '', #6566 );
#5307 = CIRCLE( '', #6567, 0.300000000000000 );
#5308 = LINE( '', #6568, #6569 );
#5309 = FILL_AREA_STYLE_COLOUR( '', #6570 );
#5310 = VERTEX_POINT( '', #6571 );
#5311 = VERTEX_POINT( '', #6572 );
#5312 = LINE( '', #6573, #6574 );
#5313 = VERTEX_POINT( '', #6575 );
#5314 = LINE( '', #6576, #6577 );
#5315 = VERTEX_POINT( '', #6578 );
#5316 = LINE( '', #6579, #6580 );
#5317 = LINE( '', #6581, #6582 );
#5318 = FILL_AREA_STYLE_COLOUR( '', #6583 );
#5319 = VERTEX_POINT( '', #6584 );
#5320 = CIRCLE( '', #6585, 3.50000000000000 );
#5321 = VERTEX_POINT( '', #6586 );
#5322 = CIRCLE( '', #6587, 3.50000000000000 );
#5323 = FILL_AREA_STYLE_COLOUR( '', #6588 );
#5324 = VERTEX_POINT( '', #6589 );
#5325 = VERTEX_POINT( '', #6590 );
#5326 = LINE( '', #6591, #6592 );
#5327 = VERTEX_POINT( '', #6593 );
#5328 = CIRCLE( '', #6594, 3.50000000000000 );
#5329 = VERTEX_POINT( '', #6595 );
#5330 = LINE( '', #6596, #6597 );
#5331 = CIRCLE( '', #6598, 3.50000000000000 );
#5332 = FILL_AREA_STYLE_COLOUR( '', #6599 );
#5333 = VERTEX_POINT( '', #6600 );
#5334 = VERTEX_POINT( '', #6601 );
#5335 = LINE( '', #6602, #6603 );
#5336 = VERTEX_POINT( '', #6604 );
#5337 = LINE( '', #6605, #6606 );
#5338 = VERTEX_POINT( '', #6607 );
#5339 = LINE( '', #6608, #6609 );
#5340 = LINE( '', #6610, #6611 );
#5341 = FILL_AREA_STYLE_COLOUR( '', #6612 );
#5342 = VERTEX_POINT( '', #6613 );
#5343 = VERTEX_POINT( '', #6614 );
#5344 = LINE( '', #6615, #6616 );
#5345 = VERTEX_POINT( '', #6617 );
#5346 = LINE( '', #6618, #6619 );
#5347 = VERTEX_POINT( '', #6620 );
#5348 = LINE( '', #6621, #6622 );
#5349 = LINE( '', #6623, #6624 );
#5350 = FILL_AREA_STYLE_COLOUR( '', #6625 );
#5351 = VERTEX_POINT( '', #6626 );
#5352 = VERTEX_POINT( '', #6627 );
#5353 = LINE( '', #6628, #6629 );
#5354 = VERTEX_POINT( '', #6630 );
#5355 = LINE( '', #6631, #6632 );
#5356 = VERTEX_POINT( '', #6633 );
#5357 = LINE( '', #6634, #6635 );
#5358 = LINE( '', #6636, #6637 );
#5359 = FILL_AREA_STYLE_COLOUR( '', #6638 );
#5360 = VERTEX_POINT( '', #6639 );
#5361 = VERTEX_POINT( '', #6640 );
#5362 = LINE( '', #6641, #6642 );
#5363 = LINE( '', #6643, #6644 );
#5364 = LINE( '', #6645, #6646 );
#5365 = FILL_AREA_STYLE_COLOUR( '', #6647 );
#5366 = VERTEX_POINT( '', #6648 );
#5367 = CIRCLE( '', #6649, 3.50000000000000 );
#5368 = VERTEX_POINT( '', #6650 );
#5369 = CIRCLE( '', #6651, 3.50000000000000 );
#5370 = VERTEX_POINT( '', #6652 );
#5371 = VERTEX_POINT( '', #6653 );
#5372 = LINE( '', #6654, #6655 );
#5373 = VERTEX_POINT( '', #6656 );
#5374 = LINE( '', #6657, #6658 );
#5375 = VERTEX_POINT( '', #6659 );
#5376 = LINE( '', #6660, #6661 );
#5377 = VERTEX_POINT( '', #6662 );
#5378 = LINE( '', #6663, #6664 );
#5379 = VERTEX_POINT( '', #6665 );
#5380 = LINE( '', #6666, #6667 );
#5381 = VERTEX_POINT( '', #6668 );
#5382 = LINE( '', #6669, #6670 );
#5383 = VERTEX_POINT( '', #6671 );
#5384 = LINE( '', #6672, #6673 );
#5385 = VERTEX_POINT( '', #6674 );
#5386 = LINE( '', #6675, #6676 );
#5387 = VERTEX_POINT( '', #6677 );
#5388 = LINE( '', #6678, #6679 );
#5389 = VERTEX_POINT( '', #6680 );
#5390 = LINE( '', #6681, #6682 );
#5391 = VERTEX_POINT( '', #6683 );
#5392 = LINE( '', #6684, #6685 );
#5393 = LINE( '', #6686, #6687 );
#5394 = FILL_AREA_STYLE_COLOUR( '', #6688 );
#5395 = VERTEX_POINT( '', #6689 );
#5396 = VERTEX_POINT( '', #6690 );
#5397 = LINE( '', #6691, #6692 );
#5398 = VERTEX_POINT( '', #6693 );
#5399 = LINE( '', #6694, #6695 );
#5400 = VERTEX_POINT( '', #6696 );
#5401 = LINE( '', #6697, #6698 );
#5402 = LINE( '', #6699, #6700 );
#5403 = FILL_AREA_STYLE_COLOUR( '', #6701 );
#5404 = VERTEX_POINT( '', #6702 );
#5405 = CIRCLE( '', #6703, 3.00000000000000 );
#5406 = VERTEX_POINT( '', #6704 );
#5407 = CIRCLE( '', #6705, 2.38650000000000 );
#5408 = FILL_AREA_STYLE_COLOUR( '', #6706 );
#5409 = VERTEX_POINT( '', #6707 );
#5410 = VERTEX_POINT( '', #6708 );
#5411 = LINE( '', #6709, #6710 );
#5412 = VERTEX_POINT( '', #6711 );
#5413 = LINE( '', #6712, #6713 );
#5414 = VERTEX_POINT( '', #6714 );
#5415 = LINE( '', #6715, #6716 );
#5416 = LINE( '', #6717, #6718 );
#5417 = FILL_AREA_STYLE_COLOUR( '', #6719 );
#5418 = VERTEX_POINT( '', #6720 );
#5419 = VERTEX_POINT( '', #6721 );
#5420 = CIRCLE( '', #6722, 0.500000000000000 );
#5421 = VERTEX_POINT( '', #6723 );
#5422 = LINE( '', #6724, #6725 );
#5423 = VERTEX_POINT( '', #6726 );
#5424 = CIRCLE( '', #6727, 0.500000000000000 );
#5425 = LINE( '', #6728, #6729 );
#5426 = FILL_AREA_STYLE_COLOUR( '', #6730 );
#5427 = VERTEX_POINT( '', #6731 );
#5428 = VERTEX_POINT( '', #6732 );
#5429 = LINE( '', #6733, #6734 );
#5430 = VERTEX_POINT( '', #6735 );
#5431 = LINE( '', #6736, #6737 );
#5432 = VERTEX_POINT( '', #6738 );
#5433 = LINE( '', #6739, #6740 );
#5434 = LINE( '', #6741, #6742 );
#5435 = FILL_AREA_STYLE_COLOUR( '', #6743 );
#5436 = VERTEX_POINT( '', #6744 );
#5437 = VERTEX_POINT( '', #6745 );
#5438 = LINE( '', #6746, #6747 );
#5439 = VERTEX_POINT( '', #6748 );
#5440 = LINE( '', #6749, #6750 );
#5441 = VERTEX_POINT( '', #6751 );
#5442 = LINE( '', #6752, #6753 );
#5443 = LINE( '', #6754, #6755 );
#5444 = FILL_AREA_STYLE_COLOUR( '', #6756 );
#5445 = VERTEX_POINT( '', #6757 );
#5446 = CIRCLE( '', #6758, 2.00000000000000 );
#5447 = VERTEX_POINT( '', #6759 );
#5448 = VERTEX_POINT( '', #6760 );
#5449 = CIRCLE( '', #6761, 1.00000000000000 );
#5450 = VERTEX_POINT( '', #6762 );
#5451 = LINE( '', #6763, #6764 );
#5452 = VERTEX_POINT( '', #6765 );
#5453 = CIRCLE( '', #6766, 1.00000000000000 );
#5454 = VERTEX_POINT( '', #6767 );
#5455 = LINE( '', #6768, #6769 );
#5456 = VERTEX_POINT( '', #6770 );
#5457 = CIRCLE( '', #6771, 0.300000000000000 );
#5458 = VERTEX_POINT( '', #6772 );
#5459 = CIRCLE( '', #6773, 2.10000000000000 );
#5460 = VERTEX_POINT( '', #6774 );
#5461 = CIRCLE( '', #6775, 0.300000000000000 );
#5462 = VERTEX_POINT( '', #6776 );
#5463 = LINE( '', #6777, #6778 );
#5464 = VERTEX_POINT( '', #6779 );
#5465 = CIRCLE( '', #6780, 0.300000000000000 );
#5466 = VERTEX_POINT( '', #6781 );
#5467 = CIRCLE( '', #6782, 2.10000000000000 );
#5468 = CIRCLE( '', #6783, 0.300000000000000 );
#5469 = VERTEX_POINT( '', #6784 );
#5470 = CIRCLE( '', #6785, 0.500000000000000 );
#5471 = LINE( '', #6786, #6787 );
#5472 = VERTEX_POINT( '', #6788 );
#5473 = LINE( '', #6789, #6790 );
#5474 = VERTEX_POINT( '', #6791 );
#5475 = CIRCLE( '', #6792, 0.300000000000000 );
#5476 = VERTEX_POINT( '', #6793 );
#5477 = CIRCLE( '', #6794, 2.10000000000000 );
#5478 = VERTEX_POINT( '', #6795 );
#5479 = CIRCLE( '', #6796, 0.300000000000000 );
#5480 = VERTEX_POINT( '', #6797 );
#5481 = LINE( '', #6798, #6799 );
#5482 = VERTEX_POINT( '', #6800 );
#5483 = CIRCLE( '', #6801, 0.300000000000000 );
#5484 = VERTEX_POINT( '', #6802 );
#5485 = CIRCLE( '', #6803, 2.10000000000000 );
#5486 = VERTEX_POINT( '', #6804 );
#5487 = CIRCLE( '', #6805, 0.300000000000000 );
#5488 = VERTEX_POINT( '', #6806 );
#5489 = LINE( '', #6807, #6808 );
#5490 = VERTEX_POINT( '', #6809 );
#5491 = CIRCLE( '', #6810, 1.00000000000000 );
#5492 = LINE( '', #6811, #6812 );
#5493 = LINE( '', #6813, #6814 );
#5494 = VERTEX_POINT( '', #6815 );
#5495 = LINE( '', #6816, #6817 );
#5496 = LINE( '', #6818, #6819 );
#5497 = VERTEX_POINT( '', #6820 );
#5498 = LINE( '', #6821, #6822 );
#5499 = VERTEX_POINT( '', #6823 );
#5500 = CIRCLE( '', #6824, 4.37500000000000 );
#5501 = VERTEX_POINT( '', #6825 );
#5502 = LINE( '', #6826, #6827 );
#5503 = VERTEX_POINT( '', #6828 );
#5504 = LINE( '', #6829, #6830 );
#5505 = VERTEX_POINT( '', #6831 );
#5506 = LINE( '', #6832, #6833 );
#5507 = VERTEX_POINT( '', #6834 );
#5508 = LINE( '', #6835, #6836 );
#5509 = CIRCLE( '', #6837, 2.00000000000000 );
#5510 = VERTEX_POINT( '', #6838 );
#5511 = LINE( '', #6839, #6840 );
#5512 = VERTEX_POINT( '', #6841 );
#5513 = LINE( '', #6842, #6843 );
#5514 = LINE( '', #6844, #6845 );
#5515 = FILL_AREA_STYLE_COLOUR( '', #6846 );
#5516 = VERTEX_POINT( '', #6847 );
#5517 = CIRCLE( '', #6848, 3.50000000000000 );
#5518 = FILL_AREA_STYLE_COLOUR( '', #6849 );
#5519 = VERTEX_POINT( '', #6850 );
#5520 = VERTEX_POINT( '', #6851 );
#5521 = LINE( '', #6852, #6853 );
#5522 = VERTEX_POINT( '', #6854 );
#5523 = LINE( '', #6855, #6856 );
#5524 = VERTEX_POINT( '', #6857 );
#5525 = LINE( '', #6858, #6859 );
#5526 = LINE( '', #6860, #6861 );
#5527 = FILL_AREA_STYLE_COLOUR( '', #6862 );
#5528 = VERTEX_POINT( '', #6863 );
#5529 = CIRCLE( '', #6864, 3.00000000000000 );
#5530 = VERTEX_POINT( '', #6865 );
#5531 = CIRCLE( '', #6866, 3.00000000000000 );
#5532 = LINE( '', #6867, #6868 );
#5533 = LINE( '', #6869, #6870 );
#5534 = FILL_AREA_STYLE_COLOUR( '', #6871 );
#5535 = VERTEX_POINT( '', #6872 );
#5536 = VERTEX_POINT( '', #6873 );
#5537 = LINE( '', #6874, #6875 );
#5538 = VERTEX_POINT( '', #6876 );
#5539 = LINE( '', #6877, #6878 );
#5540 = VERTEX_POINT( '', #6879 );
#5541 = LINE( '', #6880, #6881 );
#5542 = VERTEX_POINT( '', #6882 );
#5543 = LINE( '', #6883, #6884 );
#5544 = VERTEX_POINT( '', #6885 );
#5545 = LINE( '', #6886, #6887 );
#5546 = VERTEX_POINT( '', #6888 );
#5547 = LINE( '', #6889, #6890 );
#5548 = VERTEX_POINT( '', #6891 );
#5549 = LINE( '', #6892, #6893 );
#5550 = VERTEX_POINT( '', #6894 );
#5551 = LINE( '', #6895, #6896 );
#5552 = VERTEX_POINT( '', #6897 );
#5553 = LINE( '', #6898, #6899 );
#5554 = VERTEX_POINT( '', #6900 );
#5555 = LINE( '', #6901, #6902 );
#5556 = VERTEX_POINT( '', #6903 );
#5557 = LINE( '', #6904, #6905 );
#5558 = LINE( '', #6906, #6907 );
#5559 = VERTEX_POINT( '', #6908 );
#5560 = CIRCLE( '', #6909, 2.00000000000000 );
#5561 = FILL_AREA_STYLE_COLOUR( '', #6910 );
#5562 = VERTEX_POINT( '', #6911 );
#5563 = VERTEX_POINT( '', #6912 );
#5564 = CIRCLE( '', #6913, 2.10000000000000 );
#5565 = LINE( '', #6914, #6915 );
#5566 = LINE( '', #6916, #6917 );
#5567 = FILL_AREA_STYLE_COLOUR( '', #6918 );
#5568 = VERTEX_POINT( '', #6919 );
#5569 = CIRCLE( '', #6920, 3.50000000000000 );
#5570 = VERTEX_POINT( '', #6921 );
#5571 = CIRCLE( '', #6922, 3.50000000000000 );
#5572 = FILL_AREA_STYLE_COLOUR( '', #6923 );
#5573 = VERTEX_POINT( '', #6924 );
#5574 = CIRCLE( '', #6925, 2.38650000000000 );
#5575 = FILL_AREA_STYLE_COLOUR( '', #6926 );
#5576 = VERTEX_POINT( '', #6927 );
#5577 = CIRCLE( '', #6928, 3.50000000000000 );
#5578 = VERTEX_POINT( '', #6929 );
#5579 = VERTEX_POINT( '', #6930 );
#5580 = LINE( '', #6931, #6932 );
#5581 = VERTEX_POINT( '', #6933 );
#5582 = LINE( '', #6934, #6935 );
#5583 = VERTEX_POINT( '', #6936 );
#5584 = LINE( '', #6937, #6938 );
#5585 = LINE( '', #6939, #6940 );
#5586 = FILL_AREA_STYLE_COLOUR( '', #6941 );
#5587 = VERTEX_POINT( '', #6942 );
#5588 = VERTEX_POINT( '', #6943 );
#5589 = LINE( '', #6944, #6945 );
#5590 = VERTEX_POINT( '', #6946 );
#5591 = LINE( '', #6947, #6948 );
#5592 = VERTEX_POINT( '', #6949 );
#5593 = LINE( '', #6950, #6951 );
#5594 = LINE( '', #6952, #6953 );
#5595 = FILL_AREA_STYLE_COLOUR( '', #6954 );
#5596 = VERTEX_POINT( '', #6955 );
#5597 = VERTEX_POINT( '', #6956 );
#5598 = LINE( '', #6957, #6958 );
#5599 = VERTEX_POINT( '', #6959 );
#5600 = LINE( '', #6960, #6961 );
#5601 = VERTEX_POINT( '', #6962 );
#5602 = LINE( '', #6963, #6964 );
#5603 = LINE( '', #6965, #6966 );
#5604 = FILL_AREA_STYLE_COLOUR( '', #6967 );
#5605 = VERTEX_POINT( '', #6968 );
#5606 = VERTEX_POINT( '', #6969 );
#5607 = CIRCLE( '', #6970, 2.10000000000000 );
#5608 = VERTEX_POINT( '', #6971 );
#5609 = LINE( '', #6972, #6973 );
#5610 = VERTEX_POINT( '', #6974 );
#5611 = CIRCLE( '', #6975, 2.10000000000000 );
#5612 = LINE( '', #6976, #6977 );
#5613 = FILL_AREA_STYLE_COLOUR( '', #6978 );
#5614 = VERTEX_POINT( '', #6979 );
#5615 = VERTEX_POINT( '', #6980 );
#5616 = LINE( '', #6981, #6982 );
#5617 = VERTEX_POINT( '', #6983 );
#5618 = LINE( '', #6984, #6985 );
#5619 = LINE( '', #6986, #6987 );
#5620 = LINE( '', #6988, #6989 );
#5621 = FILL_AREA_STYLE_COLOUR( '', #6990 );
#5622 = VERTEX_POINT( '', #6991 );
#5623 = CIRCLE( '', #6992, 3.50000000000000 );
#5624 = VERTEX_POINT( '', #6993 );
#5625 = CIRCLE( '', #6994, 5.50000000000000 );
#5626 = FILL_AREA_STYLE_COLOUR( '', #6995 );
#5627 = VERTEX_POINT( '', #6996 );
#5628 = VERTEX_POINT( '', #6997 );
#5629 = LINE( '', #6998, #6999 );
#5630 = LINE( '', #7000, #7001 );
#5631 = LINE( '', #7002, #7003 );
#5632 = FILL_AREA_STYLE_COLOUR( '', #7004 );
#5633 = LINE( '', #7005, #7006 );
#5634 = LINE( '', #7007, #7008 );
#5635 = FILL_AREA_STYLE_COLOUR( '', #7009 );
#5636 = FILL_AREA_STYLE_COLOUR( '', #7010 );
#5637 = VERTEX_POINT( '', #7011 );
#5638 = VERTEX_POINT( '', #7012 );
#5639 = CIRCLE( '', #7013, 1.00000000000000 );
#5640 = VERTEX_POINT( '', #7014 );
#5641 = LINE( '', #7015, #7016 );
#5642 = VERTEX_POINT( '', #7017 );
#5643 = CIRCLE( '', #7018, 1.00000000000000 );
#5644 = LINE( '', #7019, #7020 );
#5645 = FILL_AREA_STYLE_COLOUR( '', #7021 );
#5646 = VERTEX_POINT( '', #7022 );
#5647 = LINE( '', #7023, #7024 );
#5648 = VERTEX_POINT( '', #7025 );
#5649 = LINE( '', #7026, #7027 );
#5650 = LINE( '', #7028, #7029 );
#5651 = LINE( '', #7030, #7031 );
#5652 = LINE( '', #7032, #7033 );
#5653 = VERTEX_POINT( '', #7034 );
#5654 = LINE( '', #7035, #7036 );
#5655 = VERTEX_POINT( '', #7037 );
#5656 = LINE( '', #7038, #7039 );
#5657 = VERTEX_POINT( '', #7040 );
#5658 = LINE( '', #7041, #7042 );
#5659 = VERTEX_POINT( '', #7043 );
#5660 = LINE( '', #7044, #7045 );
#5661 = VERTEX_POINT( '', #7046 );
#5662 = LINE( '', #7047, #7048 );
#5663 = VERTEX_POINT( '', #7049 );
#5664 = LINE( '', #7050, #7051 );
#5665 = VERTEX_POINT( '', #7052 );
#5666 = LINE( '', #7053, #7054 );
#5667 = VERTEX_POINT( '', #7055 );
#5668 = CIRCLE( '', #7056, 4.37500000000000 );
#5669 = LINE( '', #7057, #7058 );
#5670 = VERTEX_POINT( '', #7059 );
#5671 = LINE( '', #7060, #7061 );
#5672 = LINE( '', #7062, #7063 );
#5673 = VERTEX_POINT( '', #7064 );
#5674 = LINE( '', #7065, #7066 );
#5675 = LINE( '', #7067, #7068 );
#5676 = FILL_AREA_STYLE_COLOUR( '', #7069 );
#5677 = VERTEX_POINT( '', #7070 );
#5678 = VERTEX_POINT( '', #7071 );
#5679 = LINE( '', #7072, #7073 );
#5680 = VERTEX_POINT( '', #7074 );
#5681 = LINE( '', #7075, #7076 );
#5682 = VERTEX_POINT( '', #7077 );
#5683 = LINE( '', #7078, #7079 );
#5684 = LINE( '', #7080, #7081 );
#5685 = FILL_AREA_STYLE_COLOUR( '', #7082 );
#5686 = LINE( '', #7083, #7084 );
#5687 = LINE( '', #7085, #7086 );
#5688 = FILL_AREA_STYLE_COLOUR( '', #7087 );
#5689 = VERTEX_POINT( '', #7088 );
#5690 = CIRCLE( '', #7089, 2.10000000000000 );
#5691 = VERTEX_POINT( '', #7090 );
#5692 = CIRCLE( '', #7091, 2.10000000000000 );
#5693 = LINE( '', #7092, #7093 );
#5694 = FILL_AREA_STYLE_COLOUR( '', #7094 );
#5695 = VERTEX_POINT( '', #7095 );
#5696 = LINE( '', #7096, #7097 );
#5697 = VERTEX_POINT( '', #7098 );
#5698 = LINE( '', #7099, #7100 );
#5699 = LINE( '', #7101, #7102 );
#5700 = FILL_AREA_STYLE_COLOUR( '', #7103 );
#5701 = LINE( '', #7104, #7105 );
#5702 = FILL_AREA_STYLE_COLOUR( '', #7106 );
#5703 = FILL_AREA_STYLE_COLOUR( '', #7107 );
#5704 = VERTEX_POINT( '', #7108 );
#5705 = CIRCLE( '', #7109, 3.50000000000000 );
#5706 = FILL_AREA_STYLE_COLOUR( '', #7110 );
#5707 = VERTEX_POINT( '', #7111 );
#5708 = VERTEX_POINT( '', #7112 );
#5709 = LINE( '', #7113, #7114 );
#5710 = VERTEX_POINT( '', #7115 );
#5711 = LINE( '', #7116, #7117 );
#5712 = VERTEX_POINT( '', #7118 );
#5713 = LINE( '', #7119, #7120 );
#5714 = LINE( '', #7121, #7122 );
#5715 = FILL_AREA_STYLE_COLOUR( '', #7123 );
#5716 = LINE( '', #7124, #7125 );
#5717 = LINE( '', #7126, #7127 );
#5718 = FILL_AREA_STYLE_COLOUR( '', #7128 );
#5719 = LINE( '', #7129, #7130 );
#5720 = LINE( '', #7131, #7132 );
#5721 = FILL_AREA_STYLE_COLOUR( '', #7133 );
#5722 = VERTEX_POINT( '', #7134 );
#5723 = VERTEX_POINT( '', #7135 );
#5724 = LINE( '', #7136, #7137 );
#5725 = LINE( '', #7138, #7139 );
#5726 = LINE( '', #7140, #7141 );
#5727 = FILL_AREA_STYLE_COLOUR( '', #7142 );
#5728 = VERTEX_POINT( '', #7143 );
#5729 = LINE( '', #7144, #7145 );
#5730 = VERTEX_POINT( '', #7146 );
#5731 = LINE( '', #7147, #7148 );
#5732 = LINE( '', #7149, #7150 );
#5733 = FILL_AREA_STYLE_COLOUR( '', #7151 );
#5734 = LINE( '', #7152, #7153 );
#5735 = LINE( '', #7154, #7155 );
#5736 = FILL_AREA_STYLE_COLOUR( '', #7156 );
#5737 = VERTEX_POINT( '', #7157 );
#5738 = VERTEX_POINT( '', #7158 );
#5739 = CIRCLE( '', #7159, 3.50000000000000 );
#5740 = VERTEX_POINT( '', #7160 );
#5741 = LINE( '', #7161, #7162 );
#5742 = VERTEX_POINT( '', #7163 );
#5743 = CIRCLE( '', #7164, 3.50000000000000 );
#5744 = VERTEX_POINT( '', #7165 );
#5745 = LINE( '', #7166, #7167 );
#5746 = LINE( '', #7168, #7169 );
#5747 = VERTEX_POINT( '', #7170 );
#5748 = LINE( '', #7171, #7172 );
#5749 = LINE( '', #7173, #7174 );
#5750 = FILL_AREA_STYLE_COLOUR( '', #7175 );
#5751 = VERTEX_POINT( '', #7176 );
#5752 = LINE( '', #7177, #7178 );
#5753 = VERTEX_POINT( '', #7179 );
#5754 = LINE( '', #7180, #7181 );
#5755 = LINE( '', #7182, #7183 );
#5756 = FILL_AREA_STYLE_COLOUR( '', #7184 );
#5757 = VERTEX_POINT( '', #7185 );
#5758 = VERTEX_POINT( '', #7186 );
#5759 = LINE( '', #7187, #7188 );
#5760 = LINE( '', #7189, #7190 );
#5761 = LINE( '', #7191, #7192 );
#5762 = FILL_AREA_STYLE_COLOUR( '', #7193 );
#5763 = VERTEX_POINT( '', #7194 );
#5764 = CIRCLE( '', #7195, 3.00000000000000 );
#5765 = VERTEX_POINT( '', #7196 );
#5766 = CIRCLE( '', #7197, 2.38650000000000 );
#5767 = FILL_AREA_STYLE_COLOUR( '', #7198 );
#5768 = VERTEX_POINT( '', #7199 );
#5769 = VERTEX_POINT( '', #7200 );
#5770 = LINE( '', #7201, #7202 );
#5771 = VERTEX_POINT( '', #7203 );
#5772 = LINE( '', #7204, #7205 );
#5773 = VERTEX_POINT( '', #7206 );
#5774 = LINE( '', #7207, #7208 );
#5775 = LINE( '', #7209, #7210 );
#5776 = FILL_AREA_STYLE_COLOUR( '', #7211 );
#5777 = VERTEX_POINT( '', #7212 );
#5778 = CIRCLE( '', #7213, 3.00000000000000 );
#5779 = VERTEX_POINT( '', #7214 );
#5780 = CIRCLE( '', #7215, 3.00000000000000 );
#5781 = FILL_AREA_STYLE_COLOUR( '', #7216 );
#5782 = LINE( '', #7217, #7218 );
#5783 = VERTEX_POINT( '', #7219 );
#5784 = LINE( '', #7220, #7221 );
#5785 = VERTEX_POINT( '', #7222 );
#5786 = LINE( '', #7223, #7224 );
#5787 = LINE( '', #7225, #7226 );
#5788 = VERTEX_POINT( '', #7227 );
#5789 = LINE( '', #7228, #7229 );
#5790 = LINE( '', #7230, #7231 );
#5791 = FILL_AREA_STYLE_COLOUR( '', #7232 );
#5792 = VERTEX_POINT( '', #7233 );
#5793 = ELLIPSE( '', #7234, 4.94974746830000, 3.50000000000000 );
#5794 = VERTEX_POINT( '', #7235 );
#5795 = LINE( '', #7236, #7237 );
#5796 = LINE( '', #7238, #7239 );
#5797 = FILL_AREA_STYLE_COLOUR( '', #7240 );
#5798 = LINE( '', #7241, #7242 );
#5799 = FILL_AREA_STYLE_COLOUR( '', #7243 );
#5800 = VERTEX_POINT( '', #7244 );
#5801 = CIRCLE( '', #7245, 0.300000000000000 );
#5802 = VERTEX_POINT( '', #7246 );
#5803 = CIRCLE( '', #7247, 0.300000000000000 );
#5804 = LINE( '', #7248, #7249 );
#5805 = FILL_AREA_STYLE_COLOUR( '', #7250 );
#5806 = VERTEX_POINT( '', #7251 );
#5807 = CIRCLE( '', #7252, 0.300000000000000 );
#5808 = VERTEX_POINT( '', #7253 );
#5809 = CIRCLE( '', #7254, 2.10000000000000 );
#5810 = VERTEX_POINT( '', #7255 );
#5811 = CIRCLE( '', #7256, 0.300000000000000 );
#5812 = VERTEX_POINT( '', #7257 );
#5813 = LINE( '', #7258, #7259 );
#5814 = VERTEX_POINT( '', #7260 );
#5815 = CIRCLE( '', #7261, 0.500000000000000 );
#5816 = LINE( '', #7262, #7263 );
#5817 = LINE( '', #7264, #7265 );
#5818 = VERTEX_POINT( '', #7266 );
#5819 = CIRCLE( '', #7267, 0.300000000000000 );
#5820 = VERTEX_POINT( '', #7268 );
#5821 = LINE( '', #7269, #7270 );
#5822 = CIRCLE( '', #7271, 0.300000000000000 );
#5823 = VERTEX_POINT( '', #7272 );
#5824 = CIRCLE( '', #7273, 0.300000000000000 );
#5825 = LINE( '', #7274, #7275 );
#5826 = VERTEX_POINT( '', #7276 );
#5827 = LINE( '', #7277, #7278 );
#5828 = VERTEX_POINT( '', #7279 );
#5829 = CIRCLE( '', #7280, 1.00000000000000 );
#5830 = VERTEX_POINT( '', #7281 );
#5831 = LINE( '', #7282, #7283 );
#5832 = LINE( '', #7284, #7285 );
#5833 = VERTEX_POINT( '', #7286 );
#5834 = LINE( '', #7287, #7288 );
#5835 = VERTEX_POINT( '', #7289 );
#5836 = LINE( '', #7290, #7291 );
#5837 = LINE( '', #7292, #7293 );
#5838 = LINE( '', #7294, #7295 );
#5839 = VERTEX_POINT( '', #7296 );
#5840 = LINE( '', #7297, #7298 );
#5841 = CIRCLE( '', #7299, 1.00000000000000 );
#5842 = VERTEX_POINT( '', #7300 );
#5843 = CIRCLE( '', #7301, 2.10000000000000 );
#5844 = CIRCLE( '', #7302, 0.300000000000000 );
#5845 = FILL_AREA_STYLE_COLOUR( '', #7303 );
#5846 = VERTEX_POINT( '', #7304 );
#5847 = CIRCLE( '', #7305, 2.00000000000000 );
#5848 = FILL_AREA_STYLE_COLOUR( '', #7306 );
#5849 = VERTEX_POINT( '', #7307 );
#5850 = CIRCLE( '', #7308, 5.50000000000000 );
#5851 = VERTEX_POINT( '', #7309 );
#5852 = CIRCLE( '', #7310, 5.50000000000000 );
#5853 = VERTEX_POINT( '', #7311 );
#5854 = LINE( '', #7312, #7313 );
#5855 = LINE( '', #7314, #7315 );
#5856 = FILL_AREA_STYLE_COLOUR( '', #7316 );
#5857 = VERTEX_POINT( '', #7317 );
#5858 = VERTEX_POINT( '', #7318 );
#5859 = LINE( '', #7319, #7320 );
#5860 = LINE( '', #7321, #7322 );
#5861 = LINE( '', #7323, #7324 );
#5862 = FILL_AREA_STYLE_COLOUR( '', #7325 );
#5863 = LINE( '', #7326, #7327 );
#5864 = FILL_AREA_STYLE_COLOUR( '', #7328 );
#5865 = VERTEX_POINT( '', #7329 );
#5866 = VERTEX_POINT( '', #7330 );
#5867 = LINE( '', #7331, #7332 );
#5868 = VERTEX_POINT( '', #7333 );
#5869 = LINE( '', #7334, #7335 );
#5870 = LINE( '', #7336, #7337 );
#5871 = LINE( '', #7338, #7339 );
#5872 = FILL_AREA_STYLE_COLOUR( '', #7340 );
#5873 = VERTEX_POINT( '', #7341 );
#5874 = VERTEX_POINT( '', #7342 );
#5875 = LINE( '', #7343, #7344 );
#5876 = VERTEX_POINT( '', #7345 );
#5877 = LINE( '', #7346, #7347 );
#5878 = VERTEX_POINT( '', #7348 );
#5879 = LINE( '', #7349, #7350 );
#5880 = LINE( '', #7351, #7352 );
#5881 = FILL_AREA_STYLE_COLOUR( '', #7353 );
#5882 = VERTEX_POINT( '', #7354 );
#5883 = LINE( '', #7355, #7356 );
#5884 = VERTEX_POINT( '', #7357 );
#5885 = LINE( '', #7358, #7359 );
#5886 = LINE( '', #7360, #7361 );
#5887 = FILL_AREA_STYLE_COLOUR( '', #7362 );
#5888 = VERTEX_POINT( '', #7363 );
#5889 = LINE( '', #7364, #7365 );
#5890 = VERTEX_POINT( '', #7366 );
#5891 = LINE( '', #7367, #7368 );
#5892 = LINE( '', #7369, #7370 );
#5893 = FILL_AREA_STYLE_COLOUR( '', #7371 );
#5894 = VERTEX_POINT( '', #7372 );
#5895 = LINE( '', #7373, #7374 );
#5896 = LINE( '', #7375, #7376 );
#5897 = FILL_AREA_STYLE_COLOUR( '', #7377 );
#5898 = VERTEX_POINT( '', #7378 );
#5899 = CIRCLE( '', #7379, 3.50000000000000 );
#5900 = FILL_AREA_STYLE_COLOUR( '', #7380 );
#5901 = VERTEX_POINT( '', #7381 );
#5902 = LINE( '', #7382, #7383 );
#5903 = LINE( '', #7384, #7385 );
#5904 = FILL_AREA_STYLE_COLOUR( '', #7386 );
#5905 = CIRCLE( '', #7387, 0.300000000000000 );
#5906 = FILL_AREA_STYLE_COLOUR( '', #7388 );
#5907 = CIRCLE( '', #7389, 1.00000000000000 );
#5908 = FILL_AREA_STYLE_COLOUR( '', #7390 );
#5909 = CIRCLE( '', #7391, 2.00000000000000 );
#5910 = FILL_AREA_STYLE_COLOUR( '', #7392 );
#5911 = VERTEX_POINT( '', #7393 );
#5912 = VERTEX_POINT( '', #7394 );
#5913 = LINE( '', #7395, #7396 );
#5914 = VERTEX_POINT( '', #7397 );
#5915 = LINE( '', #7398, #7399 );
#5916 = VERTEX_POINT( '', #7400 );
#5917 = LINE( '', #7401, #7402 );
#5918 = LINE( '', #7403, #7404 );
#5919 = FILL_AREA_STYLE_COLOUR( '', #7405 );
#5920 = VERTEX_POINT( '', #7406 );
#5921 = VERTEX_POINT( '', #7407 );
#5922 = CIRCLE( '', #7408, 0.300000000000000 );
#5923 = LINE( '', #7409, #7410 );
#5924 = LINE( '', #7411, #7412 );
#5925 = FILL_AREA_STYLE_COLOUR( '', #7413 );
#5926 = VERTEX_POINT( '', #7414 );
#5927 = LINE( '', #7415, #7416 );
#5928 = VERTEX_POINT( '', #7417 );
#5929 = LINE( '', #7418, #7419 );
#5930 = LINE( '', #7420, #7421 );
#5931 = FILL_AREA_STYLE_COLOUR( '', #7422 );
#5932 = VERTEX_POINT( '', #7423 );
#5933 = CIRCLE( '', #7424, 0.300000000000000 );
#5934 = LINE( '', #7425, #7426 );
#5935 = FILL_AREA_STYLE_COLOUR( '', #7427 );
#5936 = VERTEX_POINT( '', #7428 );
#5937 = ELLIPSE( '', #7429, 4.94974746830000, 3.50000000000000 );
#5938 = VERTEX_POINT( '', #7430 );
#5939 = LINE( '', #7431, #7432 );
#5940 = ELLIPSE( '', #7433, 4.94974746830000, 3.50000000000000 );
#5941 = FILL_AREA_STYLE_COLOUR( '', #7434 );
#5942 = VERTEX_POINT( '', #7435 );
#5943 = LINE( '', #7436, #7437 );
#5944 = LINE( '', #7438, #7439 );
#5945 = VERTEX_POINT( '', #7440 );
#5946 = LINE( '', #7441, #7442 );
#5947 = VERTEX_POINT( '', #7443 );
#5948 = LINE( '', #7444, #7445 );
#5949 = LINE( '', #7446, #7447 );
#5950 = LINE( '', #7448, #7449 );
#5951 = FILL_AREA_STYLE_COLOUR( '', #7450 );
#5952 = VERTEX_POINT( '', #7451 );
#5953 = LINE( '', #7452, #7453 );
#5954 = LINE( '', #7454, #7455 );
#5955 = FILL_AREA_STYLE_COLOUR( '', #7456 );
#5956 = VERTEX_POINT( '', #7457 );
#5957 = VERTEX_POINT( '', #7458 );
#5958 = LINE( '', #7459, #7460 );
#5959 = VERTEX_POINT( '', #7461 );
#5960 = LINE( '', #7462, #7463 );
#5961 = VERTEX_POINT( '', #7464 );
#5962 = LINE( '', #7465, #7466 );
#5963 = LINE( '', #7467, #7468 );
#5964 = FILL_AREA_STYLE_COLOUR( '', #7469 );
#5965 = VERTEX_POINT( '', #7470 );
#5966 = VERTEX_POINT( '', #7471 );
#5967 = LINE( '', #7472, #7473 );
#5968 = LINE( '', #7474, #7475 );
#5969 = LINE( '', #7476, #7477 );
#5970 = FILL_AREA_STYLE_COLOUR( '', #7478 );
#5971 = VERTEX_POINT( '', #7479 );
#5972 = LINE( '', #7480, #7481 );
#5973 = VERTEX_POINT( '', #7482 );
#5974 = LINE( '', #7483, #7484 );
#5975 = LINE( '', #7485, #7486 );
#5976 = FILL_AREA_STYLE_COLOUR( '', #7487 );
#5977 = VERTEX_POINT( '', #7488 );
#5978 = CIRCLE( '', #7489, 2.10000000000000 );
#5979 = LINE( '', #7490, #7491 );
#5980 = FILL_AREA_STYLE_COLOUR( '', #7492 );
#5981 = VERTEX_POINT( '', #7493 );
#5982 = LINE( '', #7494, #7495 );
#5983 = VERTEX_POINT( '', #7496 );
#5984 = LINE( '', #7497, #7498 );
#5985 = LINE( '', #7499, #7500 );
#5986 = FILL_AREA_STYLE_COLOUR( '', #7501 );
#5987 = VERTEX_POINT( '', #7502 );
#5988 = CIRCLE( '', #7503, 3.50000000000000 );
#5989 = VERTEX_POINT( '', #7504 );
#5990 = LINE( '', #7505, #7506 );
#5991 = LINE( '', #7507, #7508 );
#5992 = VERTEX_POINT( '', #7509 );
#5993 = LINE( '', #7510, #7511 );
#5994 = CIRCLE( '', #7512, 3.50000000000000 );
#5995 = FILL_AREA_STYLE_COLOUR( '', #7513 );
#5996 = VERTEX_POINT( '', #7514 );
#5997 = LINE( '', #7515, #7516 );
#5998 = VERTEX_POINT( '', #7517 );
#5999 = LINE( '', #7518, #7519 );
#6000 = LINE( '', #7520, #7521 );
#6001 = FILL_AREA_STYLE_COLOUR( '', #7522 );
#6002 = VERTEX_POINT( '', #7523 );
#6003 = LINE( '', #7524, #7525 );
#6004 = LINE( '', #7526, #7527 );
#6005 = LINE( '', #7528, #7529 );
#6006 = VERTEX_POINT( '', #7530 );
#6007 = LINE( '', #7531, #7532 );
#6008 = LINE( '', #7533, #7534 );
#6009 = VERTEX_POINT( '', #7535 );
#6010 = LINE( '', #7536, #7537 );
#6011 = LINE( '', #7538, #7539 );
#6012 = VERTEX_POINT( '', #7540 );
#6013 = CIRCLE( '', #7541, 2.00000000000000 );
#6014 = FILL_AREA_STYLE_COLOUR( '', #7542 );
#6015 = ELLIPSE( '', #7543, 4.94974746830000, 3.50000000000000 );
#6016 = VERTEX_POINT( '', #7544 );
#6017 = ELLIPSE( '', #7545, 4.94974746830000, 3.50000000000000 );
#6018 = VERTEX_POINT( '', #7546 );
#6019 = CIRCLE( '', #7547, 3.50000000000000 );
#6020 = ELLIPSE( '', #7548, 4.94974746830000, 3.50000000000000 );
#6021 = VERTEX_POINT( '', #7549 );
#6022 = CIRCLE( '', #7550, 3.50000000000000 );
#6023 = FILL_AREA_STYLE_COLOUR( '', #7551 );
#6024 = VERTEX_POINT( '', #7552 );
#6025 = CIRCLE( '', #7553, 0.300000000000000 );
#6026 = LINE( '', #7554, #7555 );
#6027 = FILL_AREA_STYLE_COLOUR( '', #7556 );
#6028 = VERTEX_POINT( '', #7557 );
#6029 = VERTEX_POINT( '', #7558 );
#6030 = LINE( '', #7559, #7560 );
#6031 = VERTEX_POINT( '', #7561 );
#6032 = LINE( '', #7562, #7563 );
#6033 = VERTEX_POINT( '', #7564 );
#6034 = LINE( '', #7565, #7566 );
#6035 = LINE( '', #7567, #7568 );
#6036 = FILL_AREA_STYLE_COLOUR( '', #7569 );
#6037 = LINE( '', #7570, #7571 );
#6038 = FILL_AREA_STYLE_COLOUR( '', #7572 );
#6039 = VERTEX_POINT( '', #7573 );
#6040 = CIRCLE( '', #7574, 0.300000000000000 );
#6041 = VERTEX_POINT( '', #7575 );
#6042 = CIRCLE( '', #7576, 0.300000000000000 );
#6043 = CIRCLE( '', #7577, 2.10000000000000 );
#6044 = VERTEX_POINT( '', #7578 );
#6045 = CIRCLE( '', #7579, 1.00000000000000 );
#6046 = LINE( '', #7580, #7581 );
#6047 = VERTEX_POINT( '', #7582 );
#6048 = LINE( '', #7583, #7584 );
#6049 = VERTEX_POINT( '', #7585 );
#6050 = LINE( '', #7586, #7587 );
#6051 = LINE( '', #7588, #7589 );
#6052 = VERTEX_POINT( '', #7590 );
#6053 = LINE( '', #7591, #7592 );
#6054 = VERTEX_POINT( '', #7593 );
#6055 = LINE( '', #7594, #7595 );
#6056 = VERTEX_POINT( '', #7596 );
#6057 = CIRCLE( '', #7597, 1.00000000000000 );
#6058 = LINE( '', #7598, #7599 );
#6059 = LINE( '', #7600, #7601 );
#6060 = VERTEX_POINT( '', #7602 );
#6061 = CIRCLE( '', #7603, 0.300000000000000 );
#6062 = VERTEX_POINT( '', #7604 );
#6063 = LINE( '', #7605, #7606 );
#6064 = CIRCLE( '', #7607, 0.300000000000000 );
#6065 = LINE( '', #7608, #7609 );
#6066 = CIRCLE( '', #7610, 0.500000000000000 );
#6067 = VERTEX_POINT( '', #7611 );
#6068 = CIRCLE( '', #7612, 0.300000000000000 );
#6069 = CIRCLE( '', #7613, 2.10000000000000 );
#6070 = FILL_AREA_STYLE_COLOUR( '', #7614 );
#6071 = VERTEX_POINT( '', #7615 );
#6072 = LINE( '', #7616, #7617 );
#6073 = LINE( '', #7618, #7619 );
#6074 = FILL_AREA_STYLE_COLOUR( '', #7620 );
#6075 = LINE( '', #7621, #7622 );
#6076 = FILL_AREA_STYLE_COLOUR( '', #7623 );
#6077 = LINE( '', #7624, #7625 );
#6078 = FILL_AREA_STYLE_COLOUR( '', #7626 );
#6079 = VERTEX_POINT( '', #7627 );
#6080 = VERTEX_POINT( '', #7628 );
#6081 = LINE( '', #7629, #7630 );
#6082 = VERTEX_POINT( '', #7631 );
#6083 = LINE( '', #7632, #7633 );
#6084 = VERTEX_POINT( '', #7634 );
#6085 = LINE( '', #7635, #7636 );
#6086 = LINE( '', #7637, #7638 );
#6087 = FILL_AREA_STYLE_COLOUR( '', #7639 );
#6088 = VERTEX_POINT( '', #7640 );
#6089 = LINE( '', #7641, #7642 );
#6090 = VERTEX_POINT( '', #7643 );
#6091 = LINE( '', #7644, #7645 );
#6092 = LINE( '', #7646, #7647 );
#6093 = FILL_AREA_STYLE_COLOUR( '', #7648 );
#6094 = VERTEX_POINT( '', #7649 );
#6095 = LINE( '', #7650, #7651 );
#6096 = LINE( '', #7652, #7653 );
#6097 = FILL_AREA_STYLE_COLOUR( '', #7654 );
#6098 = VERTEX_POINT( '', #7655 );
#6099 = CIRCLE( '', #7656, 1.00000000000000 );
#6100 = LINE( '', #7657, #7658 );
#6101 = FILL_AREA_STYLE_COLOUR( '', #7659 );
#6102 = VERTEX_POINT( '', #7660 );
#6103 = VERTEX_POINT( '', #7661 );
#6104 = LINE( '', #7662, #7663 );
#6105 = VERTEX_POINT( '', #7664 );
#6106 = LINE( '', #7665, #7666 );
#6107 = VERTEX_POINT( '', #7667 );
#6108 = LINE( '', #7668, #7669 );
#6109 = LINE( '', #7670, #7671 );
#6110 = FILL_AREA_STYLE_COLOUR( '', #7672 );
#6111 = VERTEX_POINT( '', #7673 );
#6112 = LINE( '', #7674, #7675 );
#6113 = VERTEX_POINT( '', #7676 );
#6114 = LINE( '', #7677, #7678 );
#6115 = LINE( '', #7679, #7680 );
#6116 = LINE( '', #7681, #7682 );
#6117 = FILL_AREA_STYLE_COLOUR( '', #7683 );
#6118 = LINE( '', #7684, #7685 );
#6119 = LINE( '', #7686, #7687 );
#6120 = FILL_AREA_STYLE_COLOUR( '', #7688 );
#6121 = VERTEX_POINT( '', #7689 );
#6122 = LINE( '', #7690, #7691 );
#6123 = LINE( '', #7692, #7693 );
#6124 = FILL_AREA_STYLE_COLOUR( '', #7694 );
#6125 = VERTEX_POINT( '', #7695 );
#6126 = LINE( '', #7696, #7697 );
#6127 = LINE( '', #7698, #7699 );
#6128 = FILL_AREA_STYLE_COLOUR( '', #7700 );
#6129 = LINE( '', #7701, #7702 );
#6130 = FILL_AREA_STYLE_COLOUR( '', #7703 );
#6131 = FILL_AREA_STYLE_COLOUR( '', #7704 );
#6132 = VERTEX_POINT( '', #7705 );
#6133 = LINE( '', #7706, #7707 );
#6134 = VERTEX_POINT( '', #7708 );
#6135 = LINE( '', #7709, #7710 );
#6136 = LINE( '', #7711, #7712 );
#6137 = VERTEX_POINT( '', #7713 );
#6138 = LINE( '', #7714, #7715 );
#6139 = LINE( '', #7716, #7717 );
#6140 = VERTEX_POINT( '', #7718 );
#6141 = LINE( '', #7719, #7720 );
#6142 = LINE( '', #7721, #7722 );
#6143 = FILL_AREA_STYLE_COLOUR( '', #7723 );
#6144 = VERTEX_POINT( '', #7724 );
#6145 = VERTEX_POINT( '', #7725 );
#6146 = LINE( '', #7726, #7727 );
#6147 = VERTEX_POINT( '', #7728 );
#6148 = LINE( '', #7729, #7730 );
#6149 = VERTEX_POINT( '', #7731 );
#6150 = LINE( '', #7732, #7733 );
#6151 = LINE( '', #7734, #7735 );
#6152 = FILL_AREA_STYLE_COLOUR( '', #7736 );
#6153 = LINE( '', #7737, #7738 );
#6154 = FILL_AREA_STYLE_COLOUR( '', #7739 );
#6155 = VERTEX_POINT( '', #7740 );
#6156 = LINE( '', #7741, #7742 );
#6157 = VERTEX_POINT( '', #7743 );
#6158 = LINE( '', #7744, #7745 );
#6159 = LINE( '', #7746, #7747 );
#6160 = FILL_AREA_STYLE_COLOUR( '', #7748 );
#6161 = VERTEX_POINT( '', #7749 );
#6162 = VERTEX_POINT( '', #7750 );
#6163 = LINE( '', #7751, #7752 );
#6164 = LINE( '', #7753, #7754 );
#6165 = LINE( '', #7755, #7756 );
#6166 = FILL_AREA_STYLE_COLOUR( '', #7757 );
#6167 = LINE( '', #7758, #7759 );
#6168 = FILL_AREA_STYLE_COLOUR( '', #7760 );
#6169 = VERTEX_POINT( '', #7761 );
#6170 = LINE( '', #7762, #7763 );
#6171 = LINE( '', #7764, #7765 );
#6172 = FILL_AREA_STYLE_COLOUR( '', #7766 );
#6173 = VERTEX_POINT( '', #7767 );
#6174 = LINE( '', #7768, #7769 );
#6175 = LINE( '', #7770, #7771 );
#6176 = FILL_AREA_STYLE_COLOUR( '', #7772 );
#6177 = VERTEX_POINT( '', #7773 );
#6178 = LINE( '', #7774, #7775 );
#6179 = VERTEX_POINT( '', #7776 );
#6180 = LINE( '', #7777, #7778 );
#6181 = LINE( '', #7779, #7780 );
#6182 = FILL_AREA_STYLE_COLOUR( '', #7781 );
#6183 = CIRCLE( '', #7782, 0.500000000000000 );
#6184 = FILL_AREA_STYLE_COLOUR( '', #7783 );
#6185 = VERTEX_POINT( '', #7784 );
#6186 = LINE( '', #7785, #7786 );
#6187 = LINE( '', #7787, #7788 );
#6188 = FILL_AREA_STYLE_COLOUR( '', #7789 );
#6189 = LINE( '', #7790, #7791 );
#6190 = LINE( '', #7792, #7793 );
#6191 = FILL_AREA_STYLE_COLOUR( '', #7794 );
#6192 = LINE( '', #7795, #7796 );
#6193 = FILL_AREA_STYLE_COLOUR( '', #7797 );
#6194 = LINE( '', #7798, #7799 );
#6195 = FILL_AREA_STYLE_COLOUR( '', #7800 );
#6196 = VERTEX_POINT( '', #7801 );
#6197 = LINE( '', #7802, #7803 );
#6198 = LINE( '', #7804, #7805 );
#6199 = FILL_AREA_STYLE_COLOUR( '', #7806 );
#6200 = VERTEX_POINT( '', #7807 );
#6201 = CIRCLE( '', #7808, 3.50000000000000 );
#6202 = LINE( '', #7809, #7810 );
#6203 = FILL_AREA_STYLE_COLOUR( '', #7811 );
#6204 = LINE( '', #7812, #7813 );
#6205 = VERTEX_POINT( '', #7814 );
#6206 = LINE( '', #7815, #7816 );
#6207 = VERTEX_POINT( '', #7817 );
#6208 = LINE( '', #7818, #7819 );
#6209 = LINE( '', #7820, #7821 );
#6210 = VERTEX_POINT( '', #7822 );
#6211 = LINE( '', #7823, #7824 );
#6212 = VERTEX_POINT( '', #7825 );
#6213 = LINE( '', #7826, #7827 );
#6214 = VERTEX_POINT( '', #7828 );
#6215 = LINE( '', #7829, #7830 );
#6216 = LINE( '', #7831, #7832 );
#6217 = FILL_AREA_STYLE_COLOUR( '', #7833 );
#6218 = VERTEX_POINT( '', #7834 );
#6219 = CIRCLE( '', #7835, 0.300000000000000 );
#6220 = LINE( '', #7836, #7837 );
#6221 = FILL_AREA_STYLE_COLOUR( '', #7838 );
#6222 = VERTEX_POINT( '', #7839 );
#6223 = VERTEX_POINT( '', #7840 );
#6224 = LINE( '', #7841, #7842 );
#6225 = LINE( '', #7843, #7844 );
#6226 = LINE( '', #7845, #7846 );
#6227 = FILL_AREA_STYLE_COLOUR( '', #7847 );
#6228 = FILL_AREA_STYLE_COLOUR( '', #7848 );
#6229 = FILL_AREA_STYLE_COLOUR( '', #7849 );
#6230 = VERTEX_POINT( '', #7850 );
#6231 = LINE( '', #7851, #7852 );
#6232 = LINE( '', #7853, #7854 );
#6233 = FILL_AREA_STYLE_COLOUR( '', #7855 );
#6234 = LINE( '', #7856, #7857 );
#6235 = FILL_AREA_STYLE_COLOUR( '', #7858 );
#6236 = VERTEX_POINT( '', #7859 );
#6237 = LINE( '', #7860, #7861 );
#6238 = LINE( '', #7862, #7863 );
#6239 = FILL_AREA_STYLE_COLOUR( '', #7864 );
#6240 = VERTEX_POINT( '', #7865 );
#6241 = VERTEX_POINT( '', #7866 );
#6242 = LINE( '', #7867, #7868 );
#6243 = LINE( '', #7869, #7870 );
#6244 = LINE( '', #7871, #7872 );
#6245 = FILL_AREA_STYLE_COLOUR( '', #7873 );
#6246 = VERTEX_POINT( '', #7874 );
#6247 = CIRCLE( '', #7875, 0.300000000000000 );
#6248 = LINE( '', #7876, #7877 );
#6249 = FILL_AREA_STYLE_COLOUR( '', #7878 );
#6250 = FILL_AREA_STYLE_COLOUR( '', #7879 );
#6251 = LINE( '', #7880, #7881 );
#6252 = FILL_AREA_STYLE_COLOUR( '', #7882 );
#6253 = LINE( '', #7883, #7884 );
#6254 = LINE( '', #7885, #7886 );
#6255 = LINE( '', #7887, #7888 );
#6256 = FILL_AREA_STYLE_COLOUR( '', #7889 );
#6257 = LINE( '', #7890, #7891 );
#6258 = FILL_AREA_STYLE_COLOUR( '', #7892 );
#6259 = FILL_AREA_STYLE_COLOUR( '', #7893 );
#6260 = FILL_AREA_STYLE_COLOUR( '', #7894 );
#6261 = LINE( '', #7895, #7896 );
#6262 = LINE( '', #7897, #7898 );
#6263 = LINE( '', #7899, #7900 );
#6264 = LINE( '', #7901, #7902 );
#6265 = FILL_AREA_STYLE_COLOUR( '', #7903 );
#6266 = LINE( '', #7904, #7905 );
#6267 = FILL_AREA_STYLE_COLOUR( '', #7906 );
#6268 = VERTEX_POINT( '', #7907 );
#6269 = LINE( '', #7908, #7909 );
#6270 = LINE( '', #7910, #7911 );
#6271 = FILL_AREA_STYLE_COLOUR( '', #7912 );
#6272 = FILL_AREA_STYLE_COLOUR( '', #7913 );
#6273 = LINE( '', #7914, #7915 );
#6274 = FILL_AREA_STYLE_COLOUR( '', #7916 );
#6275 = LINE( '', #7917, #7918 );
#6276 = LINE( '', #7919, #7920 );
#6277 = FILL_AREA_STYLE_COLOUR( '', #7921 );
#6278 = VERTEX_POINT( '', #7922 );
#6279 = LINE( '', #7923, #7924 );
#6280 = LINE( '', #7925, #7926 );
#6281 = LINE( '', #7927, #7928 );
#6282 = VERTEX_POINT( '', #7929 );
#6283 = CIRCLE( '', #7930, 2.00000000000000 );
#6284 = FILL_AREA_STYLE_COLOUR( '', #7931 );
#6285 = ELLIPSE( '', #7932, 4.94974746830000, 3.50000000000000 );
#6286 = ELLIPSE( '', #7933, 4.94974746830000, 3.50000000000000 );
#6287 = FILL_AREA_STYLE_COLOUR( '', #7934 );
#6288 = FILL_AREA_STYLE_COLOUR( '', #7935 );
#6289 = VERTEX_POINT( '', #7936 );
#6290 = VERTEX_POINT( '', #7937 );
#6291 = LINE( '', #7938, #7939 );
#6292 = LINE( '', #7940, #7941 );
#6293 = LINE( '', #7942, #7943 );
#6294 = FILL_AREA_STYLE_COLOUR( '', #7944 );
#6295 = FILL_AREA_STYLE_COLOUR( '', #7945 );
#6296 = FILL_AREA_STYLE_COLOUR( '', #7946 );
#6297 = CIRCLE( '', #7947, 2.00000000000000 );
#6298 = FILL_AREA_STYLE_COLOUR( '', #7948 );
#6299 = LINE( '', #7949, #7950 );
#6300 = LINE( '', #7951, #7952 );
#6301 = FILL_AREA_STYLE_COLOUR( '', #7953 );
#6302 = VERTEX_POINT( '', #7954 );
#6303 = VERTEX_POINT( '', #7955 );
#6304 = CIRCLE( '', #7956, 0.300000000000000 );
#6305 = LINE( '', #7957, #7958 );
#6306 = LINE( '', #7959, #7960 );
#6307 = FILL_AREA_STYLE_COLOUR( '', #7961 );
#6308 = FILL_AREA_STYLE_COLOUR( '', #7962 );
#6309 = FILL_AREA_STYLE_COLOUR( '', #7963 );
#6310 = LINE( '', #7964, #7965 );
#6311 = FILL_AREA_STYLE_COLOUR( '', #7966 );
#6312 = LINE( '', #7967, #7968 );
#6313 = FILL_AREA_STYLE_COLOUR( '', #7969 );
#6314 = FILL_AREA_STYLE_COLOUR( '', #7970 );
#6315 = VERTEX_POINT( '', #7971 );
#6316 = VERTEX_POINT( '', #7972 );
#6317 = LINE( '', #7973, #7974 );
#6318 = LINE( '', #7975, #7976 );
#6319 = LINE( '', #7977, #7978 );
#6320 = FILL_AREA_STYLE_COLOUR( '', #7979 );
#6321 = FILL_AREA_STYLE_COLOUR( '', #7980 );
#6322 = LINE( '', #7981, #7982 );
#6323 = FILL_AREA_STYLE_COLOUR( '', #7983 );
#6324 = VERTEX_POINT( '', #7984 );
#6325 = CIRCLE( '', #7985, 3.00000000000000 );
#6326 = FILL_AREA_STYLE_COLOUR( '', #7986 );
#6327 = FILL_AREA_STYLE_COLOUR( '', #7987 );
#6328 = LINE( '', #7988, #7989 );
#6329 = FILL_AREA_STYLE_COLOUR( '', #7990 );
#6330 = LINE( '', #7991, #7992 );
#6331 = FILL_AREA_STYLE_COLOUR( '', #7993 );
#6332 = VERTEX_POINT( '', #7994 );
#6333 = CIRCLE( '', #7995, 0.300000000000000 );
#6334 = LINE( '', #7996, #7997 );
#6335 = FILL_AREA_STYLE_COLOUR( '', #7998 );
#6336 = VERTEX_POINT( '', #7999 );
#6337 = LINE( '', #8000, #8001 );
#6338 = VERTEX_POINT( '', #8002 );
#6339 = LINE( '', #8003, #8004 );
#6340 = LINE( '', #8005, #8006 );
#6341 = LINE( '', #8007, #8008 );
#6342 = FILL_AREA_STYLE_COLOUR( '', #8009 );
#6343 = FILL_AREA_STYLE_COLOUR( '', #8010 );
#6344 = LINE( '', #8011, #8012 );
#6345 = FILL_AREA_STYLE_COLOUR( '', #8013 );
#6346 = FILL_AREA_STYLE_COLOUR( '', #8014 );
#6347 = FILL_AREA_STYLE_COLOUR( '', #8015 );
#6348 = LINE( '', #8016, #8017 );
#6349 = FILL_AREA_STYLE_COLOUR( '', #8018 );
#6350 = VERTEX_POINT( '', #8019 );
#6351 = LINE( '', #8020, #8021 );
#6352 = VERTEX_POINT( '', #8022 );
#6353 = LINE( '', #8023, #8024 );
#6354 = LINE( '', #8025, #8026 );
#6355 = FILL_AREA_STYLE_COLOUR( '', #8027 );
#6356 = CIRCLE( '', #8028, 0.300000000000000 );
#6357 = CIRCLE( '', #8029, 2.10000000000000 );
#6358 = CIRCLE( '', #8030, 2.10000000000000 );
#6359 = CIRCLE( '', #8031, 1.00000000000000 );
#6360 = FILL_AREA_STYLE_COLOUR( '', #8032 );
#6361 = LINE( '', #8033, #8034 );
#6362 = LINE( '', #8035, #8036 );
#6363 = FILL_AREA_STYLE_COLOUR( '', #8037 );
#6364 = FILL_AREA_STYLE_COLOUR( '', #8038 );
#6365 = FILL_AREA_STYLE_COLOUR( '', #8039 );
#6366 = LINE( '', #8040, #8041 );
#6367 = FILL_AREA_STYLE_COLOUR( '', #8042 );
#6368 = LINE( '', #8043, #8044 );
#6369 = FILL_AREA_STYLE_COLOUR( '', #8045 );
#6370 = VERTEX_POINT( '', #8046 );
#6371 = CIRCLE( '', #8047, 5.50000000000000 );
#6372 = FILL_AREA_STYLE_COLOUR( '', #8048 );
#6373 = FILL_AREA_STYLE_COLOUR( '', #8049 );
#6374 = LINE( '', #8050, #8051 );
#6375 = LINE( '', #8052, #8053 );
#6376 = FILL_AREA_STYLE_COLOUR( '', #8054 );
#6377 = FILL_AREA_STYLE_COLOUR( '', #8055 );
#6378 = FILL_AREA_STYLE_COLOUR( '', #8056 );
#6379 = VERTEX_POINT( '', #8057 );
#6380 = CIRCLE( '', #8058, 2.38650000000000 );
#6381 = FILL_AREA_STYLE_COLOUR( '', #8059 );
#6382 = LINE( '', #8060, #8061 );
#6383 = FILL_AREA_STYLE_COLOUR( '', #8062 );
#6384 = VERTEX_POINT( '', #8063 );
#6385 = LINE( '', #8064, #8065 );
#6386 = LINE( '', #8066, #8067 );
#6387 = FILL_AREA_STYLE_COLOUR( '', #8068 );
#6388 = FILL_AREA_STYLE_COLOUR( '', #8069 );
#6389 = FILL_AREA_STYLE_COLOUR( '', #8070 );
#6390 = FILL_AREA_STYLE_COLOUR( '', #8071 );
#6391 = LINE( '', #8072, #8073 );
#6392 = FILL_AREA_STYLE_COLOUR( '', #8074 );
#6393 = VERTEX_POINT( '', #8075 );
#6394 = CIRCLE( '', #8076, 3.00000000000000 );
#6395 = FILL_AREA_STYLE_COLOUR( '', #8077 );
#6396 = LINE( '', #8078, #8079 );
#6397 = FILL_AREA_STYLE_COLOUR( '', #8080 );
#6398 = FILL_AREA_STYLE_COLOUR( '', #8081 );
#6399 = LINE( '', #8082, #8083 );
#6400 = FILL_AREA_STYLE_COLOUR( '', #8084 );
#6401 = LINE( '', #8085, #8086 );
#6402 = FILL_AREA_STYLE_COLOUR( '', #8087 );
#6403 = FILL_AREA_STYLE_COLOUR( '', #8088 );
#6404 = FILL_AREA_STYLE_COLOUR( '', #8089 );
#6405 = FILL_AREA_STYLE_COLOUR( '', #8090 );
#6406 = FILL_AREA_STYLE_COLOUR( '', #8091 );
#6407 = FILL_AREA_STYLE_COLOUR( '', #8092 );
#6408 = FILL_AREA_STYLE_COLOUR( '', #8093 );
#6409 = FILL_AREA_STYLE_COLOUR( '', #8094 );
#6410 = FILL_AREA_STYLE_COLOUR( '', #8095 );
#6411 = LINE( '', #8096, #8097 );
#6412 = FILL_AREA_STYLE_COLOUR( '', #8098 );
#6413 = FILL_AREA_STYLE_COLOUR( '', #8099 );
#6414 = FILL_AREA_STYLE_COLOUR( '', #8100 );
#6415 = FILL_AREA_STYLE_COLOUR( '', #8101 );
#6416 = FILL_AREA_STYLE_COLOUR( '', #8102 );
#6417 = FILL_AREA_STYLE_COLOUR( '', #8103 );
#6418 = FILL_AREA_STYLE_COLOUR( '', #8104 );
#6419 = FILL_AREA_STYLE_COLOUR( '', #8105 );
#6420 = FILL_AREA_STYLE_COLOUR( '', #8106 );
#6421 = FILL_AREA_STYLE_COLOUR( '', #8107 );
#6422 = COLOUR_RGB( '', 0.689999997600000, 0.689999997600000, 0.689999997600000 );
#6423 = CARTESIAN_POINT( '', ( -11.5000000000000, 1.20000000000000, 0.00000000000000 ) );
#6424 = CARTESIAN_POINT( '', ( -10.3000000000000, 2.16840434497101E-16, 0.00000000000000 ) );
#6425 = CARTESIAN_POINT( '', ( -11.5000000000000, 1.20000000000000, 0.00000000000000 ) );
#6426 = VECTOR( '', #8108, 1000.00000000000 );
#6427 = CARTESIAN_POINT( '', ( -10.3000000000000, 2.16840434497101E-16, 100.000000000000 ) );
#6428 = CARTESIAN_POINT( '', ( -10.3000000000000, 2.16840434497101E-16, 100.000000000000 ) );
#6429 = VECTOR( '', #8109, 1000.00000000000 );
#6430 = CARTESIAN_POINT( '', ( -11.5000000000000, 1.20000000000000, 100.000000000000 ) );
#6431 = CARTESIAN_POINT( '', ( -11.5000000000000, 1.20000000000000, 100.000000000000 ) );
#6432 = VECTOR( '', #8110, 1000.00000000000 );
#6433 = CARTESIAN_POINT( '', ( -11.5000000000000, 1.20000000000000, 100.000000000000 ) );
#6434 = VECTOR( '', #8111, 1000.00000000000 );
#6435 = COLOUR_RGB( '', 0.689999997600000, 0.689999997600000, 0.689999997600000 );
#6436 = CARTESIAN_POINT( '', ( 9.12799999999937, 16.9650000000083, 0.00000000000000 ) );
#6437 = CARTESIAN_POINT( '', ( 9.04086788742955, 17.1561321125705, 0.00000000000000 ) );
#6438 = AXIS2_PLACEMENT_3D( '', #8112, #8113, #8114 );
#6439 = CARTESIAN_POINT( '', ( 9.04086788742955, 17.1561321125705, 100.000000000000 ) );
#6440 = CARTESIAN_POINT( '', ( 9.04086788742955, 17.1561321125705, 100.000000000000 ) );
#6441 = VECTOR( '', #8115, 1000.00000000000 );
#6442 = CARTESIAN_POINT( '', ( 9.12799999999937, 16.9650000000083, 100.000000000000 ) );
#6443 = AXIS2_PLACEMENT_3D( '', #8116, #8117, #8118 );
#6444 = CARTESIAN_POINT( '', ( 9.12799999999937, 16.9650000000083, 100.000000000000 ) );
#6445 = VECTOR( '', #8119, 1000.00000000000 );
#6446 = COLOUR_RGB( '', 0.689999997600000, 0.689999997600000, 0.689999997600000 );
#6447 = CARTESIAN_POINT( '', ( 20.0000000000000, 18.0000000000000, 71.8500000000000 ) );
#6448 = AXIS2_PLACEMENT_3D( '', #8120, #8121, #8122 );
#6449 = COLOUR_RGB( '', 0.689999997600000, 0.689999997600000, 0.689999997600000 );
#6450 = CARTESIAN_POINT( '', ( 5.83333333333333, 25.7000000000000, 11.8000000000000 ) );
#6451 = CARTESIAN_POINT( '', ( 6.13333333333333, 26.0000000000000, 11.8000000000000 ) );
#6452 = AXIS2_PLACEMENT_3D( '', #8123, #8124, #8125 );
#6453 = CARTESIAN_POINT( '', ( 5.83333333333333, 25.7000000000000, 70.8000000000000 ) );
#6454 = CARTESIAN_POINT( '', ( 5.83333333333333, 25.7000000000000, 0.00000000000000 ) );
#6455 = VECTOR( '', #8126, 1000.00000000000 );
#6456 = CARTESIAN_POINT( '', ( 6.13333333333333, 26.0000000000000, 70.8000000000000 ) );
#6457 = AXIS2_PLACEMENT_3D( '', #8127, #8128, #8129 );
#6458 = CARTESIAN_POINT( '', ( 6.13333333333333, 26.0000000000000, 82.6000000000000 ) );
#6459 = VECTOR( '', #8130, 1000.00000000000 );
#6460 = COLOUR_RGB( '', 0.689999997600000, 0.689999997600000, 0.689999997600000 );
#6461 = CARTESIAN_POINT( '', ( 8.34344609341289, 17.8535539065871, 0.00000000000000 ) );
#6462 = CARTESIAN_POINT( '', ( 7.98989298424730, 18.0000000000000, 0.00000000000000 ) );
#6463 = AXIS2_PLACEMENT_3D( '', #8131, #8132, #8133 );
#6464 = CARTESIAN_POINT( '', ( 7.98989298424730, 18.0000000000000, 100.000000000000 ) );
#6465 = CARTESIAN_POINT( '', ( 7.98989298424730, 18.0000000000000, 100.000000000000 ) );
#6466 = VECTOR( '', #8134, 1000.00000000000 );
#6467 = CARTESIAN_POINT( '', ( 8.34344609341289, 17.8535539065871, 100.000000000000 ) );
#6468 = AXIS2_PLACEMENT_3D( '', #8135, #8136, #8137 );
#6469 = CARTESIAN_POINT( '', ( 8.34344609341289, 17.8535539065871, 100.000000000000 ) );
#6470 = VECTOR( '', #8138, 1000.00000000000 );
#6471 = COLOUR_RGB( '', 0.689999997600000, 0.689999997600000, 0.689999997600000 );
#6472 = CARTESIAN_POINT( '', ( 23.2000000000000, 26.0000000000000, 11.8000000000000 ) );
#6473 = CARTESIAN_POINT( '', ( 24.0000000000000, 25.2000000000000, 11.8000000000000 ) );
#6474 = CARTESIAN_POINT( '', ( 23.2000000000000, 26.0000000000000, 11.8000000000000 ) );
#6475 = VECTOR( '', #8139, 1000.00000000000 );
#6476 = CARTESIAN_POINT( '', ( 23.2000000000000, 26.0000000000000, 70.8000000000000 ) );
#6477 = CARTESIAN_POINT( '', ( 23.2000000000000, 26.0000000000000, 82.6000000000000 ) );
#6478 = VECTOR( '', #8140, 1000.00000000000 );
#6479 = CARTESIAN_POINT( '', ( 24.0000000000000, 25.2000000000000, 70.8000000000000 ) );
#6480 = CARTESIAN_POINT( '', ( 24.6000000000000, 24.6000000000000, 70.8000000000000 ) );
#6481 = VECTOR( '', #8141, 1000.00000000000 );
#6482 = CARTESIAN_POINT( '', ( 24.0000000000000, 25.2000000000000, 82.6000000000000 ) );
#6483 = VECTOR( '', #8142, 1000.00000000000 );
#6484 = COLOUR_RGB( '', 0.689999997600000, 0.689999997600000, 0.689999997600000 );
#6485 = CARTESIAN_POINT( '', ( 8.30000000000001, 0.615213569049302, 82.6000000000000 ) );
#6486 = CARTESIAN_POINT( '', ( 8.51163954834030, 7.58941520739853E-16, 82.6000000000000 ) );
#6487 = AXIS2_PLACEMENT_3D( '', #8143, #8144, #8145 );
#6488 = CARTESIAN_POINT( '', ( 8.30000000000001, 0.615213569049302, 0.00000000000000 ) );
#6489 = CARTESIAN_POINT( '', ( 8.30000000000001, 0.615213569049302, 82.6000000000000 ) );
#6490 = VECTOR( '', #8146, 1000.00000000000 );
#6491 = CARTESIAN_POINT( '', ( 8.51163954834030, 7.58941520739853E-16, 0.00000000000000 ) );
#6492 = AXIS2_PLACEMENT_3D( '', #8147, #8148, #8149 );
#6493 = CARTESIAN_POINT( '', ( 8.51163954834030, 2.16840434497101E-16, 82.6000000000000 ) );
#6494 = VECTOR( '', #8150, 1000.00000000000 );
#6495 = COLOUR_RGB( '', 0.689999997600000, 0.689999997600000, 0.689999997600000 );
#6496 = CARTESIAN_POINT( '', ( 4.37500000000000, 24.0000000000000, 0.00000000000000 ) );
#6497 = CARTESIAN_POINT( '', ( 21.4343145750508, 24.0000000000000, 0.00000000000000 ) );
#6498 = CARTESIAN_POINT( '', ( 4.37500000000000, 24.0000000000000, 0.00000000000000 ) );
#6499 = VECTOR( '', #8151, 1000.00000000000 );
#6500 = CARTESIAN_POINT( '', ( 4.37500000000000, 24.0000000000000, 2.00000000000000 ) );
#6501 = CARTESIAN_POINT( '', ( 4.37500000000000, 24.0000000000000, 2.00000000000000 ) );
#6502 = VECTOR( '', #8152, 1000.00000000000 );
#6503 = CARTESIAN_POINT( '', ( 21.4343145750508, 24.0000000000000, 2.00000000000000 ) );
#6504 = CARTESIAN_POINT( '', ( 4.37500000000000, 24.0000000000000, 2.00000000000000 ) );
#6505 = VECTOR( '', #8153, 1000.00000000000 );
#6506 = CARTESIAN_POINT( '', ( 21.4343145750508, 24.0000000000000, 2.00000000000000 ) );
#6507 = VECTOR( '', #8154, 1000.00000000000 );
#6508 = COLOUR_RGB( '', 0.689999997600000, 0.689999997600000, 0.689999997600000 );
#6509 = CARTESIAN_POINT( '', ( -8.59277164287938, 7.90822843567485, 0.00000000000000 ) );
#6510 = CARTESIAN_POINT( '', ( -8.30000000000001, 8.61521356904930, 0.00000000000000 ) );
#6511 = AXIS2_PLACEMENT_3D( '', #8155, #8156, #8157 );
#6512 = CARTESIAN_POINT( '', ( -8.59277164287938, 7.90822843567485, 100.000000000000 ) );
#6513 = CARTESIAN_POINT( '', ( -8.59277164287938, 7.90822843567485, 100.000000000000 ) );
#6514 = VECTOR( '', #8158, 1000.00000000000 );
#6515 = CARTESIAN_POINT( '', ( -8.30000000000001, 8.61521356904930, 100.000000000000 ) );
#6516 = AXIS2_PLACEMENT_3D( '', #8159, #8160, #8161 );
#6517 = CARTESIAN_POINT( '', ( -8.30000000000001, 8.61521356904930, 100.000000000000 ) );
#6518 = VECTOR( '', #8162, 1000.00000000000 );
#6519 = COLOUR_RGB( '', 0.689999997600000, 0.689999997600000, 0.689999997600000 );
#6520 = CARTESIAN_POINT( '', ( -21.0606601717798, 12.7071067811865, 82.6000000000000 ) );
#6521 = CARTESIAN_POINT( '', ( -20.3535533905933, 12.0000000000000, 82.6000000000000 ) );
#6522 = CARTESIAN_POINT( '', ( -21.0606601717798, 12.7071067811865, 82.6000000000000 ) );
#6523 = VECTOR( '', #8163, 1000.00000000000 );
#6524 = CARTESIAN_POINT( '', ( -21.0606601717798, 12.7071067811865, 83.6000000000000 ) );
#6525 = CARTESIAN_POINT( '', ( -21.0606601717798, 12.7071067811865, 83.6000000000000 ) );
#6526 = VECTOR( '', #8164, 1000.00000000000 );
#6527 = CARTESIAN_POINT( '', ( -20.3535533905933, 12.0000000000000, 83.6000000000000 ) );
#6528 = CARTESIAN_POINT( '', ( -21.0606601717798, 12.7071067811865, 83.6000000000000 ) );
#6529 = VECTOR( '', #8165, 1000.00000000000 );
#6530 = CARTESIAN_POINT( '', ( -20.3535533905933, 12.0000000000000, 83.6000000000000 ) );
#6531 = VECTOR( '', #8166, 1000.00000000000 );
#6532 = COLOUR_RGB( '', 0.689999997600000, 0.689999997600000, 0.689999997600000 );
#6533 = CARTESIAN_POINT( '', ( -4.37500000000000, 18.0000000000000, 0.00000000000000 ) );
#6534 = CARTESIAN_POINT( '', ( 4.37500000000000, 18.0000000000000, 0.00000000000000 ) );
#6535 = AXIS2_PLACEMENT_3D( '', #8167, #8168, #8169 );
#6536 = CARTESIAN_POINT( '', ( -4.37500000000000, 18.0000000000000, 2.00000000000000 ) );
#6537 = CARTESIAN_POINT( '', ( -4.37500000000000, 18.0000000000000, 2.00000000000000 ) );
#6538 = VECTOR( '', #8170, 1000.00000000000 );
#6539 = CARTESIAN_POINT( '', ( 4.37500000000000, 18.0000000000000, 2.00000000000000 ) );
#6540 = AXIS2_PLACEMENT_3D( '', #8171, #8172, #8173 );
#6541 = CARTESIAN_POINT( '', ( 4.37500000000000, 18.0000000000000, 2.00000000000000 ) );
#6542 = VECTOR( '', #8174, 1000.00000000000 );
#6543 = COLOUR_RGB( '', 0.689999997600000, 0.689999997600000, 0.689999997600000 );
#6544 = CARTESIAN_POINT( '', ( 0.00000000000000, 25.0000000000000, 4.15000000000000 ) );
#6545 = AXIS2_PLACEMENT_3D( '', #8175, #8176, #8177 );
#6546 = COLOUR_RGB( '', 0.689999997600000, 0.689999997600000, 0.689999997600000 );
#6547 = CARTESIAN_POINT( '', ( 4.37500000000000, 24.0000000000000, 82.6000000000000 ) );
#6548 = CARTESIAN_POINT( '', ( 21.4343145750508, 24.0000000000000, 82.6000000000000 ) );
#6549 = CARTESIAN_POINT( '', ( 4.37500000000000, 24.0000000000000, 82.6000000000000 ) );
#6550 = VECTOR( '', #8178, 1000.00000000000 );
#6551 = CARTESIAN_POINT( '', ( 21.4343145750508, 24.0000000000000, 80.6000000000000 ) );
#6552 = CARTESIAN_POINT( '', ( 21.4343145750508, 24.0000000000000, 80.6000000000000 ) );
#6553 = VECTOR( '', #8179, 1000.00000000000 );
#6554 = CARTESIAN_POINT( '', ( 4.37500000000000, 24.0000000000000, 80.6000000000000 ) );
#6555 = CARTESIAN_POINT( '', ( 4.37500000000000, 24.0000000000000, 80.6000000000000 ) );
#6556 = VECTOR( '', #8180, 1000.00000000000 );
#6557 = CARTESIAN_POINT( '', ( 4.37500000000000, 24.0000000000000, 80.6000000000000 ) );
#6558 = VECTOR( '', #8181, 1000.00000000000 );
#6559 = COLOUR_RGB( '', 0.689999997600000, 0.689999997600000, 0.689999997600000 );
#6560 = CARTESIAN_POINT( '', ( -6.13333333333334, 26.0000000000000, 11.8000000000000 ) );
#6561 = CARTESIAN_POINT( '', ( -5.83333333333334, 25.7000000000000, 11.8000000000000 ) );
#6562 = AXIS2_PLACEMENT_3D( '', #8182, #8183, #8184 );
#6563 = CARTESIAN_POINT( '', ( -6.13333333333334, 26.0000000000000, 70.8000000000000 ) );
#6564 = CARTESIAN_POINT( '', ( -6.13333333333334, 26.0000000000000, 0.00000000000000 ) );
#6565 = VECTOR( '', #8185, 1000.00000000000 );
#6566 = CARTESIAN_POINT( '', ( -5.83333333333334, 25.7000000000000, 70.8000000000000 ) );
#6567 = AXIS2_PLACEMENT_3D( '', #8186, #8187, #8188 );
#6568 = CARTESIAN_POINT( '', ( -5.83333333333334, 25.7000000000000, 82.6000000000000 ) );
#6569 = VECTOR( '', #8189, 1000.00000000000 );
#6570 = COLOUR_RGB( '', 0.689999997600000, 0.689999997600000, 0.689999997600000 );
#6571 = CARTESIAN_POINT( '', ( 22.0000000000000, 0.565685424949235, 82.6000000000000 ) );
#6572 = CARTESIAN_POINT( '', ( 21.4343145750508, 1.08420217248550E-16, 82.6000000000000 ) );
#6573 = CARTESIAN_POINT( '', ( 22.0000000000000, 0.565685424949237, 82.6000000000000 ) );
#6574 = VECTOR( '', #8190, 1000.00000000000 );
#6575 = CARTESIAN_POINT( '', ( 21.4343145750508, 1.08420217248550E-16, 80.6000000000000 ) );
#6576 = CARTESIAN_POINT( '', ( 21.4343145750508, 1.08420217248550E-16, 80.6000000000000 ) );
#6577 = VECTOR( '', #8191, 1000.00000000000 );
#6578 = CARTESIAN_POINT( '', ( 22.0000000000000, 0.565685424949235, 80.6000000000000 ) );
#6579 = CARTESIAN_POINT( '', ( 22.0000000000000, 0.565685424949237, 80.6000000000000 ) );
#6580 = VECTOR( '', #8192, 1000.00000000000 );
#6581 = CARTESIAN_POINT( '', ( 22.0000000000000, 0.565685424949235, 80.6000000000000 ) );
#6582 = VECTOR( '', #8193, 1000.00000000000 );
#6583 = COLOUR_RGB( '', 0.689999997600000, 0.689999997600000, 0.689999997600000 );
#6584 = CARTESIAN_POINT( '', ( -22.5000000000000, 18.0000000000000, 78.8500000000000 ) );
#6585 = AXIS2_PLACEMENT_3D( '', #8194, #8195, #8196 );
#6586 = CARTESIAN_POINT( '', ( -20.0000000000000, 18.0000000000000, 71.8500000000000 ) );
#6587 = AXIS2_PLACEMENT_3D( '', #8197, #8198, #8199 );
#6588 = COLOUR_RGB( '', 0.689999997600000, 0.689999997600000, 0.689999997600000 );
#6589 = CARTESIAN_POINT( '', ( 2.50000000000000, 0.500000000000000, 77.5505102572168 ) );
#6590 = CARTESIAN_POINT( '', ( 2.50000000000000, 0.500000000000000, 22.4494897427832 ) );
#6591 = CARTESIAN_POINT( '', ( 2.50000000000000, 0.500000000000000, 100.000000000000 ) );
#6592 = VECTOR( '', #8200, 1000.00000000000 );
#6593 = CARTESIAN_POINT( '', ( -2.50000000000000, 0.500000000000000, 77.5505102572168 ) );
#6594 = AXIS2_PLACEMENT_3D( '', #8201, #8202, #8203 );
#6595 = CARTESIAN_POINT( '', ( -2.50000000000000, 0.500000000000000, 22.4494897427832 ) );
#6596 = CARTESIAN_POINT( '', ( -2.50000000000000, 0.500000000000000, 100.000000000000 ) );
#6597 = VECTOR( '', #8204, 1000.00000000000 );
#6598 = AXIS2_PLACEMENT_3D( '', #8205, #8206, #8207 );
#6599 = COLOUR_RGB( '', 0.689999997600000, 0.689999997600000, 0.689999997600000 );
#6600 = CARTESIAN_POINT( '', ( -22.5000000000000, 23.7000000000000, 2.00000000000000 ) );
#6601 = CARTESIAN_POINT( '', ( -21.7000000000000, 24.5000000000000, 2.00000000000000 ) );
#6602 = CARTESIAN_POINT( '', ( -22.5000000000000, 23.7000000000000, 2.00000000000000 ) );
#6603 = VECTOR( '', #8208, 1000.00000000000 );
#6604 = CARTESIAN_POINT( '', ( -22.5000000000000, 23.7000000000000, 11.8000000000000 ) );
#6605 = CARTESIAN_POINT( '', ( -22.5000000000000, 23.7000000000000, 11.8000000000000 ) );
#6606 = VECTOR( '', #8209, 1000.00000000000 );
#6607 = CARTESIAN_POINT( '', ( -21.7000000000000, 24.5000000000000, 11.8000000000000 ) );
#6608 = CARTESIAN_POINT( '', ( -22.5000000000000, 23.7000000000000, 11.8000000000000 ) );
#6609 = VECTOR( '', #8210, 1000.00000000000 );
#6610 = CARTESIAN_POINT( '', ( -21.7000000000000, 24.5000000000000, 11.8000000000000 ) );
#6611 = VECTOR( '', #8211, 1000.00000000000 );
#6612 = COLOUR_RGB( '', 0.689999997600000, 0.689999997600000, 0.689999997600000 );
#6613 = CARTESIAN_POINT( '', ( 21.9343145750508, 24.5000000000000, 2.00000000000000 ) );
#6614 = CARTESIAN_POINT( '', ( 22.5000000000000, 23.9343145750508, 2.00000000000000 ) );
#6615 = CARTESIAN_POINT( '', ( 21.9343145750508, 24.5000000000000, 2.00000000000000 ) );
#6616 = VECTOR( '', #8212, 1000.00000000000 );
#6617 = CARTESIAN_POINT( '', ( 21.9343145750508, 24.5000000000000, 11.8000000000000 ) );
#6618 = CARTESIAN_POINT( '', ( 21.9343145750508, 24.5000000000000, 11.8000000000000 ) );
#6619 = VECTOR( '', #8213, 1000.00000000000 );
#6620 = CARTESIAN_POINT( '', ( 22.5000000000000, 23.9343145750508, 11.8000000000000 ) );
#6621 = CARTESIAN_POINT( '', ( 21.9343145750508, 24.5000000000000, 11.8000000000000 ) );
#6622 = VECTOR( '', #8214, 1000.00000000000 );
#6623 = CARTESIAN_POINT( '', ( 22.5000000000000, 23.9343145750508, 11.8000000000000 ) );
#6624 = VECTOR( '', #8215, 1000.00000000000 );
#6625 = COLOUR_RGB( '', 0.689999997600000, 0.689999997600000, 0.689999997600000 );
#6626 = CARTESIAN_POINT( '', ( 22.0000000000000, 0.565685424949235, 0.00000000000000 ) );
#6627 = CARTESIAN_POINT( '', ( 21.4343145750508, 1.08420217248550E-16, 0.00000000000000 ) );
#6628 = CARTESIAN_POINT( '', ( 22.0000000000000, 0.565685424949237, 0.00000000000000 ) );
#6629 = VECTOR( '', #8216, 1000.00000000000 );
#6630 = CARTESIAN_POINT( '', ( 22.0000000000000, 0.565685424949235, 2.00000000000000 ) );
#6631 = CARTESIAN_POINT( '', ( 22.0000000000000, 0.565685424949235, 2.00000000000000 ) );
#6632 = VECTOR( '', #8217, 1000.00000000000 );
#6633 = CARTESIAN_POINT( '', ( 21.4343145750508, 1.08420217248550E-16, 2.00000000000000 ) );
#6634 = CARTESIAN_POINT( '', ( 22.0000000000000, 0.565685424949237, 2.00000000000000 ) );
#6635 = VECTOR( '', #8218, 1000.00000000000 );
#6636 = CARTESIAN_POINT( '', ( 21.4343145750508, 1.08420217248550E-16, 2.00000000000000 ) );
#6637 = VECTOR( '', #8219, 1000.00000000000 );
#6638 = COLOUR_RGB( '', 0.689999997600000, 0.689999997600000, 0.689999997600000 );
#6639 = CARTESIAN_POINT( '', ( 24.0000000000000, 0.800000000000000, 70.8000000000000 ) );
#6640 = CARTESIAN_POINT( '', ( 24.0000000000000, 0.799999999999999, 11.8000000000000 ) );
#6641 = CARTESIAN_POINT( '', ( 24.0000000000000, 0.800000000000000, 82.6000000000000 ) );
#6642 = VECTOR( '', #8220, 1000.00000000000 );
#6643 = CARTESIAN_POINT( '', ( 24.0000000000000, 0.00000000000000, 11.8000000000000 ) );
#6644 = VECTOR( '', #8221, 1000.00000000000 );
#6645 = CARTESIAN_POINT( '', ( 24.0000000000000, 0.00000000000000, 70.8000000000000 ) );
#6646 = VECTOR( '', #8222, 1000.00000000000 );
#6647 = COLOUR_RGB( '', 0.689999997600000, 0.689999997600000, 0.689999997600000 );
#6648 = CARTESIAN_POINT( '', ( 0.00000000000000, 25.5000000000000, 78.4500000000000 ) );
#6649 = AXIS2_PLACEMENT_3D( '', #8223, #8224, #8225 );
#6650 = CARTESIAN_POINT( '', ( 0.00000000000000, 25.5000000000000, 11.1500000000000 ) );
#6651 = AXIS2_PLACEMENT_3D( '', #8226, #8227, #8228 );
#6652 = CARTESIAN_POINT( '', ( -3.79764973081037, 25.5000000000000, 70.8000000000000 ) );
#6653 = CARTESIAN_POINT( '', ( -3.79764973081037, 25.5000000000000, 80.6000000000000 ) );
#6654 = CARTESIAN_POINT( '', ( -3.79764973081037, 25.5000000000000, 82.6000000000000 ) );
#6655 = VECTOR( '', #8229, 1000.00000000000 );
#6656 = CARTESIAN_POINT( '', ( 3.79764973081037, 25.5000000000000, 80.6000000000000 ) );
#6657 = CARTESIAN_POINT( '', ( -5.83333333333334, 25.5000000000000, 80.6000000000000 ) );
#6658 = VECTOR( '', #8230, 1000.00000000000 );
#6659 = CARTESIAN_POINT( '', ( 3.79764973081037, 25.5000000000000, 70.8000000000000 ) );
#6660 = CARTESIAN_POINT( '', ( 3.79764973081037, 25.5000000000000, 82.6000000000000 ) );
#6661 = VECTOR( '', #8231, 1000.00000000000 );
#6662 = CARTESIAN_POINT( '', ( 5.83333333333333, 25.5000000000000, 70.8000000000000 ) );
#6663 = CARTESIAN_POINT( '', ( -5.83333333333334, 25.5000000000000, 70.8000000000000 ) );
#6664 = VECTOR( '', #8232, 1000.00000000000 );
#6665 = CARTESIAN_POINT( '', ( 5.83333333333333, 25.5000000000000, 11.8000000000000 ) );
#6666 = CARTESIAN_POINT( '', ( 5.83333333333333, 25.5000000000000, 82.6000000000000 ) );
#6667 = VECTOR( '', #8233, 1000.00000000000 );
#6668 = CARTESIAN_POINT( '', ( 3.79764973081037, 25.5000000000000, 11.8000000000000 ) );
#6669 = CARTESIAN_POINT( '', ( -5.83333333333334, 25.5000000000000, 11.8000000000000 ) );
#6670 = VECTOR( '', #8234, 1000.00000000000 );
#6671 = CARTESIAN_POINT( '', ( 3.79764973081037, 25.5000000000000, 2.00000000000000 ) );
#6672 = CARTESIAN_POINT( '', ( 3.79764973081037, 25.5000000000000, 82.6000000000000 ) );
#6673 = VECTOR( '', #8235, 1000.00000000000 );
#6674 = CARTESIAN_POINT( '', ( -3.79764973081037, 25.5000000000000, 2.00000000000000 ) );
#6675 = CARTESIAN_POINT( '', ( -5.83333333333334, 25.5000000000000, 2.00000000000000 ) );
#6676 = VECTOR( '', #8236, 1000.00000000000 );
#6677 = CARTESIAN_POINT( '', ( -3.79764973081037, 25.5000000000000, 11.8000000000000 ) );
#6678 = CARTESIAN_POINT( '', ( -3.79764973081037, 25.5000000000000, 82.6000000000000 ) );
#6679 = VECTOR( '', #8237, 1000.00000000000 );
#6680 = CARTESIAN_POINT( '', ( -5.83333333333334, 25.5000000000000, 11.8000000000000 ) );
#6681 = CARTESIAN_POINT( '', ( -5.83333333333334, 25.5000000000000, 11.8000000000000 ) );
#6682 = VECTOR( '', #8238, 1000.00000000000 );
#6683 = CARTESIAN_POINT( '', ( -5.83333333333334, 25.5000000000000, 70.8000000000000 ) );
#6684 = CARTESIAN_POINT( '', ( -5.83333333333334, 25.5000000000000, 82.6000000000000 ) );
#6685 = VECTOR( '', #8239, 1000.00000000000 );
#6686 = CARTESIAN_POINT( '', ( -5.83333333333334, 25.5000000000000, 70.8000000000000 ) );
#6687 = VECTOR( '', #8240, 1000.00000000000 );
#6688 = COLOUR_RGB( '', 0.689999997600000, 0.689999997600000, 0.689999997600000 );
#6689 = CARTESIAN_POINT( '', ( -22.5000000000000, 0.800000000000000, 70.8000000000000 ) );
#6690 = CARTESIAN_POINT( '', ( -22.5000000000000, 0.800000000000000, 80.6000000000000 ) );
#6691 = CARTESIAN_POINT( '', ( -22.5000000000000, 0.800000000000000, 82.6000000000000 ) );
#6692 = VECTOR( '', #8241, 1000.00000000000 );
#6693 = CARTESIAN_POINT( '', ( -22.5000000000000, 23.7000000000000, 80.6000000000000 ) );
#6694 = CARTESIAN_POINT( '', ( -22.5000000000000, 0.00000000000000, 80.6000000000000 ) );
#6695 = VECTOR( '', #8242, 1000.00000000000 );
#6696 = CARTESIAN_POINT( '', ( -22.5000000000000, 23.7000000000000, 70.8000000000000 ) );
#6697 = CARTESIAN_POINT( '', ( -22.5000000000000, 23.7000000000000, 82.6000000000000 ) );
#6698 = VECTOR( '', #8243, 1000.00000000000 );
#6699 = CARTESIAN_POINT( '', ( -22.5000000000000, 0.00000000000000, 70.8000000000000 ) );
#6700 = VECTOR( '', #8244, 1000.00000000000 );
#6701 = COLOUR_RGB( '', 0.689999997600000, 0.689999997600000, 0.689999997600000 );
#6702 = CARTESIAN_POINT( '', ( 17.5000000000000, 17.6135000000000, 61.8000000000000 ) );
#6703 = AXIS2_PLACEMENT_3D( '', #8245, #8246, #8247 );
#6704 = CARTESIAN_POINT( '', ( 17.5000000000000, 17.0000000000000, 61.1865000000000 ) );
#6705 = AXIS2_PLACEMENT_3D( '', #8248, #8249, #8250 );
#6706 = COLOUR_RGB( '', 0.689999997600000, 0.689999997600000, 0.689999997600000 );
#6707 = CARTESIAN_POINT( '', ( -18.9393398282202, 12.7071067811865, 82.6000000000000 ) );
#6708 = CARTESIAN_POINT( '', ( -19.2928932188135, 13.0606601717798, 82.6000000000000 ) );
#6709 = CARTESIAN_POINT( '', ( -18.9393398282202, 12.7071067811865, 82.6000000000000 ) );
#6710 = VECTOR( '', #8251, 1000.00000000000 );
#6711 = CARTESIAN_POINT( '', ( -18.9393398282202, 12.7071067811865, 83.6000000000000 ) );
#6712 = CARTESIAN_POINT( '', ( -18.9393398282202, 12.7071067811865, 83.6000000000000 ) );
#6713 = VECTOR( '', #8252, 1000.00000000000 );
#6714 = CARTESIAN_POINT( '', ( -19.2928932188135, 13.0606601717798, 83.6000000000000 ) );
#6715 = CARTESIAN_POINT( '', ( -18.9393398282202, 12.7071067811865, 83.6000000000000 ) );
#6716 = VECTOR( '', #8253, 1000.00000000000 );
#6717 = CARTESIAN_POINT( '', ( -19.2928932188135, 13.0606601717798, 83.6000000000000 ) );
#6718 = VECTOR( '', #8254, 1000.00000000000 );
#6719 = COLOUR_RGB( '', 0.689999997600000, 0.689999997600000, 0.689999997600000 );
#6720 = CARTESIAN_POINT( '', ( 8.34344609341290, 9.85355390658710, 0.00000000000000 ) );
#6721 = CARTESIAN_POINT( '', ( 7.98989298424731, 10.0000000000000, 0.00000000000000 ) );
#6722 = AXIS2_PLACEMENT_3D( '', #8255, #8256, #8257 );
#6723 = CARTESIAN_POINT( '', ( 8.34344609341290, 9.85355390658710, 82.6000000000000 ) );
#6724 = CARTESIAN_POINT( '', ( 8.34344609341290, 9.85355390658710, 82.6000000000000 ) );
#6725 = VECTOR( '', #8258, 1000.00000000000 );
#6726 = CARTESIAN_POINT( '', ( 7.98989298424731, 10.0000000000000, 82.6000000000000 ) );
#6727 = AXIS2_PLACEMENT_3D( '', #8259, #8260, #8261 );
#6728 = CARTESIAN_POINT( '', ( 7.98989298424731, 10.0000000000000, 82.6000000000000 ) );
#6729 = VECTOR( '', #8262, 1000.00000000000 );
#6730 = COLOUR_RGB( '', 0.689999997600000, 0.689999997600000, 0.689999997600000 );
#6731 = CARTESIAN_POINT( '', ( -21.7000000000000, 24.5000000000000, 80.6000000000000 ) );
#6732 = CARTESIAN_POINT( '', ( -21.7000000000000, 24.5000000000000, 70.8000000000000 ) );
#6733 = CARTESIAN_POINT( '', ( -21.7000000000000, 24.5000000000000, 82.6000000000000 ) );
#6734 = VECTOR( '', #8263, 1000.00000000000 );
#6735 = CARTESIAN_POINT( '', ( -4.37499999999999, 24.5000000000000, 80.6000000000000 ) );
#6736 = CARTESIAN_POINT( '', ( -21.7000000000000, 24.5000000000000, 80.6000000000000 ) );
#6737 = VECTOR( '', #8264, 1000.00000000000 );
#6738 = CARTESIAN_POINT( '', ( -4.37499999999999, 24.5000000000000, 70.8000000000000 ) );
#6739 = CARTESIAN_POINT( '', ( -4.37499999999999, 24.5000000000000, 82.6000000000000 ) );
#6740 = VECTOR( '', #8265, 1000.00000000000 );
#6741 = CARTESIAN_POINT( '', ( -21.7000000000000, 24.5000000000000, 70.8000000000000 ) );
#6742 = VECTOR( '', #8266, 1000.00000000000 );
#6743 = COLOUR_RGB( '', 0.689999997600000, 0.689999997600000, 0.689999997600000 );
#6744 = CARTESIAN_POINT( '', ( -8.34244688054409, 9.85355311945590, 0.00000000000000 ) );
#6745 = CARTESIAN_POINT( '', ( -9.04094306946290, 9.15505693053710, 0.00000000000000 ) );
#6746 = CARTESIAN_POINT( '', ( -8.34244688054409, 9.85355311945590, 0.00000000000000 ) );
#6747 = VECTOR( '', #8267, 1000.00000000000 );
#6748 = CARTESIAN_POINT( '', ( -8.34244688054409, 9.85355311945590, 82.6000000000000 ) );
#6749 = CARTESIAN_POINT( '', ( -8.34244688054409, 9.85355311945590, 82.6000000000000 ) );
#6750 = VECTOR( '', #8268, 1000.00000000000 );
#6751 = CARTESIAN_POINT( '', ( -9.04094306946290, 9.15505693053710, 82.6000000000000 ) );
#6752 = CARTESIAN_POINT( '', ( -8.34244688054409, 9.85355311945590, 82.6000000000000 ) );
#6753 = VECTOR( '', #8269, 1000.00000000000 );
#6754 = CARTESIAN_POINT( '', ( -9.04094306946290, 9.15505693053710, 82.6000000000000 ) );
#6755 = VECTOR( '', #8270, 1000.00000000000 );
#6756 = COLOUR_RGB( '', 0.689999997600000, 0.689999997600000, 0.689999997600000 );
#6757 = CARTESIAN_POINT( '', ( 21.5000000000000, 12.0000000000000, 82.6000000000000 ) );
#6758 = AXIS2_PLACEMENT_3D( '', #8271, #8272, #8273 );
#6759 = CARTESIAN_POINT( '', ( -8.30000000000000, 0.615213569049303, 82.6000000000000 ) );
#6760 = CARTESIAN_POINT( '', ( -8.51163954834029, -2.16840434497101E-16, 82.6000000000000 ) );
#6761 = AXIS2_PLACEMENT_3D( '', #8274, #8275, #8276 );
#6762 = CARTESIAN_POINT( '', ( -8.30000000000000, 1.68978643095070, 82.6000000000000 ) );
#6763 = CARTESIAN_POINT( '', ( -8.30000000000000, 1.68978643095070, 82.6000000000000 ) );
#6764 = VECTOR( '', #8277, 1000.00000000000 );
#6765 = CARTESIAN_POINT( '', ( -8.59210414383464, 2.39610213968215, 82.6000000000000 ) );
#6766 = AXIS2_PLACEMENT_3D( '', #8278, #8279, #8280 );
#6767 = CARTESIAN_POINT( '', ( -9.04000000000000, 2.84499999999999, 82.6000000000000 ) );
#6768 = CARTESIAN_POINT( '', ( -9.04000000000000, 2.84499999999999, 82.6000000000000 ) );
#6769 = VECTOR( '', #8281, 1000.00000000000 );
#6770 = CARTESIAN_POINT( '', ( -9.12799999999932, 3.03599999999062, 82.6000000000000 ) );
#6771 = AXIS2_PLACEMENT_3D( '', #8282, #8283, #8284 );
#6772 = CARTESIAN_POINT( '', ( -11.2020000000277, 4.98300000000023, 82.6000000000000 ) );
#6773 = AXIS2_PLACEMENT_3D( '', #8285, #8286, #8287 );
#6774 = CARTESIAN_POINT( '', ( -11.5000000000000, 5.28299333325980, 82.6000000000000 ) );
#6775 = AXIS2_PLACEMENT_3D( '', #8288, #8289, #8290 );
#6776 = CARTESIAN_POINT( '', ( -11.5000000000000, 6.71800666674029, 82.6000000000000 ) );
#6777 = CARTESIAN_POINT( '', ( -11.5000000000000, 6.71800666674029, 82.6000000000000 ) );
#6778 = VECTOR( '', #8291, 1000.00000000000 );
#6779 = CARTESIAN_POINT( '', ( -11.2019999999958, 7.01800000000007, 82.6000000000000 ) );
#6780 = AXIS2_PLACEMENT_3D( '', #8292, #8293, #8294 );
#6781 = CARTESIAN_POINT( '', ( -9.12799999999923, 8.96500000001064, 82.6000000000000 ) );
#6782 = AXIS2_PLACEMENT_3D( '', #8295, #8296, #8297 );
#6783 = AXIS2_PLACEMENT_3D( '', #8298, #8299, #8300 );
#6784 = CARTESIAN_POINT( '', ( -7.98889377237249, 10.0000000000000, 82.6000000000000 ) );
#6785 = AXIS2_PLACEMENT_3D( '', #8301, #8302, #8303 );
#6786 = CARTESIAN_POINT( '', ( 7.98989298424731, 10.0000000000000, 82.6000000000000 ) );
#6787 = VECTOR( '', #8304, 1000.00000000000 );
#6788 = CARTESIAN_POINT( '', ( 9.04086788742955, 9.15613211257046, 82.6000000000000 ) );
#6789 = CARTESIAN_POINT( '', ( 9.04086788742955, 9.15613211257046, 82.6000000000000 ) );
#6790 = VECTOR( '', #8305, 1000.00000000000 );
#6791 = CARTESIAN_POINT( '', ( 9.12799999999938, 8.96500000000828, 82.6000000000000 ) );
#6792 = AXIS2_PLACEMENT_3D( '', #8306, #8307, #8308 );
#6793 = CARTESIAN_POINT( '', ( 11.2030000000368, 7.01799999999966, 82.6000000000000 ) );
#6794 = AXIS2_PLACEMENT_3D( '', #8309, #8310, #8311 );
#6795 = CARTESIAN_POINT( '', ( 11.5000000000000, 6.71801500037130, 82.6000000000000 ) );
#6796 = AXIS2_PLACEMENT_3D( '', #8312, #8313, #8314 );
#6797 = CARTESIAN_POINT( '', ( 11.5000000000000, 5.28298499962870, 82.6000000000000 ) );
#6798 = CARTESIAN_POINT( '', ( 11.5000000000000, 5.28298499962870, 82.6000000000000 ) );
#6799 = VECTOR( '', #8315, 1000.00000000000 );
#6800 = CARTESIAN_POINT( '', ( 11.2030000000524, 4.98300000000049, 82.6000000000000 ) );
#6801 = AXIS2_PLACEMENT_3D( '', #8316, #8317, #8318 );
#6802 = CARTESIAN_POINT( '', ( 9.12799999999934, 3.03599999999110, 82.6000000000000 ) );
#6803 = AXIS2_PLACEMENT_3D( '', #8319, #8320, #8321 );
#6804 = CARTESIAN_POINT( '', ( 9.04086788742955, 2.84486788742955, 82.6000000000000 ) );
#6805 = AXIS2_PLACEMENT_3D( '', #8322, #8323, #8324 );
#6806 = CARTESIAN_POINT( '', ( 8.59289320407241, 2.39689320407241, 82.6000000000000 ) );
#6807 = CARTESIAN_POINT( '', ( 8.59289320407241, 2.39689320407241, 82.6000000000000 ) );
#6808 = VECTOR( '', #8325, 1000.00000000000 );
#6809 = CARTESIAN_POINT( '', ( 8.30000000000001, 1.68978643095070, 82.6000000000000 ) );
#6810 = AXIS2_PLACEMENT_3D( '', #8326, #8327, #8328 );
#6811 = CARTESIAN_POINT( '', ( 8.30000000000001, 0.615213569049303, 82.6000000000000 ) );
#6812 = VECTOR( '', #8329, 1000.00000000000 );
#6813 = CARTESIAN_POINT( '', ( -24.0000000000000, 0.00000000000000, 82.6000000000000 ) );
#6814 = VECTOR( '', #8330, 1000.00000000000 );
#6815 = CARTESIAN_POINT( '', ( 22.0000000000000, 23.4343145750508, 82.6000000000000 ) );
#6816 = CARTESIAN_POINT( '', ( 22.0000000000000, 23.4343145750508, 82.6000000000000 ) );
#6817 = VECTOR( '', #8331, 1000.00000000000 );
#6818 = CARTESIAN_POINT( '', ( 21.4343145750508, 24.0000000000000, 82.6000000000000 ) );
#6819 = VECTOR( '', #8332, 1000.00000000000 );
#6820 = CARTESIAN_POINT( '', ( 4.37500000000000, 18.0000000000000, 82.6000000000000 ) );
#6821 = CARTESIAN_POINT( '', ( 4.37500000000000, 18.0000000000000, 82.6000000000000 ) );
#6822 = VECTOR( '', #8333, 1000.00000000000 );
#6823 = CARTESIAN_POINT( '', ( -4.37500000000000, 18.0000000000000, 82.6000000000000 ) );
#6824 = AXIS2_PLACEMENT_3D( '', #8334, #8335, #8336 );
#6825 = CARTESIAN_POINT( '', ( -4.37500000000000, 24.0000000000000, 82.6000000000000 ) );
#6826 = CARTESIAN_POINT( '', ( -4.37500000000000, 24.0000000000000, 82.6000000000000 ) );
#6827 = VECTOR( '', #8337, 1000.00000000000 );
#6828 = CARTESIAN_POINT( '', ( -20.8686291501015, 24.0000000000000, 82.6000000000000 ) );
#6829 = CARTESIAN_POINT( '', ( -20.8686291501015, 24.0000000000000, 82.6000000000000 ) );
#6830 = VECTOR( '', #8338, 1000.00000000000 );
#6831 = CARTESIAN_POINT( '', ( -22.0000000000000, 22.8686291501015, 82.6000000000000 ) );
#6832 = CARTESIAN_POINT( '', ( -22.0000000000000, 22.8686291501015, 82.6000000000000 ) );
#6833 = VECTOR( '', #8339, 1000.00000000000 );
#6834 = CARTESIAN_POINT( '', ( -22.0000000000000, 12.0000000000000, 82.6000000000000 ) );
#6835 = CARTESIAN_POINT( '', ( -22.0000000000000, 0.565685424949238, 82.6000000000000 ) );
#6836 = VECTOR( '', #8340, 1000.00000000000 );
#6837 = AXIS2_PLACEMENT_3D( '', #8341, #8342, #8343 );
#6838 = CARTESIAN_POINT( '', ( -22.0000000000000, 0.565685424949238, 82.6000000000000 ) );
#6839 = CARTESIAN_POINT( '', ( -22.0000000000000, 0.565685424949238, 82.6000000000000 ) );
#6840 = VECTOR( '', #8344, 1000.00000000000 );
#6841 = CARTESIAN_POINT( '', ( -21.4343145750508, 0.00000000000000, 82.6000000000000 ) );
#6842 = CARTESIAN_POINT( '', ( -21.4343145750508, 0.00000000000000, 82.6000000000000 ) );
#6843 = VECTOR( '', #8345, 1000.00000000000 );
#6844 = CARTESIAN_POINT( '', ( -24.0000000000000, 0.00000000000000, 82.6000000000000 ) );
#6845 = VECTOR( '', #8346, 1000.00000000000 );
#6846 = COLOUR_RGB( '', 0.689999997600000, 0.689999997600000, 0.689999997600000 );
#6847 = CARTESIAN_POINT( '', ( -20.0000000000000, 18.0000000000000, 3.75000000000000 ) );
#6848 = AXIS2_PLACEMENT_3D( '', #8347, #8348, #8349 );
#6849 = COLOUR_RGB( '', 0.689999997600000, 0.689999997600000, 0.689999997600000 );
#6850 = CARTESIAN_POINT( '', ( -20.7071067811865, 10.9393398282202, 82.6000000000000 ) );
#6851 = CARTESIAN_POINT( '', ( -20.0000000000000, 11.6464466094067, 82.6000000000000 ) );
#6852 = CARTESIAN_POINT( '', ( -20.7071067811865, 10.9393398282202, 82.6000000000000 ) );
#6853 = VECTOR( '', #8350, 1000.00000000000 );
#6854 = CARTESIAN_POINT( '', ( -20.7071067811865, 10.9393398282202, 83.6000000000000 ) );
#6855 = CARTESIAN_POINT( '', ( -20.7071067811865, 10.9393398282202, 83.6000000000000 ) );
#6856 = VECTOR( '', #8351, 1000.00000000000 );
#6857 = CARTESIAN_POINT( '', ( -20.0000000000000, 11.6464466094067, 83.6000000000000 ) );
#6858 = CARTESIAN_POINT( '', ( -20.7071067811865, 10.9393398282202, 83.6000000000000 ) );
#6859 = VECTOR( '', #8352, 1000.00000000000 );
#6860 = CARTESIAN_POINT( '', ( -20.0000000000000, 11.6464466094067, 83.6000000000000 ) );
#6861 = VECTOR( '', #8353, 1000.00000000000 );
#6862 = COLOUR_RGB( '', 0.689999997600000, 0.689999997600000, 0.689999997600000 );
#6863 = CARTESIAN_POINT( '', ( 17.5000000000000, 26.0000000000000, 61.8000000000000 ) );
#6864 = AXIS2_PLACEMENT_3D( '', #8354, #8355, #8356 );
#6865 = CARTESIAN_POINT( '', ( 17.5000000000000, 26.0000000000000, 20.8000000000000 ) );
#6866 = AXIS2_PLACEMENT_3D( '', #8357, #8358, #8359 );
#6867 = CARTESIAN_POINT( '', ( 24.0000000000000, 26.0000000000000, 11.8000000000000 ) );
#6868 = VECTOR( '', #8360, 1000.00000000000 );
#6869 = CARTESIAN_POINT( '', ( 24.0000000000000, 26.0000000000000, 70.8000000000000 ) );
#6870 = VECTOR( '', #8361, 1000.00000000000 );
#6871 = COLOUR_RGB( '', 0.689999997600000, 0.689999997600000, 0.689999997600000 );
#6872 = CARTESIAN_POINT( '', ( 19.2928932188135, 13.0606601717798, -1.00000000000000 ) );
#6873 = CARTESIAN_POINT( '', ( 18.9393398282202, 12.7071067811865, -1.00000000000000 ) );
#6874 = CARTESIAN_POINT( '', ( 19.2928932188135, 13.0606601717798, -1.00000000000000 ) );
#6875 = VECTOR( '', #8362, 1000.00000000000 );
#6876 = CARTESIAN_POINT( '', ( 19.6464466094067, 12.0000000000000, -1.00000000000000 ) );
#6877 = CARTESIAN_POINT( '', ( 18.9393398282202, 12.7071067811865, -1.00000000000000 ) );
#6878 = VECTOR( '', #8363, 1000.00000000000 );
#6879 = CARTESIAN_POINT( '', ( 18.9393398282202, 11.2928932188135, -1.00000000000000 ) );
#6880 = CARTESIAN_POINT( '', ( 19.6464466094067, 12.0000000000000, -1.00000000000000 ) );
#6881 = VECTOR( '', #8364, 1000.00000000000 );
#6882 = CARTESIAN_POINT( '', ( 19.2928932188135, 10.9393398282202, -1.00000000000000 ) );
#6883 = CARTESIAN_POINT( '', ( 18.9393398282202, 11.2928932188135, -1.00000000000000 ) );
#6884 = VECTOR( '', #8365, 1000.00000000000 );
#6885 = CARTESIAN_POINT( '', ( 20.0000000000000, 11.6464466094067, -1.00000000000000 ) );
#6886 = CARTESIAN_POINT( '', ( 19.2928932188135, 10.9393398282202, -1.00000000000000 ) );
#6887 = VECTOR( '', #8366, 1000.00000000000 );
#6888 = CARTESIAN_POINT( '', ( 20.7071067811865, 10.9393398282202, -1.00000000000000 ) );
#6889 = CARTESIAN_POINT( '', ( 20.0000000000000, 11.6464466094067, -1.00000000000000 ) );
#6890 = VECTOR( '', #8367, 1000.00000000000 );
#6891 = CARTESIAN_POINT( '', ( 21.0606601717798, 11.2928932188134, -1.00000000000000 ) );
#6892 = CARTESIAN_POINT( '', ( 20.7071067811865, 10.9393398282202, -1.00000000000000 ) );
#6893 = VECTOR( '', #8368, 1000.00000000000 );
#6894 = CARTESIAN_POINT( '', ( 20.3535533905933, 12.0000000000000, -1.00000000000000 ) );
#6895 = CARTESIAN_POINT( '', ( 21.0606601717798, 11.2928932188134, -1.00000000000000 ) );
#6896 = VECTOR( '', #8369, 1000.00000000000 );
#6897 = CARTESIAN_POINT( '', ( 21.0606601717798, 12.7071067811865, -1.00000000000000 ) );
#6898 = CARTESIAN_POINT( '', ( 20.3535533905933, 12.0000000000000, -1.00000000000000 ) );
#6899 = VECTOR( '', #8370, 1000.00000000000 );
#6900 = CARTESIAN_POINT( '', ( 20.7071067811866, 13.0606601717798, -1.00000000000000 ) );
#6901 = CARTESIAN_POINT( '', ( 21.0606601717798, 12.7071067811865, -1.00000000000000 ) );
#6902 = VECTOR( '', #8371, 1000.00000000000 );
#6903 = CARTESIAN_POINT( '', ( 20.0000000000000, 12.3535533905933, -1.00000000000000 ) );
#6904 = CARTESIAN_POINT( '', ( 20.7071067811866, 13.0606601717798, -1.00000000000000 ) );
#6905 = VECTOR( '', #8372, 1000.00000000000 );
#6906 = CARTESIAN_POINT( '', ( 20.0000000000000, 12.3535533905933, -1.00000000000000 ) );
#6907 = VECTOR( '', #8373, 1000.00000000000 );
#6908 = CARTESIAN_POINT( '', ( 22.0000000000000, 12.0000000000000, -1.00000000000000 ) );
#6909 = AXIS2_PLACEMENT_3D( '', #8374, #8375, #8376 );
#6910 = COLOUR_RGB( '', 0.689999997600000, 0.689999997600000, 0.689999997600000 );
#6911 = CARTESIAN_POINT( '', ( -11.2019999999958, 7.01800000000007, 0.00000000000000 ) );
#6912 = CARTESIAN_POINT( '', ( -9.12799999999923, 8.96500000001064, 0.00000000000000 ) );
#6913 = AXIS2_PLACEMENT_3D( '', #8377, #8378, #8379 );
#6914 = CARTESIAN_POINT( '', ( -9.12799999999923, 8.96500000001064, 82.6000000000000 ) );
#6915 = VECTOR( '', #8380, 1000.00000000000 );
#6916 = CARTESIAN_POINT( '', ( -11.2019999999958, 7.01800000000007, 82.6000000000000 ) );
#6917 = VECTOR( '', #8381, 1000.00000000000 );
#6918 = COLOUR_RGB( '', 0.689999997600000, 0.689999997600000, 0.689999997600000 );
#6919 = CARTESIAN_POINT( '', ( 20.0000000000000, 18.0000000000000, 3.75000000000000 ) );
#6920 = AXIS2_PLACEMENT_3D( '', #8382, #8383, #8384 );
#6921 = CARTESIAN_POINT( '', ( 22.5000000000000, 18.0000000000000, 3.75000000000000 ) );
#6922 = AXIS2_PLACEMENT_3D( '', #8385, #8386, #8387 );
#6923 = COLOUR_RGB( '', 0.689999997600000, 0.689999997600000, 0.689999997600000 );
#6924 = CARTESIAN_POINT( '', ( -17.5000000000000, 17.0000000000000, 21.4135000000000 ) );
#6925 = AXIS2_PLACEMENT_3D( '', #8388, #8389, #8390 );
#6926 = COLOUR_RGB( '', 0.689999997600000, 0.689999997600000, 0.689999997600000 );
#6927 = CARTESIAN_POINT( '', ( 22.5000000000000, 18.0000000000000, 71.8500000000000 ) );
#6928 = AXIS2_PLACEMENT_3D( '', #8391, #8392, #8393 );
#6929 = CARTESIAN_POINT( '', ( 22.5000000000000, 23.9343145750508, 80.6000000000000 ) );
#6930 = CARTESIAN_POINT( '', ( 22.5000000000000, 23.9343145750508, 70.8000000000000 ) );
#6931 = CARTESIAN_POINT( '', ( 22.5000000000000, 23.9343145750508, 82.6000000000000 ) );
#6932 = VECTOR( '', #8394, 1000.00000000000 );
#6933 = CARTESIAN_POINT( '', ( 22.5000000000000, 0.800000000000002, 80.6000000000000 ) );
#6934 = CARTESIAN_POINT( '', ( 22.5000000000000, 23.9343145750508, 80.6000000000000 ) );
#6935 = VECTOR( '', #8395, 1000.00000000000 );
#6936 = CARTESIAN_POINT( '', ( 22.5000000000000, 0.800000000000002, 70.8000000000000 ) );
#6937 = CARTESIAN_POINT( '', ( 22.5000000000000, 0.800000000000002, 70.8000000000000 ) );
#6938 = VECTOR( '', #8396, 1000.00000000000 );
#6939 = CARTESIAN_POINT( '', ( 22.5000000000000, 23.9343145750508, 70.8000000000000 ) );
#6940 = VECTOR( '', #8397, 1000.00000000000 );
#6941 = COLOUR_RGB( '', 0.689999997600000, 0.689999997600000, 0.689999997600000 );
#6942 = CARTESIAN_POINT( '', ( -22.0000000000000, 22.8686291501015, 0.00000000000000 ) );
#6943 = CARTESIAN_POINT( '', ( -20.8686291501015, 24.0000000000000, 0.00000000000000 ) );
#6944 = CARTESIAN_POINT( '', ( -22.0000000000000, 22.8686291501015, 0.00000000000000 ) );
#6945 = VECTOR( '', #8398, 1000.00000000000 );
#6946 = CARTESIAN_POINT( '', ( -22.0000000000000, 22.8686291501015, 2.00000000000000 ) );
#6947 = CARTESIAN_POINT( '', ( -22.0000000000000, 22.8686291501015, 2.00000000000000 ) );
#6948 = VECTOR( '', #8399, 1000.00000000000 );
#6949 = CARTESIAN_POINT( '', ( -20.8686291501015, 24.0000000000000, 2.00000000000000 ) );
#6950 = CARTESIAN_POINT( '', ( -22.0000000000000, 22.8686291501015, 2.00000000000000 ) );
#6951 = VECTOR( '', #8400, 1000.00000000000 );
#6952 = CARTESIAN_POINT( '', ( -20.8686291501015, 24.0000000000000, 2.00000000000000 ) );
#6953 = VECTOR( '', #8401, 1000.00000000000 );
#6954 = COLOUR_RGB( '', 0.689999997600000, 0.689999997600000, 0.689999997600000 );
#6955 = CARTESIAN_POINT( '', ( 10.3000000000000, 0.00000000000000, 0.00000000000000 ) );
#6956 = CARTESIAN_POINT( '', ( 11.5000000000000, 1.20000000000000, 0.00000000000000 ) );
#6957 = CARTESIAN_POINT( '', ( 10.3000000000000, 0.00000000000000, 0.00000000000000 ) );
#6958 = VECTOR( '', #8402, 1000.00000000000 );
#6959 = CARTESIAN_POINT( '', ( 11.5000000000000, 1.20000000000000, 100.000000000000 ) );
#6960 = CARTESIAN_POINT( '', ( 11.5000000000000, 1.20000000000000, 100.000000000000 ) );
#6961 = VECTOR( '', #8403, 1000.00000000000 );
#6962 = CARTESIAN_POINT( '', ( 10.3000000000000, 0.00000000000000, 100.000000000000 ) );
#6963 = CARTESIAN_POINT( '', ( 10.3000000000000, 0.00000000000000, 100.000000000000 ) );
#6964 = VECTOR( '', #8404, 1000.00000000000 );
#6965 = CARTESIAN_POINT( '', ( 10.3000000000000, 0.00000000000000, 100.000000000000 ) );
#6966 = VECTOR( '', #8405, 1000.00000000000 );
#6967 = COLOUR_RGB( '', 0.689999997600000, 0.689999997600000, 0.689999997600000 );
#6968 = CARTESIAN_POINT( '', ( 11.2030000000524, 12.9830000000005, 0.00000000000000 ) );
#6969 = CARTESIAN_POINT( '', ( 9.12799999999933, 11.0359999999911, 0.00000000000000 ) );
#6970 = AXIS2_PLACEMENT_3D( '', #8406, #8407, #8408 );
#6971 = CARTESIAN_POINT( '', ( 11.2030000000524, 12.9830000000005, 100.000000000000 ) );
#6972 = CARTESIAN_POINT( '', ( 11.2030000000524, 12.9830000000005, 100.000000000000 ) );
#6973 = VECTOR( '', #8409, 1000.00000000000 );
#6974 = CARTESIAN_POINT( '', ( 9.12799999999933, 11.0359999999911, 100.000000000000 ) );
#6975 = AXIS2_PLACEMENT_3D( '', #8410, #8411, #8412 );
#6976 = CARTESIAN_POINT( '', ( 9.12799999999933, 11.0359999999911, 100.000000000000 ) );
#6977 = VECTOR( '', #8413, 1000.00000000000 );
#6978 = COLOUR_RGB( '', 0.689999997600000, 0.689999997600000, 0.689999997600000 );
#6979 = CARTESIAN_POINT( '', ( -22.0000000000000, 0.565685424949238, 0.00000000000000 ) );
#6980 = CARTESIAN_POINT( '', ( -22.0000000000000, 12.0000000000000, 0.00000000000000 ) );
#6981 = CARTESIAN_POINT( '', ( -22.0000000000000, 0.565685424949238, 0.00000000000000 ) );
#6982 = VECTOR( '', #8414, 1000.00000000000 );
#6983 = CARTESIAN_POINT( '', ( -22.0000000000000, 0.565685424949238, 2.00000000000000 ) );
#6984 = CARTESIAN_POINT( '', ( -22.0000000000000, 0.565685424949238, 2.00000000000000 ) );
#6985 = VECTOR( '', #8415, 1000.00000000000 );
#6986 = CARTESIAN_POINT( '', ( -22.0000000000000, 0.565685424949238, 2.00000000000000 ) );
#6987 = VECTOR( '', #8416, 1000.00000000000 );
#6988 = CARTESIAN_POINT( '', ( -22.0000000000000, 0.565685424949238, 0.00000000000000 ) );
#6989 = VECTOR( '', #8417, 1000.00000000000 );
#6990 = COLOUR_RGB( '', 0.689999997600000, 0.689999997600000, 0.689999997600000 );
#6991 = CARTESIAN_POINT( '', ( 0.00000000000000, 9.00000000000000, 16.5000000000000 ) );
#6992 = AXIS2_PLACEMENT_3D( '', #8418, #8419, #8420 );
#6993 = CARTESIAN_POINT( '', ( 0.00000000000000, 9.00000000000000, 14.5000000000000 ) );
#6994 = AXIS2_PLACEMENT_3D( '', #8421, #8422, #8423 );
#6995 = COLOUR_RGB( '', 0.689999997600000, 0.689999997600000, 0.689999997600000 );
#6996 = CARTESIAN_POINT( '', ( 18.9393398282202, 11.2928932188135, 0.00000000000000 ) );
#6997 = CARTESIAN_POINT( '', ( 19.2928932188135, 10.9393398282202, 0.00000000000000 ) );
#6998 = CARTESIAN_POINT( '', ( 18.9393398282202, 11.2928932188135, 0.00000000000000 ) );
#6999 = VECTOR( '', #8424, 1000.00000000000 );
#7000 = CARTESIAN_POINT( '', ( 19.2928932188135, 10.9393398282202, -1.00000000000000 ) );
#7001 = VECTOR( '', #8425, 1000.00000000000 );
#7002 = CARTESIAN_POINT( '', ( 18.9393398282202, 11.2928932188135, -1.00000000000000 ) );
#7003 = VECTOR( '', #8426, 1000.00000000000 );
#7004 = COLOUR_RGB( '', 0.689999997600000, 0.689999997600000, 0.689999997600000 );
#7005 = CARTESIAN_POINT( '', ( 4.37500000000000, 18.0000000000000, 0.00000000000000 ) );
#7006 = VECTOR( '', #8427, 1000.00000000000 );
#7007 = CARTESIAN_POINT( '', ( 4.37500000000000, 18.0000000000000, 2.00000000000000 ) );
#7008 = VECTOR( '', #8428, 1000.00000000000 );
#7009 = COLOUR_RGB( '', 0.689999997600000, 0.689999997600000, 0.689999997600000 );
#7010 = COLOUR_RGB( '', 0.689999997600000, 0.689999997600000, 0.689999997600000 );
#7011 = CARTESIAN_POINT( '', ( 8.59289320407240, 10.3968932040724, 0.00000000000000 ) );
#7012 = CARTESIAN_POINT( '', ( 8.30000000000000, 9.68978643095070, 0.00000000000000 ) );
#7013 = AXIS2_PLACEMENT_3D( '', #8429, #8430, #8431 );
#7014 = CARTESIAN_POINT( '', ( 8.59289320407240, 10.3968932040724, 100.000000000000 ) );
#7015 = CARTESIAN_POINT( '', ( 8.59289320407240, 10.3968932040724, 100.000000000000 ) );
#7016 = VECTOR( '', #8432, 1000.00000000000 );
#7017 = CARTESIAN_POINT( '', ( 8.30000000000000, 9.68978643095070, 100.000000000000 ) );
#7018 = AXIS2_PLACEMENT_3D( '', #8433, #8434, #8435 );
#7019 = CARTESIAN_POINT( '', ( 8.30000000000000, 9.68978643095070, 100.000000000000 ) );
#7020 = VECTOR( '', #8436, 1000.00000000000 );
#7021 = COLOUR_RGB( '', 0.689999997600000, 0.689999997600000, 0.689999997600000 );
#7022 = CARTESIAN_POINT( '', ( 21.9343145750508, 24.5000000000000, 80.6000000000000 ) );
#7023 = CARTESIAN_POINT( '', ( 21.9343145750508, 24.5000000000000, 80.6000000000000 ) );
#7024 = VECTOR( '', #8437, 1000.00000000000 );
#7025 = CARTESIAN_POINT( '', ( 4.37500000000000, 24.5000000000000, 80.6000000000000 ) );
#7026 = CARTESIAN_POINT( '', ( 4.37500000000000, 24.5000000000000, 80.6000000000000 ) );
#7027 = VECTOR( '', #8438, 1000.00000000000 );
#7028 = CARTESIAN_POINT( '', ( -8.88178419700125E-16, 32.0777222831138, 80.6000000000000 ) );
#7029 = VECTOR( '', #8439, 1000.00000000000 );
#7030 = CARTESIAN_POINT( '', ( -4.37499999999999, 24.5000000000000, 80.6000000000000 ) );
#7031 = VECTOR( '', #8440, 1000.00000000000 );
#7032 = CARTESIAN_POINT( '', ( -22.5000000000000, 23.7000000000000, 80.6000000000000 ) );
#7033 = VECTOR( '', #8441, 1000.00000000000 );
#7034 = CARTESIAN_POINT( '', ( -21.7000000000000, 0.00000000000000, 80.6000000000000 ) );
#7035 = CARTESIAN_POINT( '', ( -21.7000000000000, 0.00000000000000, 80.6000000000000 ) );
#7036 = VECTOR( '', #8442, 1000.00000000000 );
#7037 = CARTESIAN_POINT( '', ( -21.4343145750508, 0.00000000000000, 80.6000000000000 ) );
#7038 = CARTESIAN_POINT( '', ( -24.0000000000000, 0.00000000000000, 80.6000000000000 ) );
#7039 = VECTOR( '', #8443, 1000.00000000000 );
#7040 = CARTESIAN_POINT( '', ( -22.0000000000000, 0.565685424949238, 80.6000000000000 ) );
#7041 = CARTESIAN_POINT( '', ( -21.4343145750508, 0.00000000000000, 80.6000000000000 ) );
#7042 = VECTOR( '', #8444, 1000.00000000000 );
#7043 = CARTESIAN_POINT( '', ( -22.0000000000000, 22.8686291501015, 80.6000000000000 ) );
#7044 = CARTESIAN_POINT( '', ( -22.0000000000000, 0.565685424949238, 80.6000000000000 ) );
#7045 = VECTOR( '', #8445, 1000.00000000000 );
#7046 = CARTESIAN_POINT( '', ( -20.8686291501015, 24.0000000000000, 80.6000000000000 ) );
#7047 = CARTESIAN_POINT( '', ( -22.0000000000000, 22.8686291501015, 80.6000000000000 ) );
#7048 = VECTOR( '', #8446, 1000.00000000000 );
#7049 = CARTESIAN_POINT( '', ( -4.37500000000000, 24.0000000000000, 80.6000000000000 ) );
#7050 = CARTESIAN_POINT( '', ( -20.8686291501015, 24.0000000000000, 80.6000000000000 ) );
#7051 = VECTOR( '', #8447, 1000.00000000000 );
#7052 = CARTESIAN_POINT( '', ( -4.37500000000000, 18.0000000000000, 80.6000000000000 ) );
#7053 = CARTESIAN_POINT( '', ( -4.37500000000000, 24.0000000000000, 80.6000000000000 ) );
#7054 = VECTOR( '', #8448, 1000.00000000000 );
#7055 = CARTESIAN_POINT( '', ( 4.37500000000000, 18.0000000000000, 80.6000000000000 ) );
#7056 = AXIS2_PLACEMENT_3D( '', #8449, #8450, #8451 );
#7057 = CARTESIAN_POINT( '', ( 4.37500000000000, 18.0000000000000, 80.6000000000000 ) );
#7058 = VECTOR( '', #8452, 1000.00000000000 );
#7059 = CARTESIAN_POINT( '', ( 22.0000000000000, 23.4343145750508, 80.6000000000000 ) );
#7060 = CARTESIAN_POINT( '', ( 21.4343145750508, 24.0000000000000, 80.6000000000000 ) );
#7061 = VECTOR( '', #8453, 1000.00000000000 );
#7062 = CARTESIAN_POINT( '', ( 22.0000000000000, 23.4343145750508, 80.6000000000000 ) );
#7063 = VECTOR( '', #8454, 1000.00000000000 );
#7064 = CARTESIAN_POINT( '', ( 21.7000000000000, -5.42101086242752E-17, 80.6000000000000 ) );
#7065 = CARTESIAN_POINT( '', ( 21.4343145750508, 0.00000000000000, 80.6000000000000 ) );
#7066 = VECTOR( '', #8455, 1000.00000000000 );
#7067 = CARTESIAN_POINT( '', ( 22.5000000000000, 0.800000000000002, 80.6000000000000 ) );
#7068 = VECTOR( '', #8456, 1000.00000000000 );
#7069 = COLOUR_RGB( '', 0.689999997600000, 0.689999997600000, 0.689999997600000 );
#7070 = CARTESIAN_POINT( '', ( -9.04000000000001, 10.8450000000000, 0.00000000000000 ) );
#7071 = CARTESIAN_POINT( '', ( -8.59210414383465, 10.3961021396822, 0.00000000000000 ) );
#7072 = CARTESIAN_POINT( '', ( -9.04000000000001, 10.8450000000000, 0.00000000000000 ) );
#7073 = VECTOR( '', #8457, 1000.00000000000 );
#7074 = CARTESIAN_POINT( '', ( -8.59210414383465, 10.3961021396822, 100.000000000000 ) );
#7075 = CARTESIAN_POINT( '', ( -8.59210414383465, 10.3961021396822, 100.000000000000 ) );
#7076 = VECTOR( '', #8458, 1000.00000000000 );
#7077 = CARTESIAN_POINT( '', ( -9.04000000000001, 10.8450000000000, 100.000000000000 ) );
#7078 = CARTESIAN_POINT( '', ( -9.04000000000001, 10.8450000000000, 100.000000000000 ) );
#7079 = VECTOR( '', #8459, 1000.00000000000 );
#7080 = CARTESIAN_POINT( '', ( -9.04000000000001, 10.8450000000000, 100.000000000000 ) );
#7081 = VECTOR( '', #8460, 1000.00000000000 );
#7082 = COLOUR_RGB( '', 0.689999997600000, 0.689999997600000, 0.689999997600000 );
#7083 = CARTESIAN_POINT( '', ( -20.8686291501015, 24.0000000000000, 80.6000000000000 ) );
#7084 = VECTOR( '', #8461, 1000.00000000000 );
#7085 = CARTESIAN_POINT( '', ( -22.0000000000000, 22.8686291501015, 80.6000000000000 ) );
#7086 = VECTOR( '', #8462, 1000.00000000000 );
#7087 = COLOUR_RGB( '', 0.689999997600000, 0.689999997600000, 0.689999997600000 );
#7088 = CARTESIAN_POINT( '', ( 11.2030000000368, 15.0179999999997, 0.00000000000000 ) );
#7089 = AXIS2_PLACEMENT_3D( '', #8463, #8464, #8465 );
#7090 = CARTESIAN_POINT( '', ( 11.2030000000368, 15.0179999999997, 100.000000000000 ) );
#7091 = AXIS2_PLACEMENT_3D( '', #8466, #8467, #8468 );
#7092 = CARTESIAN_POINT( '', ( 11.2030000000368, 15.0179999999997, 100.000000000000 ) );
#7093 = VECTOR( '', #8469, 1000.00000000000 );
#7094 = COLOUR_RGB( '', 0.689999997600000, 0.689999997600000, 0.689999997600000 );
#7095 = CARTESIAN_POINT( '', ( -11.5000000000000, 5.00000000000000, 0.00000000000000 ) );
#7096 = CARTESIAN_POINT( '', ( -8.59277164287938, 7.90822843567485, 0.00000000000000 ) );
#7097 = VECTOR( '', #8470, 1000.00000000000 );
#7098 = CARTESIAN_POINT( '', ( -11.5000000000000, 5.00000000000000, 100.000000000000 ) );
#7099 = CARTESIAN_POINT( '', ( -11.5000000000000, 5.00000000000000, 100.000000000000 ) );
#7100 = VECTOR( '', #8471, 1000.00000000000 );
#7101 = CARTESIAN_POINT( '', ( -8.59277164287938, 7.90822843567485, 100.000000000000 ) );
#7102 = VECTOR( '', #8472, 1000.00000000000 );
#7103 = COLOUR_RGB( '', 0.689999997600000, 0.689999997600000, 0.689999997600000 );
#7104 = CARTESIAN_POINT( '', ( -22.5000000000000, 23.7000000000000, 70.8000000000000 ) );
#7105 = VECTOR( '', #8473, 1000.00000000000 );
#7106 = COLOUR_RGB( '', 0.689999997600000, 0.689999997600000, 0.689999997600000 );
#7107 = COLOUR_RGB( '', 0.689999997600000, 0.689999997600000, 0.689999997600000 );
#7108 = CARTESIAN_POINT( '', ( -22.5000000000000, 18.0000000000000, 10.7500000000000 ) );
#7109 = AXIS2_PLACEMENT_3D( '', #8474, #8475, #8476 );
#7110 = COLOUR_RGB( '', 0.689999997600000, 0.689999997600000, 0.689999997600000 );
#7111 = CARTESIAN_POINT( '', ( -18.9393398282202, 11.2928932188135, 82.6000000000000 ) );
#7112 = CARTESIAN_POINT( '', ( -19.6464466094067, 12.0000000000000, 82.6000000000000 ) );
#7113 = CARTESIAN_POINT( '', ( -18.9393398282202, 11.2928932188135, 82.6000000000000 ) );
#7114 = VECTOR( '', #8477, 1000.00000000000 );
#7115 = CARTESIAN_POINT( '', ( -18.9393398282202, 11.2928932188135, 83.6000000000000 ) );
#7116 = CARTESIAN_POINT( '', ( -18.9393398282202, 11.2928932188135, 83.6000000000000 ) );
#7117 = VECTOR( '', #8478, 1000.00000000000 );
#7118 = CARTESIAN_POINT( '', ( -19.6464466094067, 12.0000000000000, 83.6000000000000 ) );
#7119 = CARTESIAN_POINT( '', ( -18.9393398282202, 11.2928932188135, 83.6000000000000 ) );
#7120 = VECTOR( '', #8479, 1000.00000000000 );
#7121 = CARTESIAN_POINT( '', ( -19.6464466094067, 12.0000000000000, 83.6000000000000 ) );
#7122 = VECTOR( '', #8480, 1000.00000000000 );
#7123 = COLOUR_RGB( '', 0.689999997600000, 0.689999997600000, 0.689999997600000 );
#7124 = CARTESIAN_POINT( '', ( -4.37500000000000, 18.0000000000000, 80.6000000000000 ) );
#7125 = VECTOR( '', #8481, 1000.00000000000 );
#7126 = CARTESIAN_POINT( '', ( -4.37500000000000, 24.0000000000000, 80.6000000000000 ) );
#7127 = VECTOR( '', #8482, 1000.00000000000 );
#7128 = COLOUR_RGB( '', 0.689999997600000, 0.689999997600000, 0.689999997600000 );
#7129 = CARTESIAN_POINT( '', ( -5.83333333333334, 26.0000000000000, 11.8000000000000 ) );
#7130 = VECTOR( '', #8483, 1000.00000000000 );
#7131 = CARTESIAN_POINT( '', ( -5.83333333333334, 26.0000000000000, 70.8000000000000 ) );
#7132 = VECTOR( '', #8484, 1000.00000000000 );
#7133 = COLOUR_RGB( '', 0.689999997600000, 0.689999997600000, 0.689999997600000 );
#7134 = CARTESIAN_POINT( '', ( 8.59289320407241, 2.39689320407241, 0.00000000000000 ) );
#7135 = CARTESIAN_POINT( '', ( 9.04086788742955, 2.84486788742955, 0.00000000000000 ) );
#7136 = CARTESIAN_POINT( '', ( 8.59289320407241, 2.39689320407241, 0.00000000000000 ) );
#7137 = VECTOR( '', #8485, 1000.00000000000 );
#7138 = CARTESIAN_POINT( '', ( 8.59289320407241, 2.39689320407241, 82.6000000000000 ) );
#7139 = VECTOR( '', #8486, 1000.00000000000 );
#7140 = CARTESIAN_POINT( '', ( 9.04086788742955, 2.84486788742955, 82.6000000000000 ) );
#7141 = VECTOR( '', #8487, 1000.00000000000 );
#7142 = COLOUR_RGB( '', 0.689999997600000, 0.689999997600000, 0.689999997600000 );
#7143 = CARTESIAN_POINT( '', ( 22.5000000000000, 0.800000000000002, 11.8000000000000 ) );
#7144 = CARTESIAN_POINT( '', ( 22.5000000000000, 23.9343145750508, 11.8000000000000 ) );
#7145 = VECTOR( '', #8488, 1000.00000000000 );
#7146 = CARTESIAN_POINT( '', ( 22.5000000000000, 0.800000000000002, 2.00000000000000 ) );
#7147 = CARTESIAN_POINT( '', ( 22.5000000000000, 0.800000000000002, 2.00000000000000 ) );
#7148 = VECTOR( '', #8489, 1000.00000000000 );
#7149 = CARTESIAN_POINT( '', ( 22.5000000000000, 23.9343145750508, 2.00000000000000 ) );
#7150 = VECTOR( '', #8490, 1000.00000000000 );
#7151 = COLOUR_RGB( '', 0.689999997600000, 0.689999997600000, 0.689999997600000 );
#7152 = CARTESIAN_POINT( '', ( -22.0000000000000, 0.565685424949238, 80.6000000000000 ) );
#7153 = VECTOR( '', #8491, 1000.00000000000 );
#7154 = CARTESIAN_POINT( '', ( -21.4343145750508, 0.00000000000000, 80.6000000000000 ) );
#7155 = VECTOR( '', #8492, 1000.00000000000 );
#7156 = COLOUR_RGB( '', 0.689999997600000, 0.689999997600000, 0.689999997600000 );
#7157 = CARTESIAN_POINT( '', ( 3.00000000000000, 0.00000000000000, 78.1972243622680 ) );
#7158 = CARTESIAN_POINT( '', ( 3.00000000000000, 0.00000000000000, 81.8027756377320 ) );
#7159 = AXIS2_PLACEMENT_3D( '', #8493, #8494, #8495 );
#7160 = CARTESIAN_POINT( '', ( 3.00000000000000, 0.00000000000000, 21.8027756377320 ) );
#7161 = CARTESIAN_POINT( '', ( 3.00000000000000, 0.00000000000000, 100.000000000000 ) );
#7162 = VECTOR( '', #8496, 1000.00000000000 );
#7163 = CARTESIAN_POINT( '', ( 3.00000000000000, 0.00000000000000, 18.1972243622680 ) );
#7164 = AXIS2_PLACEMENT_3D( '', #8497, #8498, #8499 );
#7165 = CARTESIAN_POINT( '', ( 3.00000000000000, 0.00000000000000, 0.00000000000000 ) );
#7166 = CARTESIAN_POINT( '', ( 3.00000000000000, 0.00000000000000, 100.000000000000 ) );
#7167 = VECTOR( '', #8500, 1000.00000000000 );
#7168 = CARTESIAN_POINT( '', ( 3.00000000000000, 0.00000000000000, 0.00000000000000 ) );
#7169 = VECTOR( '', #8501, 1000.00000000000 );
#7170 = CARTESIAN_POINT( '', ( 3.00000000000000, 0.00000000000000, 100.000000000000 ) );
#7171 = CARTESIAN_POINT( '', ( 3.00000000000000, 0.00000000000000, 100.000000000000 ) );
#7172 = VECTOR( '', #8502, 1000.00000000000 );
#7173 = CARTESIAN_POINT( '', ( 3.00000000000000, 0.00000000000000, 100.000000000000 ) );
#7174 = VECTOR( '', #8503, 1000.00000000000 );
#7175 = COLOUR_RGB( '', 0.689999997600000, 0.689999997600000, 0.689999997600000 );
#7176 = CARTESIAN_POINT( '', ( -21.4343145750508, 0.00000000000000, 0.00000000000000 ) );
#7177 = CARTESIAN_POINT( '', ( -21.4343145750508, 0.00000000000000, 0.00000000000000 ) );
#7178 = VECTOR( '', #8504, 1000.00000000000 );
#7179 = CARTESIAN_POINT( '', ( -21.4343145750508, 0.00000000000000, 2.00000000000000 ) );
#7180 = CARTESIAN_POINT( '', ( -21.4343145750508, 0.00000000000000, 2.00000000000000 ) );
#7181 = VECTOR( '', #8505, 1000.00000000000 );
#7182 = CARTESIAN_POINT( '', ( -21.4343145750508, 0.00000000000000, 2.00000000000000 ) );
#7183 = VECTOR( '', #8506, 1000.00000000000 );
#7184 = COLOUR_RGB( '', 0.689999997600000, 0.689999997600000, 0.689999997600000 );
#7185 = CARTESIAN_POINT( '', ( 21.0606601717798, 11.2928932188134, 0.00000000000000 ) );
#7186 = CARTESIAN_POINT( '', ( 20.3535533905933, 12.0000000000000, 0.00000000000000 ) );
#7187 = CARTESIAN_POINT( '', ( 21.0606601717798, 11.2928932188134, 0.00000000000000 ) );
#7188 = VECTOR( '', #8507, 1000.00000000000 );
#7189 = CARTESIAN_POINT( '', ( 20.3535533905933, 12.0000000000000, -1.00000000000000 ) );
#7190 = VECTOR( '', #8508, 1000.00000000000 );
#7191 = CARTESIAN_POINT( '', ( 21.0606601717798, 11.2928932188134, -1.00000000000000 ) );
#7192 = VECTOR( '', #8509, 1000.00000000000 );
#7193 = COLOUR_RGB( '', 0.689999997600000, 0.689999997600000, 0.689999997600000 );
#7194 = CARTESIAN_POINT( '', ( -17.5000000000000, 17.6135000000000, 61.8000000000000 ) );
#7195 = AXIS2_PLACEMENT_3D( '', #8510, #8511, #8512 );
#7196 = CARTESIAN_POINT( '', ( -17.5000000000000, 17.0000000000000, 61.1865000000000 ) );
#7197 = AXIS2_PLACEMENT_3D( '', #8513, #8514, #8515 );
#7198 = COLOUR_RGB( '', 0.689999997600000, 0.689999997600000, 0.689999997600000 );
#7199 = CARTESIAN_POINT( '', ( -11.5000000000000, 14.7180066667403, 0.00000000000000 ) );
#7200 = CARTESIAN_POINT( '', ( -11.5000000000000, 13.2829933332598, 0.00000000000000 ) );
#7201 = CARTESIAN_POINT( '', ( -11.5000000000000, 14.7180066667403, 0.00000000000000 ) );
#7202 = VECTOR( '', #8516, 1000.00000000000 );
#7203 = CARTESIAN_POINT( '', ( -11.5000000000000, 13.2829933332598, 100.000000000000 ) );
#7204 = CARTESIAN_POINT( '', ( -11.5000000000000, 13.2829933332598, 100.000000000000 ) );
#7205 = VECTOR( '', #8517, 1000.00000000000 );
#7206 = CARTESIAN_POINT( '', ( -11.5000000000000, 14.7180066667403, 100.000000000000 ) );
#7207 = CARTESIAN_POINT( '', ( -11.5000000000000, 14.7180066667403, 100.000000000000 ) );
#7208 = VECTOR( '', #8518, 1000.00000000000 );
#7209 = CARTESIAN_POINT( '', ( -11.5000000000000, 14.7180066667403, 100.000000000000 ) );
#7210 = VECTOR( '', #8519, 1000.00000000000 );
#7211 = COLOUR_RGB( '', 0.689999997600000, 0.689999997600000, 0.689999997600000 );
#7212 = CARTESIAN_POINT( '', ( -17.5000000000000, 17.6135000000000, 20.8000000000000 ) );
#7213 = AXIS2_PLACEMENT_3D( '', #8520, #8521, #8522 );
#7214 = CARTESIAN_POINT( '', ( -17.5000000000000, 26.0000000000000, 20.8000000000000 ) );
#7215 = AXIS2_PLACEMENT_3D( '', #8523, #8524, #8525 );
#7216 = COLOUR_RGB( '', 0.689999997600000, 0.689999997600000, 0.689999997600000 );
#7217 = CARTESIAN_POINT( '', ( 5.83333333333333, 25.5000000000000, 11.8000000000000 ) );
#7218 = VECTOR( '', #8526, 1000.00000000000 );
#7219 = CARTESIAN_POINT( '', ( 23.2000000000000, 0.00000000000000, 11.8000000000000 ) );
#7220 = CARTESIAN_POINT( '', ( 24.0000000000000, 0.800000000000000, 11.8000000000000 ) );
#7221 = VECTOR( '', #8527, 1000.00000000000 );
#7222 = CARTESIAN_POINT( '', ( 21.7000000000000, 0.00000000000000, 11.8000000000000 ) );
#7223 = CARTESIAN_POINT( '', ( 22.5000000000000, 0.00000000000000, 11.8000000000000 ) );
#7224 = VECTOR( '', #8528, 1000.00000000000 );
#7225 = CARTESIAN_POINT( '', ( 10.8500000000000, -10.8500000000000, 11.8000000000000 ) );
#7226 = VECTOR( '', #8529, 1000.00000000000 );
#7227 = CARTESIAN_POINT( '', ( 4.37500000000000, 24.5000000000000, 11.8000000000000 ) );
#7228 = CARTESIAN_POINT( '', ( 4.37500000000000, 24.5000000000000, 11.8000000000000 ) );
#7229 = VECTOR( '', #8530, 1000.00000000000 );
#7230 = CARTESIAN_POINT( '', ( -8.88178419700125E-16, 32.0777222831138, 11.8000000000000 ) );
#7231 = VECTOR( '', #8531, 1000.00000000000 );
#7232 = COLOUR_RGB( '', 0.689999997600000, 0.689999997600000, 0.689999997600000 );
#7233 = CARTESIAN_POINT( '', ( 2.50000000000000, 0.500000000000000, 17.5505102572168 ) );
#7234 = AXIS2_PLACEMENT_3D( '', #8532, #8533, #8534 );
#7235 = CARTESIAN_POINT( '', ( 2.50000000000000, 0.500000000000000, 0.00000000000000 ) );
#7236 = CARTESIAN_POINT( '', ( 2.50000000000000, 0.500000000000000, 100.000000000000 ) );
#7237 = VECTOR( '', #8535, 1000.00000000000 );
#7238 = CARTESIAN_POINT( '', ( 2.50000000000000, 0.500000000000000, 0.00000000000000 ) );
#7239 = VECTOR( '', #8536, 1000.00000000000 );
#7240 = COLOUR_RGB( '', 0.689999997600000, 0.689999997600000, 0.689999997600000 );
#7241 = CARTESIAN_POINT( '', ( 22.0000000000000, 23.4343145750508, 80.6000000000000 ) );
#7242 = VECTOR( '', #8537, 1000.00000000000 );
#7243 = COLOUR_RGB( '', 0.689999997600000, 0.689999997600000, 0.689999997600000 );
#7244 = CARTESIAN_POINT( '', ( -9.12799999999933, 11.0359999999906, 0.00000000000000 ) );
#7245 = AXIS2_PLACEMENT_3D( '', #8538, #8539, #8540 );
#7246 = CARTESIAN_POINT( '', ( -9.12799999999933, 11.0359999999906, 100.000000000000 ) );
#7247 = AXIS2_PLACEMENT_3D( '', #8541, #8542, #8543 );
#7248 = CARTESIAN_POINT( '', ( -9.12799999999933, 11.0359999999906, 100.000000000000 ) );
#7249 = VECTOR( '', #8544, 1000.00000000000 );
#7250 = COLOUR_RGB( '', 0.689999997600000, 0.689999997600000, 0.689999997600000 );
#7251 = CARTESIAN_POINT( '', ( -11.2019999999958, 15.0180000000001, 0.00000000000000 ) );
#7252 = AXIS2_PLACEMENT_3D( '', #8545, #8546, #8547 );
#7253 = CARTESIAN_POINT( '', ( -9.12799999999923, 16.9650000000106, 0.00000000000000 ) );
#7254 = AXIS2_PLACEMENT_3D( '', #8548, #8549, #8550 );
#7255 = CARTESIAN_POINT( '', ( -9.04094306946291, 17.1550569305371, 0.00000000000000 ) );
#7256 = AXIS2_PLACEMENT_3D( '', #8551, #8552, #8553 );
#7257 = CARTESIAN_POINT( '', ( -8.34244688054410, 17.8535531194559, 0.00000000000000 ) );
#7258 = CARTESIAN_POINT( '', ( -8.34244688054410, 17.8535531194559, 0.00000000000000 ) );
#7259 = VECTOR( '', #8554, 1000.00000000000 );
#7260 = CARTESIAN_POINT( '', ( -7.98889377237250, 18.0000000000000, 0.00000000000000 ) );
#7261 = AXIS2_PLACEMENT_3D( '', #8555, #8556, #8557 );
#7262 = CARTESIAN_POINT( '', ( 7.98989298424730, 18.0000000000000, 0.00000000000000 ) );
#7263 = VECTOR( '', #8558, 1000.00000000000 );
#7264 = CARTESIAN_POINT( '', ( 9.04086788742955, 17.1561321125705, 0.00000000000000 ) );
#7265 = VECTOR( '', #8559, 1000.00000000000 );
#7266 = CARTESIAN_POINT( '', ( 11.5000000000000, 14.7180150003713, 0.00000000000000 ) );
#7267 = AXIS2_PLACEMENT_3D( '', #8560, #8561, #8562 );
#7268 = CARTESIAN_POINT( '', ( 11.5000000000000, 13.2829849996287, 0.00000000000000 ) );
#7269 = CARTESIAN_POINT( '', ( 11.5000000000000, 13.2829849996287, 0.00000000000000 ) );
#7270 = VECTOR( '', #8563, 1000.00000000000 );
#7271 = AXIS2_PLACEMENT_3D( '', #8564, #8565, #8566 );
#7272 = CARTESIAN_POINT( '', ( 9.04086788742955, 10.8448678874295, 0.00000000000000 ) );
#7273 = AXIS2_PLACEMENT_3D( '', #8567, #8568, #8569 );
#7274 = CARTESIAN_POINT( '', ( 8.59289320407240, 10.3968932040724, 0.00000000000000 ) );
#7275 = VECTOR( '', #8570, 1000.00000000000 );
#7276 = CARTESIAN_POINT( '', ( 8.30000000000000, 8.61521356904930, 0.00000000000000 ) );
#7277 = CARTESIAN_POINT( '', ( 8.30000000000000, 8.61521356904930, 0.00000000000000 ) );
#7278 = VECTOR( '', #8571, 1000.00000000000 );
#7279 = CARTESIAN_POINT( '', ( 8.59277164287937, 7.90822843567485, 0.00000000000000 ) );
#7280 = AXIS2_PLACEMENT_3D( '', #8572, #8573, #8574 );
#7281 = CARTESIAN_POINT( '', ( 11.5000000000000, 5.00000000000000, 0.00000000000000 ) );
#7282 = CARTESIAN_POINT( '', ( 11.5000000000000, 5.00000000000000, 0.00000000000000 ) );
#7283 = VECTOR( '', #8575, 1000.00000000000 );
#7284 = CARTESIAN_POINT( '', ( 11.5000000000000, 1.20000000000000, 0.00000000000000 ) );
#7285 = VECTOR( '', #8576, 1000.00000000000 );
#7286 = CARTESIAN_POINT( '', ( -2.50000000000000, 0.500000000000000, 0.00000000000000 ) );
#7287 = CARTESIAN_POINT( '', ( -2.50000000000000, 0.500000000000000, 0.00000000000000 ) );
#7288 = VECTOR( '', #8577, 1000.00000000000 );
#7289 = CARTESIAN_POINT( '', ( -3.00000000000000, 0.00000000000000, 0.00000000000000 ) );
#7290 = CARTESIAN_POINT( '', ( -3.00000000000000, 0.00000000000000, 0.00000000000000 ) );
#7291 = VECTOR( '', #8578, 1000.00000000000 );
#7292 = CARTESIAN_POINT( '', ( -10.3000000000000, 0.00000000000000, 0.00000000000000 ) );
#7293 = VECTOR( '', #8579, 1000.00000000000 );
#7294 = CARTESIAN_POINT( '', ( -11.5000000000000, 5.00000000000000, 0.00000000000000 ) );
#7295 = VECTOR( '', #8580, 1000.00000000000 );
#7296 = CARTESIAN_POINT( '', ( -8.30000000000001, 9.68978643095070, 0.00000000000000 ) );
#7297 = CARTESIAN_POINT( '', ( -8.30000000000001, 9.68978643095070, 0.00000000000000 ) );
#7298 = VECTOR( '', #8581, 1000.00000000000 );
#7299 = AXIS2_PLACEMENT_3D( '', #8582, #8583, #8584 );
#7300 = CARTESIAN_POINT( '', ( -11.2020000000277, 12.9830000000002, 0.00000000000000 ) );
#7301 = AXIS2_PLACEMENT_3D( '', #8585, #8586, #8587 );
#7302 = AXIS2_PLACEMENT_3D( '', #8588, #8589, #8590 );
#7303 = COLOUR_RGB( '', 0.689999997600000, 0.689999997600000, 0.689999997600000 );
#7304 = CARTESIAN_POINT( '', ( 21.5000000000000, 12.0000000000000, 83.6000000000000 ) );
#7305 = AXIS2_PLACEMENT_3D( '', #8591, #8592, #8593 );
#7306 = COLOUR_RGB( '', 0.689999997600000, 0.689999997600000, 0.689999997600000 );
#7307 = CARTESIAN_POINT( '', ( 0.00000000000000, 18.0000000000000, 74.5000000000000 ) );
#7308 = AXIS2_PLACEMENT_3D( '', #8594, #8595, #8596 );
#7309 = CARTESIAN_POINT( '', ( 0.00000000000000, 18.0000000000000, 14.5000000000000 ) );
#7310 = AXIS2_PLACEMENT_3D( '', #8597, #8598, #8599 );
#7311 = CARTESIAN_POINT( '', ( -7.98889377237250, 18.0000000000000, 100.000000000000 ) );
#7312 = CARTESIAN_POINT( '', ( -7.98889377237250, 18.0000000000000, 100.000000000000 ) );
#7313 = VECTOR( '', #8600, 1000.00000000000 );
#7314 = CARTESIAN_POINT( '', ( 7.98989298424730, 18.0000000000000, 100.000000000000 ) );
#7315 = VECTOR( '', #8601, 1000.00000000000 );
#7316 = COLOUR_RGB( '', 0.689999997600000, 0.689999997600000, 0.689999997600000 );
#7317 = CARTESIAN_POINT( '', ( 18.9393398282202, 12.7071067811865, 0.00000000000000 ) );
#7318 = CARTESIAN_POINT( '', ( 19.6464466094067, 12.0000000000000, 0.00000000000000 ) );
#7319 = CARTESIAN_POINT( '', ( 18.9393398282202, 12.7071067811865, 0.00000000000000 ) );
#7320 = VECTOR( '', #8602, 1000.00000000000 );
#7321 = CARTESIAN_POINT( '', ( 19.6464466094067, 12.0000000000000, -1.00000000000000 ) );
#7322 = VECTOR( '', #8603, 1000.00000000000 );
#7323 = CARTESIAN_POINT( '', ( 18.9393398282202, 12.7071067811865, -1.00000000000000 ) );
#7324 = VECTOR( '', #8604, 1000.00000000000 );
#7325 = COLOUR_RGB( '', 0.689999997600000, 0.689999997600000, 0.689999997600000 );
#7326 = CARTESIAN_POINT( '', ( -11.5000000000000, 5.00000000000000, 100.000000000000 ) );
#7327 = VECTOR( '', #8605, 1000.00000000000 );
#7328 = COLOUR_RGB( '', 0.689999997600000, 0.689999997600000, 0.689999997600000 );
#7329 = CARTESIAN_POINT( '', ( 22.0000000000000, 23.4343145750508, 0.00000000000000 ) );
#7330 = CARTESIAN_POINT( '', ( 22.0000000000000, 12.0000000000000, 0.00000000000000 ) );
#7331 = CARTESIAN_POINT( '', ( 22.0000000000000, 23.4343145750508, 0.00000000000000 ) );
#7332 = VECTOR( '', #8606, 1000.00000000000 );
#7333 = CARTESIAN_POINT( '', ( 22.0000000000000, 23.4343145750508, 2.00000000000000 ) );
#7334 = CARTESIAN_POINT( '', ( 22.0000000000000, 23.4343145750508, 2.00000000000000 ) );
#7335 = VECTOR( '', #8607, 1000.00000000000 );
#7336 = CARTESIAN_POINT( '', ( 22.0000000000000, 23.4343145750508, 2.00000000000000 ) );
#7337 = VECTOR( '', #8608, 1000.00000000000 );
#7338 = CARTESIAN_POINT( '', ( 22.0000000000000, 23.4343145750508, 0.00000000000000 ) );
#7339 = VECTOR( '', #8609, 1000.00000000000 );
#7340 = COLOUR_RGB( '', 0.689999997600000, 0.689999997600000, 0.689999997600000 );
#7341 = CARTESIAN_POINT( '', ( -20.7071067811866, 13.0606601717798, 0.00000000000000 ) );
#7342 = CARTESIAN_POINT( '', ( -21.0606601717798, 12.7071067811865, 0.00000000000000 ) );
#7343 = CARTESIAN_POINT( '', ( -20.7071067811866, 13.0606601717798, 0.00000000000000 ) );
#7344 = VECTOR( '', #8610, 1000.00000000000 );
#7345 = CARTESIAN_POINT( '', ( -21.0606601717798, 12.7071067811865, -1.00000000000000 ) );
#7346 = CARTESIAN_POINT( '', ( -21.0606601717798, 12.7071067811865, -1.00000000000000 ) );
#7347 = VECTOR( '', #8611, 1000.00000000000 );
#7348 = CARTESIAN_POINT( '', ( -20.7071067811866, 13.0606601717798, -1.00000000000000 ) );
#7349 = CARTESIAN_POINT( '', ( -20.7071067811866, 13.0606601717798, -1.00000000000000 ) );
#7350 = VECTOR( '', #8612, 1000.00000000000 );
#7351 = CARTESIAN_POINT( '', ( -20.7071067811866, 13.0606601717798, -1.00000000000000 ) );
#7352 = VECTOR( '', #8613, 1000.00000000000 );
#7353 = COLOUR_RGB( '', 0.689999997600000, 0.689999997600000, 0.689999997600000 );
#7354 = CARTESIAN_POINT( '', ( -20.3535533905933, 12.0000000000000, 0.00000000000000 ) );
#7355 = CARTESIAN_POINT( '', ( -21.0606601717798, 12.7071067811865, 0.00000000000000 ) );
#7356 = VECTOR( '', #8614, 1000.00000000000 );
#7357 = CARTESIAN_POINT( '', ( -20.3535533905933, 12.0000000000000, -1.00000000000000 ) );
#7358 = CARTESIAN_POINT( '', ( -20.3535533905933, 12.0000000000000, -1.00000000000000 ) );
#7359 = VECTOR( '', #8615, 1000.00000000000 );
#7360 = CARTESIAN_POINT( '', ( -21.0606601717798, 12.7071067811865, -1.00000000000000 ) );
#7361 = VECTOR( '', #8616, 1000.00000000000 );
#7362 = COLOUR_RGB( '', 0.689999997600000, 0.689999997600000, 0.689999997600000 );
#7363 = CARTESIAN_POINT( '', ( -20.7071067811866, 13.0606601717798, 82.6000000000000 ) );
#7364 = CARTESIAN_POINT( '', ( -20.7071067811866, 13.0606601717798, 82.6000000000000 ) );
#7365 = VECTOR( '', #8617, 1000.00000000000 );
#7366 = CARTESIAN_POINT( '', ( -20.7071067811866, 13.0606601717798, 83.6000000000000 ) );
#7367 = CARTESIAN_POINT( '', ( -20.7071067811866, 13.0606601717798, 83.6000000000000 ) );
#7368 = VECTOR( '', #8618, 1000.00000000000 );
#7369 = CARTESIAN_POINT( '', ( -20.7071067811866, 13.0606601717798, 83.6000000000000 ) );
#7370 = VECTOR( '', #8619, 1000.00000000000 );
#7371 = COLOUR_RGB( '', 0.689999997600000, 0.689999997600000, 0.689999997600000 );
#7372 = CARTESIAN_POINT( '', ( 8.30000000000001, 1.68978643095070, 0.00000000000000 ) );
#7373 = CARTESIAN_POINT( '', ( 8.30000000000001, 0.615213569049303, 0.00000000000000 ) );
#7374 = VECTOR( '', #8620, 1000.00000000000 );
#7375 = CARTESIAN_POINT( '', ( 8.30000000000001, 1.68978643095070, 82.6000000000000 ) );
#7376 = VECTOR( '', #8621, 1000.00000000000 );
#7377 = COLOUR_RGB( '', 0.689999997600000, 0.689999997600000, 0.689999997600000 );
#7378 = CARTESIAN_POINT( '', ( 0.00000000000000, 25.0000000000000, 78.4500000000000 ) );
#7379 = AXIS2_PLACEMENT_3D( '', #8622, #8623, #8624 );
#7380 = COLOUR_RGB( '', 0.689999997600000, 0.689999997600000, 0.689999997600000 );
#7381 = CARTESIAN_POINT( '', ( -21.7000000000000, 0.00000000000000, 70.8000000000000 ) );
#7382 = CARTESIAN_POINT( '', ( -21.7000000000000, 0.00000000000000, 70.8000000000000 ) );
#7383 = VECTOR( '', #8625, 1000.00000000000 );
#7384 = CARTESIAN_POINT( '', ( -21.7000000000000, 0.00000000000000, 70.8000000000000 ) );
#7385 = VECTOR( '', #8626, 1000.00000000000 );
#7386 = COLOUR_RGB( '', 0.689999997600000, 0.689999997600000, 0.689999997600000 );
#7387 = AXIS2_PLACEMENT_3D( '', #8627, #8628, #8629 );
#7388 = COLOUR_RGB( '', 0.689999997600000, 0.689999997600000, 0.689999997600000 );
#7389 = AXIS2_PLACEMENT_3D( '', #8630, #8631, #8632 );
#7390 = COLOUR_RGB( '', 0.689999997600000, 0.689999997600000, 0.689999997600000 );
#7391 = AXIS2_PLACEMENT_3D( '', #8633, #8634, #8635 );
#7392 = COLOUR_RGB( '', 0.689999997600000, 0.689999997600000, 0.689999997600000 );
#7393 = CARTESIAN_POINT( '', ( -22.5000000000000, 0.800000000000000, 11.8000000000000 ) );
#7394 = CARTESIAN_POINT( '', ( -21.7000000000000, 0.00000000000000, 11.8000000000000 ) );
#7395 = CARTESIAN_POINT( '', ( -10.8500000000000, -10.8500000000000, 11.8000000000000 ) );
#7396 = VECTOR( '', #8636, 1000.00000000000 );
#7397 = CARTESIAN_POINT( '', ( -22.5000000000000, 0.800000000000000, 2.00000000000000 ) );
#7398 = CARTESIAN_POINT( '', ( -22.5000000000000, 0.800000000000000, 11.8000000000000 ) );
#7399 = VECTOR( '', #8637, 1000.00000000000 );
#7400 = CARTESIAN_POINT( '', ( -21.7000000000000, 0.00000000000000, 2.00000000000000 ) );
#7401 = CARTESIAN_POINT( '', ( -21.7000000000000, 0.00000000000000, 2.00000000000000 ) );
#7402 = VECTOR( '', #8638, 1000.00000000000 );
#7403 = CARTESIAN_POINT( '', ( -21.7000000000000, 0.00000000000000, 2.00000000000000 ) );
#7404 = VECTOR( '', #8639, 1000.00000000000 );
#7405 = COLOUR_RGB( '', 0.689999997600000, 0.689999997600000, 0.689999997600000 );
#7406 = CARTESIAN_POINT( '', ( 11.2030000000524, 4.98300000000049, 0.00000000000000 ) );
#7407 = CARTESIAN_POINT( '', ( 11.5000000000000, 5.28298499962870, 0.00000000000000 ) );
#7408 = AXIS2_PLACEMENT_3D( '', #8640, #8641, #8642 );
#7409 = CARTESIAN_POINT( '', ( 11.2030000000524, 4.98300000000049, 82.6000000000000 ) );
#7410 = VECTOR( '', #8643, 1000.00000000000 );
#7411 = CARTESIAN_POINT( '', ( 11.5000000000000, 5.28298499962870, 82.6000000000000 ) );
#7412 = VECTOR( '', #8644, 1000.00000000000 );
#7413 = COLOUR_RGB( '', 0.689999997600000, 0.689999997600000, 0.689999997600000 );
#7414 = CARTESIAN_POINT( '', ( -4.37500000000000, 24.0000000000000, 0.00000000000000 ) );
#7415 = CARTESIAN_POINT( '', ( -20.8686291501015, 24.0000000000000, 0.00000000000000 ) );
#7416 = VECTOR( '', #8645, 1000.00000000000 );
#7417 = CARTESIAN_POINT( '', ( -4.37500000000000, 24.0000000000000, 2.00000000000000 ) );
#7418 = CARTESIAN_POINT( '', ( -20.8686291501015, 24.0000000000000, 2.00000000000000 ) );
#7419 = VECTOR( '', #8646, 1000.00000000000 );
#7420 = CARTESIAN_POINT( '', ( -4.37500000000000, 24.0000000000000, 2.00000000000000 ) );
#7421 = VECTOR( '', #8647, 1000.00000000000 );
#7422 = COLOUR_RGB( '', 0.689999997600000, 0.689999997600000, 0.689999997600000 );
#7423 = CARTESIAN_POINT( '', ( 9.04086788742955, 10.8448678874295, 100.000000000000 ) );
#7424 = AXIS2_PLACEMENT_3D( '', #8648, #8649, #8650 );
#7425 = CARTESIAN_POINT( '', ( 9.04086788742955, 10.8448678874295, 100.000000000000 ) );
#7426 = VECTOR( '', #8651, 1000.00000000000 );
#7427 = COLOUR_RGB( '', 0.689999997600000, 0.689999997600000, 0.689999997600000 );
#7428 = CARTESIAN_POINT( '', ( -3.00000000000000, 0.00000000000000, 78.1972243622680 ) );
#7429 = AXIS2_PLACEMENT_3D( '', #8652, #8653, #8654 );
#7430 = CARTESIAN_POINT( '', ( -3.00000000000000, 0.00000000000000, 21.8027756377320 ) );
#7431 = CARTESIAN_POINT( '', ( -3.00000000000000, 0.00000000000000, 100.000000000000 ) );
#7432 = VECTOR( '', #8655, 1000.00000000000 );
#7433 = AXIS2_PLACEMENT_3D( '', #8656, #8657, #8658 );
#7434 = COLOUR_RGB( '', 0.689999997600000, 0.689999997600000, 0.689999997600000 );
#7435 = CARTESIAN_POINT( '', ( -8.51163954834029, -2.16840434497101E-16, 0.00000000000000 ) );
#7436 = CARTESIAN_POINT( '', ( -24.0000000000000, 0.00000000000000, 0.00000000000000 ) );
#7437 = VECTOR( '', #8659, 1000.00000000000 );
#7438 = CARTESIAN_POINT( '', ( -8.51163954834029, 2.16840434497101E-16, 82.6000000000000 ) );
#7439 = VECTOR( '', #8660, 1000.00000000000 );
#7440 = CARTESIAN_POINT( '', ( -23.2000000000000, 0.00000000000000, 70.8000000000000 ) );
#7441 = CARTESIAN_POINT( '', ( -24.0000000000000, 0.00000000000000, 70.8000000000000 ) );
#7442 = VECTOR( '', #8661, 1000.00000000000 );
#7443 = CARTESIAN_POINT( '', ( -23.2000000000000, 0.00000000000000, 11.8000000000000 ) );
#7444 = CARTESIAN_POINT( '', ( -23.2000000000000, 0.00000000000000, 82.6000000000000 ) );
#7445 = VECTOR( '', #8662, 1000.00000000000 );
#7446 = CARTESIAN_POINT( '', ( -24.0000000000000, 0.00000000000000, 11.8000000000000 ) );
#7447 = VECTOR( '', #8663, 1000.00000000000 );
#7448 = CARTESIAN_POINT( '', ( -24.0000000000000, 0.00000000000000, 2.00000000000000 ) );
#7449 = VECTOR( '', #8664, 1000.00000000000 );
#7450 = COLOUR_RGB( '', 0.689999997600000, 0.689999997600000, 0.689999997600000 );
#7451 = CARTESIAN_POINT( '', ( 21.7000000000000, 0.00000000000000, 70.8000000000000 ) );
#7452 = CARTESIAN_POINT( '', ( 21.7000000000000, 0.00000000000000, 82.6000000000000 ) );
#7453 = VECTOR( '', #8665, 1000.00000000000 );
#7454 = CARTESIAN_POINT( '', ( 22.5000000000000, 0.800000000000002, 70.8000000000000 ) );
#7455 = VECTOR( '', #8666, 1000.00000000000 );
#7456 = COLOUR_RGB( '', 0.689999997600000, 0.689999997600000, 0.689999997600000 );
#7457 = CARTESIAN_POINT( '', ( -20.7071067811865, 10.9393398282202, 0.00000000000000 ) );
#7458 = CARTESIAN_POINT( '', ( -20.0000000000000, 11.6464466094067, 0.00000000000000 ) );
#7459 = CARTESIAN_POINT( '', ( -20.7071067811865, 10.9393398282202, 0.00000000000000 ) );
#7460 = VECTOR( '', #8667, 1000.00000000000 );
#7461 = CARTESIAN_POINT( '', ( -20.0000000000000, 11.6464466094067, -1.00000000000000 ) );
#7462 = CARTESIAN_POINT( '', ( -20.0000000000000, 11.6464466094067, -1.00000000000000 ) );
#7463 = VECTOR( '', #8668, 1000.00000000000 );
#7464 = CARTESIAN_POINT( '', ( -20.7071067811865, 10.9393398282202, -1.00000000000000 ) );
#7465 = CARTESIAN_POINT( '', ( -20.7071067811865, 10.9393398282202, -1.00000000000000 ) );
#7466 = VECTOR( '', #8669, 1000.00000000000 );
#7467 = CARTESIAN_POINT( '', ( -20.7071067811865, 10.9393398282202, -1.00000000000000 ) );
#7468 = VECTOR( '', #8670, 1000.00000000000 );
#7469 = COLOUR_RGB( '', 0.689999997600000, 0.689999997600000, 0.689999997600000 );
#7470 = CARTESIAN_POINT( '', ( -9.04000000000000, 2.84499999999999, 0.00000000000000 ) );
#7471 = CARTESIAN_POINT( '', ( -8.59210414383464, 2.39610213968215, 0.00000000000000 ) );
#7472 = CARTESIAN_POINT( '', ( -9.04000000000000, 2.84499999999999, 0.00000000000000 ) );
#7473 = VECTOR( '', #8671, 1000.00000000000 );
#7474 = CARTESIAN_POINT( '', ( -9.04000000000000, 2.84499999999999, 82.6000000000000 ) );
#7475 = VECTOR( '', #8672, 1000.00000000000 );
#7476 = CARTESIAN_POINT( '', ( -8.59210414383464, 2.39610213968215, 82.6000000000000 ) );
#7477 = VECTOR( '', #8673, 1000.00000000000 );
#7478 = COLOUR_RGB( '', 0.689999997600000, 0.689999997600000, 0.689999997600000 );
#7479 = CARTESIAN_POINT( '', ( -24.0000000000000, 0.800000000000009, 11.8000000000000 ) );
#7480 = CARTESIAN_POINT( '', ( -23.2000000000000, 0.00000000000000, 11.8000000000000 ) );
#7481 = VECTOR( '', #8674, 1000.00000000000 );
#7482 = CARTESIAN_POINT( '', ( -24.0000000000000, 0.799999999999999, 70.8000000000000 ) );
#7483 = CARTESIAN_POINT( '', ( -11.6000000000000, -11.6000000000000, 70.8000000000000 ) );
#7484 = VECTOR( '', #8675, 1000.00000000000 );
#7485 = CARTESIAN_POINT( '', ( -24.0000000000000, 0.799999999999999, 82.6000000000000 ) );
#7486 = VECTOR( '', #8676, 1000.00000000000 );
#7487 = COLOUR_RGB( '', 0.689999997600000, 0.689999997600000, 0.689999997600000 );
#7488 = CARTESIAN_POINT( '', ( 9.12799999999934, 3.03599999999110, 0.00000000000000 ) );
#7489 = AXIS2_PLACEMENT_3D( '', #8677, #8678, #8679 );
#7490 = CARTESIAN_POINT( '', ( 9.12799999999934, 3.03599999999110, 82.6000000000000 ) );
#7491 = VECTOR( '', #8680, 1000.00000000000 );
#7492 = COLOUR_RGB( '', 0.689999997600000, 0.689999997600000, 0.689999997600000 );
#7493 = CARTESIAN_POINT( '', ( -19.2928932188135, 10.9393398282202, 0.00000000000000 ) );
#7494 = CARTESIAN_POINT( '', ( -20.0000000000000, 11.6464466094067, 0.00000000000000 ) );
#7495 = VECTOR( '', #8681, 1000.00000000000 );
#7496 = CARTESIAN_POINT( '', ( -19.2928932188135, 10.9393398282202, -1.00000000000000 ) );
#7497 = CARTESIAN_POINT( '', ( -19.2928932188135, 10.9393398282202, -1.00000000000000 ) );
#7498 = VECTOR( '', #8682, 1000.00000000000 );
#7499 = CARTESIAN_POINT( '', ( -20.0000000000000, 11.6464466094067, -1.00000000000000 ) );
#7500 = VECTOR( '', #8683, 1000.00000000000 );
#7501 = COLOUR_RGB( '', 0.689999997600000, 0.689999997600000, 0.689999997600000 );
#7502 = CARTESIAN_POINT( '', ( -3.00000000000000, 0.00000000000000, 81.8027756377320 ) );
#7503 = AXIS2_PLACEMENT_3D( '', #8684, #8685, #8686 );
#7504 = CARTESIAN_POINT( '', ( -3.00000000000000, 0.00000000000000, 100.000000000000 ) );
#7505 = CARTESIAN_POINT( '', ( -3.00000000000000, 0.00000000000000, 100.000000000000 ) );
#7506 = VECTOR( '', #8687, 1000.00000000000 );
#7507 = CARTESIAN_POINT( '', ( -10.3000000000000, 0.00000000000000, 100.000000000000 ) );
#7508 = VECTOR( '', #8688, 1000.00000000000 );
#7509 = CARTESIAN_POINT( '', ( -3.00000000000000, 0.00000000000000, 18.1972243622680 ) );
#7510 = CARTESIAN_POINT( '', ( -3.00000000000000, 0.00000000000000, 100.000000000000 ) );
#7511 = VECTOR( '', #8689, 1000.00000000000 );
#7512 = AXIS2_PLACEMENT_3D( '', #8690, #8691, #8692 );
#7513 = COLOUR_RGB( '', 0.689999997600000, 0.689999997600000, 0.689999997600000 );
#7514 = CARTESIAN_POINT( '', ( -9.04094306946291, 17.1550569305371, 100.000000000000 ) );
#7515 = CARTESIAN_POINT( '', ( -9.04094306946291, 17.1550569305371, 100.000000000000 ) );
#7516 = VECTOR( '', #8693, 1000.00000000000 );
#7517 = CARTESIAN_POINT( '', ( -8.34244688054410, 17.8535531194559, 100.000000000000 ) );
#7518 = CARTESIAN_POINT( '', ( -8.34244688054410, 17.8535531194559, 100.000000000000 ) );
#7519 = VECTOR( '', #8694, 1000.00000000000 );
#7520 = CARTESIAN_POINT( '', ( -8.34244688054410, 17.8535531194559, 100.000000000000 ) );
#7521 = VECTOR( '', #8695, 1000.00000000000 );
#7522 = COLOUR_RGB( '', 0.689999997600000, 0.689999997600000, 0.689999997600000 );
#7523 = CARTESIAN_POINT( '', ( -20.0000000000000, 12.3535533905933, 83.6000000000000 ) );
#7524 = CARTESIAN_POINT( '', ( -20.0000000000000, 12.3535533905933, 83.6000000000000 ) );
#7525 = VECTOR( '', #8696, 1000.00000000000 );
#7526 = CARTESIAN_POINT( '', ( -19.2928932188135, 13.0606601717798, 83.6000000000000 ) );
#7527 = VECTOR( '', #8697, 1000.00000000000 );
#7528 = CARTESIAN_POINT( '', ( -19.6464466094067, 12.0000000000000, 83.6000000000000 ) );
#7529 = VECTOR( '', #8698, 1000.00000000000 );
#7530 = CARTESIAN_POINT( '', ( -19.2928932188135, 10.9393398282202, 83.6000000000000 ) );
#7531 = CARTESIAN_POINT( '', ( -19.2928932188135, 10.9393398282202, 83.6000000000000 ) );
#7532 = VECTOR( '', #8699, 1000.00000000000 );
#7533 = CARTESIAN_POINT( '', ( -20.0000000000000, 11.6464466094067, 83.6000000000000 ) );
#7534 = VECTOR( '', #8700, 1000.00000000000 );
#7535 = CARTESIAN_POINT( '', ( -21.0606601717798, 11.2928932188135, 83.6000000000000 ) );
#7536 = CARTESIAN_POINT( '', ( -21.0606601717798, 11.2928932188135, 83.6000000000000 ) );
#7537 = VECTOR( '', #8701, 1000.00000000000 );
#7538 = CARTESIAN_POINT( '', ( -20.3535533905933, 12.0000000000000, 83.6000000000000 ) );
#7539 = VECTOR( '', #8702, 1000.00000000000 );
#7540 = CARTESIAN_POINT( '', ( -18.0000000000000, 12.0000000000000, 83.6000000000000 ) );
#7541 = AXIS2_PLACEMENT_3D( '', #8703, #8704, #8705 );
#7542 = COLOUR_RGB( '', 0.689999997600000, 0.689999997600000, 0.689999997600000 );
#7543 = AXIS2_PLACEMENT_3D( '', #8706, #8707, #8708 );
#7544 = CARTESIAN_POINT( '', ( 2.50000000000000, 0.500000000000000, 82.4494897427832 ) );
#7545 = AXIS2_PLACEMENT_3D( '', #8709, #8710, #8711 );
#7546 = CARTESIAN_POINT( '', ( -2.50000000000000, 0.500000000000000, 82.4494897427832 ) );
#7547 = AXIS2_PLACEMENT_3D( '', #8712, #8713, #8714 );
#7548 = AXIS2_PLACEMENT_3D( '', #8715, #8716, #8717 );
#7549 = CARTESIAN_POINT( '', ( 0.00000000000000, 9.00000000000000, 76.5000000000000 ) );
#7550 = AXIS2_PLACEMENT_3D( '', #8718, #8719, #8720 );
#7551 = COLOUR_RGB( '', 0.689999997600000, 0.689999997600000, 0.689999997600000 );
#7552 = CARTESIAN_POINT( '', ( -11.5000000000000, 6.71800666674029, 0.00000000000000 ) );
#7553 = AXIS2_PLACEMENT_3D( '', #8721, #8722, #8723 );
#7554 = CARTESIAN_POINT( '', ( -11.5000000000000, 6.71800666674029, 82.6000000000000 ) );
#7555 = VECTOR( '', #8724, 1000.00000000000 );
#7556 = COLOUR_RGB( '', 0.689999997600000, 0.689999997600000, 0.689999997600000 );
#7557 = CARTESIAN_POINT( '', ( 20.2071067811866, 13.0606601717798, 82.6000000000000 ) );
#7558 = CARTESIAN_POINT( '', ( 19.5000000000000, 12.3535533905933, 82.6000000000000 ) );
#7559 = CARTESIAN_POINT( '', ( 20.2071067811866, 13.0606601717798, 82.6000000000000 ) );
#7560 = VECTOR( '', #8725, 1000.00000000000 );
#7561 = CARTESIAN_POINT( '', ( 20.2071067811866, 13.0606601717798, 83.6000000000000 ) );
#7562 = CARTESIAN_POINT( '', ( 20.2071067811866, 13.0606601717798, 83.6000000000000 ) );
#7563 = VECTOR( '', #8726, 1000.00000000000 );
#7564 = CARTESIAN_POINT( '', ( 19.5000000000000, 12.3535533905933, 83.6000000000000 ) );
#7565 = CARTESIAN_POINT( '', ( 20.2071067811866, 13.0606601717798, 83.6000000000000 ) );
#7566 = VECTOR( '', #8727, 1000.00000000000 );
#7567 = CARTESIAN_POINT( '', ( 19.5000000000000, 12.3535533905933, 83.6000000000000 ) );
#7568 = VECTOR( '', #8728, 1000.00000000000 );
#7569 = COLOUR_RGB( '', 0.689999997600000, 0.689999997600000, 0.689999997600000 );
#7570 = CARTESIAN_POINT( '', ( -19.6464466094067, 12.0000000000000, 82.6000000000000 ) );
#7571 = VECTOR( '', #8729, 1000.00000000000 );
#7572 = COLOUR_RGB( '', 0.689999997600000, 0.689999997600000, 0.689999997600000 );
#7573 = CARTESIAN_POINT( '', ( -11.2019999999958, 15.0180000000001, 100.000000000000 ) );
#7574 = AXIS2_PLACEMENT_3D( '', #8730, #8731, #8732 );
#7575 = CARTESIAN_POINT( '', ( -11.2020000000277, 12.9830000000002, 100.000000000000 ) );
#7576 = AXIS2_PLACEMENT_3D( '', #8733, #8734, #8735 );
#7577 = AXIS2_PLACEMENT_3D( '', #8736, #8737, #8738 );
#7578 = CARTESIAN_POINT( '', ( -8.30000000000001, 9.68978643095070, 100.000000000000 ) );
#7579 = AXIS2_PLACEMENT_3D( '', #8739, #8740, #8741 );
#7580 = CARTESIAN_POINT( '', ( -8.30000000000001, 9.68978643095070, 100.000000000000 ) );
#7581 = VECTOR( '', #8742, 1000.00000000000 );
#7582 = CARTESIAN_POINT( '', ( -2.50000000000000, 0.500000000000000, 100.000000000000 ) );
#7583 = CARTESIAN_POINT( '', ( -3.00000000000000, 0.00000000000000, 100.000000000000 ) );
#7584 = VECTOR( '', #8743, 1000.00000000000 );
#7585 = CARTESIAN_POINT( '', ( 2.50000000000000, 0.500000000000000, 100.000000000000 ) );
#7586 = CARTESIAN_POINT( '', ( -2.50000000000000, 0.500000000000000, 100.000000000000 ) );
#7587 = VECTOR( '', #8744, 1000.00000000000 );
#7588 = CARTESIAN_POINT( '', ( 2.50000000000000, 0.500000000000000, 100.000000000000 ) );
#7589 = VECTOR( '', #8745, 1000.00000000000 );
#7590 = CARTESIAN_POINT( '', ( 11.5000000000000, 5.00000000000000, 100.000000000000 ) );
#7591 = CARTESIAN_POINT( '', ( 11.5000000000000, 1.20000000000000, 100.000000000000 ) );
#7592 = VECTOR( '', #8746, 1000.00000000000 );
#7593 = CARTESIAN_POINT( '', ( 8.59277164287937, 7.90822843567485, 100.000000000000 ) );
#7594 = CARTESIAN_POINT( '', ( 11.5000000000000, 5.00000000000000, 100.000000000000 ) );
#7595 = VECTOR( '', #8747, 1000.00000000000 );
#7596 = CARTESIAN_POINT( '', ( 8.30000000000000, 8.61521356904930, 100.000000000000 ) );
#7597 = AXIS2_PLACEMENT_3D( '', #8748, #8749, #8750 );
#7598 = CARTESIAN_POINT( '', ( 8.30000000000000, 8.61521356904930, 100.000000000000 ) );
#7599 = VECTOR( '', #8751, 1000.00000000000 );
#7600 = CARTESIAN_POINT( '', ( 8.59289320407240, 10.3968932040724, 100.000000000000 ) );
#7601 = VECTOR( '', #8752, 1000.00000000000 );
#7602 = CARTESIAN_POINT( '', ( 11.5000000000000, 13.2829849996287, 100.000000000000 ) );
#7603 = AXIS2_PLACEMENT_3D( '', #8753, #8754, #8755 );
#7604 = CARTESIAN_POINT( '', ( 11.5000000000000, 14.7180150003713, 100.000000000000 ) );
#7605 = CARTESIAN_POINT( '', ( 11.5000000000000, 13.2829849996287, 100.000000000000 ) );
#7606 = VECTOR( '', #8756, 1000.00000000000 );
#7607 = AXIS2_PLACEMENT_3D( '', #8757, #8758, #8759 );
#7608 = CARTESIAN_POINT( '', ( 9.04086788742955, 17.1561321125705, 100.000000000000 ) );
#7609 = VECTOR( '', #8760, 1000.00000000000 );
#7610 = AXIS2_PLACEMENT_3D( '', #8761, #8762, #8763 );
#7611 = CARTESIAN_POINT( '', ( -9.12799999999923, 16.9650000000106, 100.000000000000 ) );
#7612 = AXIS2_PLACEMENT_3D( '', #8764, #8765, #8766 );
#7613 = AXIS2_PLACEMENT_3D( '', #8767, #8768, #8769 );
#7614 = COLOUR_RGB( '', 0.689999997600000, 0.689999997600000, 0.689999997600000 );
#7615 = CARTESIAN_POINT( '', ( -19.2928932188135, 10.9393398282202, 82.6000000000000 ) );
#7616 = CARTESIAN_POINT( '', ( -19.2928932188135, 10.9393398282202, 82.6000000000000 ) );
#7617 = VECTOR( '', #8770, 1000.00000000000 );
#7618 = CARTESIAN_POINT( '', ( -19.2928932188135, 10.9393398282202, 83.6000000000000 ) );
#7619 = VECTOR( '', #8771, 1000.00000000000 );
#7620 = COLOUR_RGB( '', 0.689999997600000, 0.689999997600000, 0.689999997600000 );
#7621 = CARTESIAN_POINT( '', ( 2.50000000000000, 0.500000000000000, 100.000000000000 ) );
#7622 = VECTOR( '', #8772, 1000.00000000000 );
#7623 = COLOUR_RGB( '', 0.689999997600000, 0.689999997600000, 0.689999997600000 );
#7624 = CARTESIAN_POINT( '', ( -11.2019999999958, 15.0180000000001, 100.000000000000 ) );
#7625 = VECTOR( '', #8773, 1000.00000000000 );
#7626 = COLOUR_RGB( '', 0.689999997600000, 0.689999997600000, 0.689999997600000 );
#7627 = CARTESIAN_POINT( '', ( 18.7928932188135, 13.0606601717798, 82.6000000000000 ) );
#7628 = CARTESIAN_POINT( '', ( 18.4393398282202, 12.7071067811865, 82.6000000000000 ) );
#7629 = CARTESIAN_POINT( '', ( 18.7928932188135, 13.0606601717798, 82.6000000000000 ) );
#7630 = VECTOR( '', #8774, 1000.00000000000 );
#7631 = CARTESIAN_POINT( '', ( 18.7928932188135, 13.0606601717798, 83.6000000000000 ) );
#7632 = CARTESIAN_POINT( '', ( 18.7928932188135, 13.0606601717798, 83.6000000000000 ) );
#7633 = VECTOR( '', #8775, 1000.00000000000 );
#7634 = CARTESIAN_POINT( '', ( 18.4393398282202, 12.7071067811865, 83.6000000000000 ) );
#7635 = CARTESIAN_POINT( '', ( 18.7928932188135, 13.0606601717798, 83.6000000000000 ) );
#7636 = VECTOR( '', #8776, 1000.00000000000 );
#7637 = CARTESIAN_POINT( '', ( 18.4393398282202, 12.7071067811865, 83.6000000000000 ) );
#7638 = VECTOR( '', #8777, 1000.00000000000 );
#7639 = COLOUR_RGB( '', 0.689999997600000, 0.689999997600000, 0.689999997600000 );
#7640 = CARTESIAN_POINT( '', ( 4.37500000000000, 24.5000000000000, 70.8000000000000 ) );
#7641 = CARTESIAN_POINT( '', ( 4.37500000000000, 24.5000000000000, 82.6000000000000 ) );
#7642 = VECTOR( '', #8778, 1000.00000000000 );
#7643 = CARTESIAN_POINT( '', ( 21.9343145750508, 24.5000000000000, 70.8000000000000 ) );
#7644 = CARTESIAN_POINT( '', ( 21.9343145750508, 24.5000000000000, 82.6000000000000 ) );
#7645 = VECTOR( '', #8779, 1000.00000000000 );
#7646 = CARTESIAN_POINT( '', ( 4.37500000000000, 24.5000000000000, 70.8000000000000 ) );
#7647 = VECTOR( '', #8780, 1000.00000000000 );
#7648 = COLOUR_RGB( '', 0.689999997600000, 0.689999997600000, 0.689999997600000 );
#7649 = CARTESIAN_POINT( '', ( -21.0606601717798, 11.2928932188135, 82.6000000000000 ) );
#7650 = CARTESIAN_POINT( '', ( -20.3535533905933, 12.0000000000000, 82.6000000000000 ) );
#7651 = VECTOR( '', #8781, 1000.00000000000 );
#7652 = CARTESIAN_POINT( '', ( -21.0606601717798, 11.2928932188135, 83.6000000000000 ) );
#7653 = VECTOR( '', #8782, 1000.00000000000 );
#7654 = COLOUR_RGB( '', 0.689999997600000, 0.689999997600000, 0.689999997600000 );
#7655 = CARTESIAN_POINT( '', ( -8.30000000000000, 0.615213569049303, 0.00000000000000 ) );
#7656 = AXIS2_PLACEMENT_3D( '', #8783, #8784, #8785 );
#7657 = CARTESIAN_POINT( '', ( -8.30000000000000, 0.615213569049303, 82.6000000000000 ) );
#7658 = VECTOR( '', #8786, 1000.00000000000 );
#7659 = COLOUR_RGB( '', 0.689999997600000, 0.689999997600000, 0.689999997600000 );
#7660 = CARTESIAN_POINT( '', ( -19.6464466094067, 12.0000000000000, 0.00000000000000 ) );
#7661 = CARTESIAN_POINT( '', ( -18.9393398282202, 12.7071067811865, 0.00000000000000 ) );
#7662 = CARTESIAN_POINT( '', ( -19.6464466094067, 12.0000000000000, 0.00000000000000 ) );
#7663 = VECTOR( '', #8787, 1000.00000000000 );
#7664 = CARTESIAN_POINT( '', ( -18.9393398282202, 12.7071067811865, -1.00000000000000 ) );
#7665 = CARTESIAN_POINT( '', ( -18.9393398282202, 12.7071067811865, -1.00000000000000 ) );
#7666 = VECTOR( '', #8788, 1000.00000000000 );
#7667 = CARTESIAN_POINT( '', ( -19.6464466094067, 12.0000000000000, -1.00000000000000 ) );
#7668 = CARTESIAN_POINT( '', ( -19.6464466094067, 12.0000000000000, -1.00000000000000 ) );
#7669 = VECTOR( '', #8789, 1000.00000000000 );
#7670 = CARTESIAN_POINT( '', ( -19.6464466094067, 12.0000000000000, -1.00000000000000 ) );
#7671 = VECTOR( '', #8790, 1000.00000000000 );
#7672 = COLOUR_RGB( '', 0.689999997600000, 0.689999997600000, 0.689999997600000 );
#7673 = CARTESIAN_POINT( '', ( -23.2000000000000, 26.0000000000000, 70.8000000000000 ) );
#7674 = CARTESIAN_POINT( '', ( -4.66367513459481, 26.0000000000000, 70.8000000000000 ) );
#7675 = VECTOR( '', #8791, 1000.00000000000 );
#7676 = CARTESIAN_POINT( '', ( -24.0000000000000, 25.2000000000000, 70.8000000000000 ) );
#7677 = CARTESIAN_POINT( '', ( -24.6000000000001, 24.5999999999999, 70.8000000000000 ) );
#7678 = VECTOR( '', #8792, 1000.00000000000 );
#7679 = CARTESIAN_POINT( '', ( -24.0000000000000, 26.0000000000000, 70.8000000000000 ) );
#7680 = VECTOR( '', #8793, 1000.00000000000 );
#7681 = CARTESIAN_POINT( '', ( -4.37499999999999, 24.5000000000000, 70.8000000000000 ) );
#7682 = VECTOR( '', #8794, 1000.00000000000 );
#7683 = COLOUR_RGB( '', 0.689999997600000, 0.689999997600000, 0.689999997600000 );
#7684 = CARTESIAN_POINT( '', ( 21.4343145750508, 24.0000000000000, 0.00000000000000 ) );
#7685 = VECTOR( '', #8795, 1000.00000000000 );
#7686 = CARTESIAN_POINT( '', ( 21.4343145750508, 24.0000000000000, 2.00000000000000 ) );
#7687 = VECTOR( '', #8796, 1000.00000000000 );
#7688 = COLOUR_RGB( '', 0.689999997600000, 0.689999997600000, 0.689999997600000 );
#7689 = CARTESIAN_POINT( '', ( 4.37500000000000, 24.5000000000000, 2.00000000000000 ) );
#7690 = CARTESIAN_POINT( '', ( 4.37500000000000, 24.5000000000000, 2.00000000000000 ) );
#7691 = VECTOR( '', #8797, 1000.00000000000 );
#7692 = CARTESIAN_POINT( '', ( 4.37500000000000, 24.5000000000000, 11.8000000000000 ) );
#7693 = VECTOR( '', #8798, 1000.00000000000 );
#7694 = COLOUR_RGB( '', 0.689999997600000, 0.689999997600000, 0.689999997600000 );
#7695 = CARTESIAN_POINT( '', ( -7.98889377237249, 10.0000000000000, 0.00000000000000 ) );
#7696 = CARTESIAN_POINT( '', ( 7.98989298424731, 10.0000000000000, 0.00000000000000 ) );
#7697 = VECTOR( '', #8799, 1000.00000000000 );
#7698 = CARTESIAN_POINT( '', ( -7.98889377237249, 10.0000000000000, 82.6000000000000 ) );
#7699 = VECTOR( '', #8800, 1000.00000000000 );
#7700 = COLOUR_RGB( '', 0.689999997600000, 0.689999997600000, 0.689999997600000 );
#7701 = CARTESIAN_POINT( '', ( -8.88178419700125E-16, 32.0777222831138, 2.00000000000000 ) );
#7702 = VECTOR( '', #8801, 1000.00000000000 );
#7703 = COLOUR_RGB( '', 0.689999997600000, 0.689999997600000, 0.689999997600000 );
#7704 = COLOUR_RGB( '', 0.689999997600000, 0.689999997600000, 0.689999997600000 );
#7705 = CARTESIAN_POINT( '', ( -20.0000000000000, 12.3535533905933, 0.00000000000000 ) );
#7706 = CARTESIAN_POINT( '', ( -20.0000000000000, 12.3535533905933, 0.00000000000000 ) );
#7707 = VECTOR( '', #8802, 1000.00000000000 );
#7708 = CARTESIAN_POINT( '', ( -19.2928932188135, 13.0606601717798, 0.00000000000000 ) );
#7709 = CARTESIAN_POINT( '', ( -19.2928932188135, 13.0606601717798, 0.00000000000000 ) );
#7710 = VECTOR( '', #8803, 1000.00000000000 );
#7711 = CARTESIAN_POINT( '', ( -18.9393398282202, 12.7071067811865, 0.00000000000000 ) );
#7712 = VECTOR( '', #8804, 1000.00000000000 );
#7713 = CARTESIAN_POINT( '', ( -18.9393398282202, 11.2928932188135, 0.00000000000000 ) );
#7714 = CARTESIAN_POINT( '', ( -18.9393398282202, 11.2928932188135, 0.00000000000000 ) );
#7715 = VECTOR( '', #8805, 1000.00000000000 );
#7716 = CARTESIAN_POINT( '', ( -19.2928932188135, 10.9393398282202, 0.00000000000000 ) );
#7717 = VECTOR( '', #8806, 1000.00000000000 );
#7718 = CARTESIAN_POINT( '', ( -21.0606601717798, 11.2928932188135, 0.00000000000000 ) );
#7719 = CARTESIAN_POINT( '', ( -21.0606601717798, 11.2928932188135, 0.00000000000000 ) );
#7720 = VECTOR( '', #8807, 1000.00000000000 );
#7721 = CARTESIAN_POINT( '', ( -20.3535533905933, 12.0000000000000, 0.00000000000000 ) );
#7722 = VECTOR( '', #8808, 1000.00000000000 );
#7723 = COLOUR_RGB( '', 0.689999997600000, 0.689999997600000, 0.689999997600000 );
#7724 = CARTESIAN_POINT( '', ( 19.5000000000000, 11.6464466094067, 82.6000000000000 ) );
#7725 = CARTESIAN_POINT( '', ( 20.2071067811865, 10.9393398282202, 82.6000000000000 ) );
#7726 = CARTESIAN_POINT( '', ( 19.5000000000000, 11.6464466094067, 82.6000000000000 ) );
#7727 = VECTOR( '', #8809, 1000.00000000000 );
#7728 = CARTESIAN_POINT( '', ( 19.5000000000000, 11.6464466094067, 83.6000000000000 ) );
#7729 = CARTESIAN_POINT( '', ( 19.5000000000000, 11.6464466094067, 83.6000000000000 ) );
#7730 = VECTOR( '', #8810, 1000.00000000000 );
#7731 = CARTESIAN_POINT( '', ( 20.2071067811865, 10.9393398282202, 83.6000000000000 ) );
#7732 = CARTESIAN_POINT( '', ( 19.5000000000000, 11.6464466094067, 83.6000000000000 ) );
#7733 = VECTOR( '', #8811, 1000.00000000000 );
#7734 = CARTESIAN_POINT( '', ( 20.2071067811865, 10.9393398282202, 83.6000000000000 ) );
#7735 = VECTOR( '', #8812, 1000.00000000000 );
#7736 = COLOUR_RGB( '', 0.689999997600000, 0.689999997600000, 0.689999997600000 );
#7737 = CARTESIAN_POINT( '', ( -11.2020000000277, 12.9830000000002, 100.000000000000 ) );
#7738 = VECTOR( '', #8813, 1000.00000000000 );
#7739 = COLOUR_RGB( '', 0.689999997600000, 0.689999997600000, 0.689999997600000 );
#7740 = CARTESIAN_POINT( '', ( -20.0000000000000, 12.3535533905933, -1.00000000000000 ) );
#7741 = CARTESIAN_POINT( '', ( -20.0000000000000, 12.3535533905933, -1.00000000000000 ) );
#7742 = VECTOR( '', #8814, 1000.00000000000 );
#7743 = CARTESIAN_POINT( '', ( -19.2928932188135, 13.0606601717798, -1.00000000000000 ) );
#7744 = CARTESIAN_POINT( '', ( -19.2928932188135, 13.0606601717798, -1.00000000000000 ) );
#7745 = VECTOR( '', #8815, 1000.00000000000 );
#7746 = CARTESIAN_POINT( '', ( -19.2928932188135, 13.0606601717798, -1.00000000000000 ) );
#7747 = VECTOR( '', #8816, 1000.00000000000 );
#7748 = COLOUR_RGB( '', 0.689999997600000, 0.689999997600000, 0.689999997600000 );
#7749 = CARTESIAN_POINT( '', ( -24.0000000000000, 25.2000000000000, 11.8000000000000 ) );
#7750 = CARTESIAN_POINT( '', ( -23.2000000000000, 26.0000000000000, 11.8000000000000 ) );
#7751 = CARTESIAN_POINT( '', ( -24.0000000000000, 25.2000000000000, 11.8000000000000 ) );
#7752 = VECTOR( '', #8817, 1000.00000000000 );
#7753 = CARTESIAN_POINT( '', ( -24.0000000000000, 25.2000000000000, 82.6000000000000 ) );
#7754 = VECTOR( '', #8818, 1000.00000000000 );
#7755 = CARTESIAN_POINT( '', ( -23.2000000000000, 26.0000000000000, 82.6000000000000 ) );
#7756 = VECTOR( '', #8819, 1000.00000000000 );
#7757 = COLOUR_RGB( '', 0.689999997600000, 0.689999997600000, 0.689999997600000 );
#7758 = CARTESIAN_POINT( '', ( 8.30000000000000, 8.61521356904930, 100.000000000000 ) );
#7759 = VECTOR( '', #8820, 1000.00000000000 );
#7760 = COLOUR_RGB( '', 0.689999997600000, 0.689999997600000, 0.689999997600000 );
#7761 = CARTESIAN_POINT( '', ( -8.30000000000000, 1.68978643095070, 0.00000000000000 ) );
#7762 = CARTESIAN_POINT( '', ( -8.30000000000000, 1.68978643095070, 0.00000000000000 ) );
#7763 = VECTOR( '', #8821, 1000.00000000000 );
#7764 = CARTESIAN_POINT( '', ( -8.30000000000000, 1.68978643095070, 82.6000000000000 ) );
#7765 = VECTOR( '', #8822, 1000.00000000000 );
#7766 = COLOUR_RGB( '', 0.689999997600000, 0.689999997600000, 0.689999997600000 );
#7767 = CARTESIAN_POINT( '', ( -20.0000000000000, 12.3535533905933, 82.6000000000000 ) );
#7768 = CARTESIAN_POINT( '', ( -20.0000000000000, 12.3535533905933, 82.6000000000000 ) );
#7769 = VECTOR( '', #8823, 1000.00000000000 );
#7770 = CARTESIAN_POINT( '', ( -20.0000000000000, 12.3535533905933, 83.6000000000000 ) );
#7771 = VECTOR( '', #8824, 1000.00000000000 );
#7772 = COLOUR_RGB( '', 0.689999997600000, 0.689999997600000, 0.689999997600000 );
#7773 = CARTESIAN_POINT( '', ( 20.5606601717798, 12.7071067811865, 82.6000000000000 ) );
#7774 = CARTESIAN_POINT( '', ( 20.5606601717798, 12.7071067811865, 82.6000000000000 ) );
#7775 = VECTOR( '', #8825, 1000.00000000000 );
#7776 = CARTESIAN_POINT( '', ( 20.5606601717798, 12.7071067811865, 83.6000000000000 ) );
#7777 = CARTESIAN_POINT( '', ( 20.5606601717798, 12.7071067811865, 83.6000000000000 ) );
#7778 = VECTOR( '', #8826, 1000.00000000000 );
#7779 = CARTESIAN_POINT( '', ( 20.5606601717798, 12.7071067811865, 83.6000000000000 ) );
#7780 = VECTOR( '', #8827, 1000.00000000000 );
#7781 = COLOUR_RGB( '', 0.689999997600000, 0.689999997600000, 0.689999997600000 );
#7782 = AXIS2_PLACEMENT_3D( '', #8828, #8829, #8830 );
#7783 = COLOUR_RGB( '', 0.689999997600000, 0.689999997600000, 0.689999997600000 );
#7784 = CARTESIAN_POINT( '', ( -18.9393398282202, 11.2928932188135, -1.00000000000000 ) );
#7785 = CARTESIAN_POINT( '', ( -18.9393398282202, 11.2928932188135, -1.00000000000000 ) );
#7786 = VECTOR( '', #8831, 1000.00000000000 );
#7787 = CARTESIAN_POINT( '', ( -18.9393398282202, 11.2928932188135, -1.00000000000000 ) );
#7788 = VECTOR( '', #8832, 1000.00000000000 );
#7789 = COLOUR_RGB( '', 0.689999997600000, 0.689999997600000, 0.689999997600000 );
#7790 = CARTESIAN_POINT( '', ( -4.37500000000000, 24.0000000000000, 0.00000000000000 ) );
#7791 = VECTOR( '', #8833, 1000.00000000000 );
#7792 = CARTESIAN_POINT( '', ( -4.37500000000000, 24.0000000000000, 2.00000000000000 ) );
#7793 = VECTOR( '', #8834, 1000.00000000000 );
#7794 = COLOUR_RGB( '', 0.689999997600000, 0.689999997600000, 0.689999997600000 );
#7795 = CARTESIAN_POINT( '', ( -8.30000000000001, 9.68978643095070, 100.000000000000 ) );
#7796 = VECTOR( '', #8835, 1000.00000000000 );
#7797 = COLOUR_RGB( '', 0.689999997600000, 0.689999997600000, 0.689999997600000 );
#7798 = CARTESIAN_POINT( '', ( -19.2928932188135, 10.9393398282202, -1.00000000000000 ) );
#7799 = VECTOR( '', #8836, 1000.00000000000 );
#7800 = COLOUR_RGB( '', 0.689999997600000, 0.689999997600000, 0.689999997600000 );
#7801 = CARTESIAN_POINT( '', ( 23.2000000000000, 0.00000000000000, 70.8000000000000 ) );
#7802 = CARTESIAN_POINT( '', ( 11.6000000000001, -11.6000000000000, 70.8000000000000 ) );
#7803 = VECTOR( '', #8837, 1000.00000000000 );
#7804 = CARTESIAN_POINT( '', ( 23.2000000000000, 0.00000000000000, 82.6000000000000 ) );
#7805 = VECTOR( '', #8838, 1000.00000000000 );
#7806 = COLOUR_RGB( '', 0.689999997600000, 0.689999997600000, 0.689999997600000 );
#7807 = CARTESIAN_POINT( '', ( -2.50000000000000, 0.500000000000000, 17.5505102572168 ) );
#7808 = AXIS2_PLACEMENT_3D( '', #8839, #8840, #8841 );
#7809 = CARTESIAN_POINT( '', ( -2.50000000000000, 0.500000000000000, 100.000000000000 ) );
#7810 = VECTOR( '', #8842, 1000.00000000000 );
#7811 = COLOUR_RGB( '', 0.689999997600000, 0.689999997600000, 0.689999997600000 );
#7812 = CARTESIAN_POINT( '', ( 19.5000000000000, 12.3535533905933, 83.6000000000000 ) );
#7813 = VECTOR( '', #8843, 1000.00000000000 );
#7814 = CARTESIAN_POINT( '', ( 19.8535533905933, 12.0000000000000, 83.6000000000000 ) );
#7815 = CARTESIAN_POINT( '', ( 19.8535533905933, 12.0000000000000, 83.6000000000000 ) );
#7816 = VECTOR( '', #8844, 1000.00000000000 );
#7817 = CARTESIAN_POINT( '', ( 20.5606601717798, 11.2928932188134, 83.6000000000000 ) );
#7818 = CARTESIAN_POINT( '', ( 20.5606601717798, 11.2928932188134, 83.6000000000000 ) );
#7819 = VECTOR( '', #8845, 1000.00000000000 );
#7820 = CARTESIAN_POINT( '', ( 20.2071067811865, 10.9393398282202, 83.6000000000000 ) );
#7821 = VECTOR( '', #8846, 1000.00000000000 );
#7822 = CARTESIAN_POINT( '', ( 18.7928932188135, 10.9393398282202, 83.6000000000000 ) );
#7823 = CARTESIAN_POINT( '', ( 18.7928932188135, 10.9393398282202, 83.6000000000000 ) );
#7824 = VECTOR( '', #8847, 1000.00000000000 );
#7825 = CARTESIAN_POINT( '', ( 18.4393398282202, 11.2928932188135, 83.6000000000000 ) );
#7826 = CARTESIAN_POINT( '', ( 18.4393398282202, 11.2928932188135, 83.6000000000000 ) );
#7827 = VECTOR( '', #8848, 1000.00000000000 );
#7828 = CARTESIAN_POINT( '', ( 19.1464466094067, 12.0000000000000, 83.6000000000000 ) );
#7829 = CARTESIAN_POINT( '', ( 19.1464466094067, 12.0000000000000, 83.6000000000000 ) );
#7830 = VECTOR( '', #8849, 1000.00000000000 );
#7831 = CARTESIAN_POINT( '', ( 18.4393398282202, 12.7071067811865, 83.6000000000000 ) );
#7832 = VECTOR( '', #8850, 1000.00000000000 );
#7833 = COLOUR_RGB( '', 0.689999997600000, 0.689999997600000, 0.689999997600000 );
#7834 = CARTESIAN_POINT( '', ( -9.12799999999932, 3.03599999999062, 0.00000000000000 ) );
#7835 = AXIS2_PLACEMENT_3D( '', #8851, #8852, #8853 );
#7836 = CARTESIAN_POINT( '', ( -9.12799999999932, 3.03599999999062, 82.6000000000000 ) );
#7837 = VECTOR( '', #8854, 1000.00000000000 );
#7838 = COLOUR_RGB( '', 0.689999997600000, 0.689999997600000, 0.689999997600000 );
#7839 = CARTESIAN_POINT( '', ( 18.4393398282202, 11.2928932188135, 82.6000000000000 ) );
#7840 = CARTESIAN_POINT( '', ( 18.7928932188135, 10.9393398282202, 82.6000000000000 ) );
#7841 = CARTESIAN_POINT( '', ( 18.4393398282202, 11.2928932188135, 82.6000000000000 ) );
#7842 = VECTOR( '', #8855, 1000.00000000000 );
#7843 = CARTESIAN_POINT( '', ( 18.4393398282202, 11.2928932188135, 83.6000000000000 ) );
#7844 = VECTOR( '', #8856, 1000.00000000000 );
#7845 = CARTESIAN_POINT( '', ( 18.7928932188135, 10.9393398282202, 83.6000000000000 ) );
#7846 = VECTOR( '', #8857, 1000.00000000000 );
#7847 = COLOUR_RGB( '', 0.689999997600000, 0.689999997600000, 0.689999997600000 );
#7848 = COLOUR_RGB( '', 0.689999997600000, 0.689999997600000, 0.689999997600000 );
#7849 = COLOUR_RGB( '', 0.689999997600000, 0.689999997600000, 0.689999997600000 );
#7850 = CARTESIAN_POINT( '', ( 9.04086788742955, 9.15613211257046, 0.00000000000000 ) );
#7851 = CARTESIAN_POINT( '', ( 9.04086788742955, 9.15613211257046, 0.00000000000000 ) );
#7852 = VECTOR( '', #8858, 1000.00000000000 );
#7853 = CARTESIAN_POINT( '', ( 9.04086788742955, 9.15613211257046, 82.6000000000000 ) );
#7854 = VECTOR( '', #8859, 1000.00000000000 );
#7855 = COLOUR_RGB( '', 0.689999997600000, 0.689999997600000, 0.689999997600000 );
#7856 = CARTESIAN_POINT( '', ( 4.37500000000000, 18.0000000000000, 80.6000000000000 ) );
#7857 = VECTOR( '', #8860, 1000.00000000000 );
#7858 = COLOUR_RGB( '', 0.689999997600000, 0.689999997600000, 0.689999997600000 );
#7859 = CARTESIAN_POINT( '', ( -11.5000000000000, 5.28299333325980, 0.00000000000000 ) );
#7860 = CARTESIAN_POINT( '', ( -11.5000000000000, 6.71800666674029, 0.00000000000000 ) );
#7861 = VECTOR( '', #8861, 1000.00000000000 );
#7862 = CARTESIAN_POINT( '', ( -11.5000000000000, 5.28299333325980, 82.6000000000000 ) );
#7863 = VECTOR( '', #8862, 1000.00000000000 );
#7864 = COLOUR_RGB( '', 0.689999997600000, 0.689999997600000, 0.689999997600000 );
#7865 = CARTESIAN_POINT( '', ( 20.0000000000000, 11.6464466094067, 0.00000000000000 ) );
#7866 = CARTESIAN_POINT( '', ( 20.7071067811865, 10.9393398282202, 0.00000000000000 ) );
#7867 = CARTESIAN_POINT( '', ( 20.0000000000000, 11.6464466094067, 0.00000000000000 ) );
#7868 = VECTOR( '', #8863, 1000.00000000000 );
#7869 = CARTESIAN_POINT( '', ( 20.7071067811865, 10.9393398282202, -1.00000000000000 ) );
#7870 = VECTOR( '', #8864, 1000.00000000000 );
#7871 = CARTESIAN_POINT( '', ( 20.0000000000000, 11.6464466094067, -1.00000000000000 ) );
#7872 = VECTOR( '', #8865, 1000.00000000000 );
#7873 = COLOUR_RGB( '', 0.689999997600000, 0.689999997600000, 0.689999997600000 );
#7874 = CARTESIAN_POINT( '', ( -11.2020000000277, 4.98300000000023, 0.00000000000000 ) );
#7875 = AXIS2_PLACEMENT_3D( '', #8866, #8867, #8868 );
#7876 = CARTESIAN_POINT( '', ( -11.2020000000277, 4.98300000000023, 82.6000000000000 ) );
#7877 = VECTOR( '', #8869, 1000.00000000000 );
#7878 = COLOUR_RGB( '', 0.689999997600000, 0.689999997600000, 0.689999997600000 );
#7879 = COLOUR_RGB( '', 0.689999997600000, 0.689999997600000, 0.689999997600000 );
#7880 = CARTESIAN_POINT( '', ( -24.0000000000000, 26.0000000000000, 11.8000000000000 ) );
#7881 = VECTOR( '', #8870, 1000.00000000000 );
#7882 = COLOUR_RGB( '', 0.689999997600000, 0.689999997600000, 0.689999997600000 );
#7883 = CARTESIAN_POINT( '', ( -21.0606601717798, 11.2928932188135, 82.6000000000000 ) );
#7884 = VECTOR( '', #8871, 1000.00000000000 );
#7885 = CARTESIAN_POINT( '', ( -20.0000000000000, 11.6464466094067, 82.6000000000000 ) );
#7886 = VECTOR( '', #8872, 1000.00000000000 );
#7887 = CARTESIAN_POINT( '', ( -19.2928932188135, 13.0606601717798, 82.6000000000000 ) );
#7888 = VECTOR( '', #8873, 1000.00000000000 );
#7889 = COLOUR_RGB( '', 0.689999997600000, 0.689999997600000, 0.689999997600000 );
#7890 = CARTESIAN_POINT( '', ( -18.9393398282202, 12.7071067811865, -1.00000000000000 ) );
#7891 = VECTOR( '', #8874, 1000.00000000000 );
#7892 = COLOUR_RGB( '', 0.689999997600000, 0.689999997600000, 0.689999997600000 );
#7893 = COLOUR_RGB( '', 0.689999997600000, 0.689999997600000, 0.689999997600000 );
#7894 = COLOUR_RGB( '', 0.689999997600000, 0.689999997600000, 0.689999997600000 );
#7895 = CARTESIAN_POINT( '', ( 22.5000000000000, 0.00000000000000, 70.8000000000000 ) );
#7896 = VECTOR( '', #8875, 1000.00000000000 );
#7897 = CARTESIAN_POINT( '', ( 5.83333333333333, 25.5000000000000, 70.8000000000000 ) );
#7898 = VECTOR( '', #8876, 1000.00000000000 );
#7899 = CARTESIAN_POINT( '', ( -8.88178419700125E-16, 32.0777222831138, 70.8000000000000 ) );
#7900 = VECTOR( '', #8877, 1000.00000000000 );
#7901 = CARTESIAN_POINT( '', ( 21.9343145750508, 24.5000000000000, 70.8000000000000 ) );
#7902 = VECTOR( '', #8878, 1000.00000000000 );
#7903 = COLOUR_RGB( '', 0.689999997600000, 0.689999997600000, 0.689999997600000 );
#7904 = CARTESIAN_POINT( '', ( 20.7071067811865, 10.9393398282202, 0.00000000000000 ) );
#7905 = VECTOR( '', #8879, 1000.00000000000 );
#7906 = COLOUR_RGB( '', 0.689999997600000, 0.689999997600000, 0.689999997600000 );
#7907 = CARTESIAN_POINT( '', ( 21.7000000000000, 0.00000000000000, 2.00000000000000 ) );
#7908 = CARTESIAN_POINT( '', ( 21.7000000000000, 0.00000000000000, 11.8000000000000 ) );
#7909 = VECTOR( '', #8880, 1000.00000000000 );
#7910 = CARTESIAN_POINT( '', ( 22.5000000000000, 0.800000000000002, 2.00000000000000 ) );
#7911 = VECTOR( '', #8881, 1000.00000000000 );
#7912 = COLOUR_RGB( '', 0.689999997600000, 0.689999997600000, 0.689999997600000 );
#7913 = COLOUR_RGB( '', 0.689999997600000, 0.689999997600000, 0.689999997600000 );
#7914 = CARTESIAN_POINT( '', ( -2.50000000000000, 0.500000000000000, 100.000000000000 ) );
#7915 = VECTOR( '', #8882, 1000.00000000000 );
#7916 = COLOUR_RGB( '', 0.689999997600000, 0.689999997600000, 0.689999997600000 );
#7917 = CARTESIAN_POINT( '', ( -24.0000000000000, 0.00000000000000, 0.00000000000000 ) );
#7918 = VECTOR( '', #8883, 1000.00000000000 );
#7919 = CARTESIAN_POINT( '', ( 21.4343145750508, 0.00000000000000, 2.00000000000000 ) );
#7920 = VECTOR( '', #8884, 1000.00000000000 );
#7921 = COLOUR_RGB( '', 0.689999997600000, 0.689999997600000, 0.689999997600000 );
#7922 = CARTESIAN_POINT( '', ( -21.0606601717798, 11.2928932188135, -1.00000000000000 ) );
#7923 = CARTESIAN_POINT( '', ( -20.3535533905933, 12.0000000000000, -1.00000000000000 ) );
#7924 = VECTOR( '', #8885, 1000.00000000000 );
#7925 = CARTESIAN_POINT( '', ( -21.0606601717798, 11.2928932188135, -1.00000000000000 ) );
#7926 = VECTOR( '', #8886, 1000.00000000000 );
#7927 = CARTESIAN_POINT( '', ( -20.0000000000000, 12.3535533905933, -1.00000000000000 ) );
#7928 = VECTOR( '', #8887, 1000.00000000000 );
#7929 = CARTESIAN_POINT( '', ( -18.0000000000000, 12.0000000000000, -1.00000000000000 ) );
#7930 = AXIS2_PLACEMENT_3D( '', #8888, #8889, #8890 );
#7931 = COLOUR_RGB( '', 0.689999997600000, 0.689999997600000, 0.689999997600000 );
#7932 = AXIS2_PLACEMENT_3D( '', #8891, #8892, #8893 );
#7933 = AXIS2_PLACEMENT_3D( '', #8894, #8895, #8896 );
#7934 = COLOUR_RGB( '', 0.689999997600000, 0.689999997600000, 0.689999997600000 );
#7935 = COLOUR_RGB( '', 0.689999997600000, 0.689999997600000, 0.689999997600000 );
#7936 = CARTESIAN_POINT( '', ( 20.5606601717798, 11.2928932188134, 82.6000000000000 ) );
#7937 = CARTESIAN_POINT( '', ( 19.8535533905933, 12.0000000000000, 82.6000000000000 ) );
#7938 = CARTESIAN_POINT( '', ( 20.5606601717798, 11.2928932188134, 82.6000000000000 ) );
#7939 = VECTOR( '', #8897, 1000.00000000000 );
#7940 = CARTESIAN_POINT( '', ( 20.5606601717798, 11.2928932188134, 83.6000000000000 ) );
#7941 = VECTOR( '', #8898, 1000.00000000000 );
#7942 = CARTESIAN_POINT( '', ( 19.8535533905933, 12.0000000000000, 83.6000000000000 ) );
#7943 = VECTOR( '', #8899, 1000.00000000000 );
#7944 = COLOUR_RGB( '', 0.689999997600000, 0.689999997600000, 0.689999997600000 );
#7945 = COLOUR_RGB( '', 0.689999997600000, 0.689999997600000, 0.689999997600000 );
#7946 = COLOUR_RGB( '', 0.689999997600000, 0.689999997600000, 0.689999997600000 );
#7947 = AXIS2_PLACEMENT_3D( '', #8900, #8901, #8902 );
#7948 = COLOUR_RGB( '', 0.689999997600000, 0.689999997600000, 0.689999997600000 );
#7949 = CARTESIAN_POINT( '', ( 8.59277164287937, 7.90822843567485, 100.000000000000 ) );
#7950 = VECTOR( '', #8903, 1000.00000000000 );
#7951 = CARTESIAN_POINT( '', ( 11.5000000000000, 5.00000000000000, 100.000000000000 ) );
#7952 = VECTOR( '', #8904, 1000.00000000000 );
#7953 = COLOUR_RGB( '', 0.689999997600000, 0.689999997600000, 0.689999997600000 );
#7954 = CARTESIAN_POINT( '', ( 11.5000000000000, 6.71801500037130, 0.00000000000000 ) );
#7955 = CARTESIAN_POINT( '', ( 11.2030000000368, 7.01799999999966, 0.00000000000000 ) );
#7956 = AXIS2_PLACEMENT_3D( '', #8905, #8906, #8907 );
#7957 = CARTESIAN_POINT( '', ( 11.5000000000000, 6.71801500037130, 82.6000000000000 ) );
#7958 = VECTOR( '', #8908, 1000.00000000000 );
#7959 = CARTESIAN_POINT( '', ( 11.2030000000368, 7.01799999999966, 82.6000000000000 ) );
#7960 = VECTOR( '', #8909, 1000.00000000000 );
#7961 = COLOUR_RGB( '', 0.689999997600000, 0.689999997600000, 0.689999997600000 );
#7962 = COLOUR_RGB( '', 0.689999997600000, 0.689999997600000, 0.689999997600000 );
#7963 = COLOUR_RGB( '', 0.689999997600000, 0.689999997600000, 0.689999997600000 );
#7964 = CARTESIAN_POINT( '', ( 11.5000000000000, 5.28298499962870, 0.00000000000000 ) );
#7965 = VECTOR( '', #8910, 1000.00000000000 );
#7966 = COLOUR_RGB( '', 0.689999997600000, 0.689999997600000, 0.689999997600000 );
#7967 = CARTESIAN_POINT( '', ( 11.5000000000000, 13.2829849996287, 100.000000000000 ) );
#7968 = VECTOR( '', #8911, 1000.00000000000 );
#7969 = COLOUR_RGB( '', 0.689999997600000, 0.689999997600000, 0.689999997600000 );
#7970 = COLOUR_RGB( '', 0.689999997600000, 0.689999997600000, 0.689999997600000 );
#7971 = CARTESIAN_POINT( '', ( 21.0606601717798, 12.7071067811865, 0.00000000000000 ) );
#7972 = CARTESIAN_POINT( '', ( 20.7071067811866, 13.0606601717798, 0.00000000000000 ) );
#7973 = CARTESIAN_POINT( '', ( 21.0606601717798, 12.7071067811865, 0.00000000000000 ) );
#7974 = VECTOR( '', #8912, 1000.00000000000 );
#7975 = CARTESIAN_POINT( '', ( 20.7071067811866, 13.0606601717798, -1.00000000000000 ) );
#7976 = VECTOR( '', #8913, 1000.00000000000 );
#7977 = CARTESIAN_POINT( '', ( 21.0606601717798, 12.7071067811865, -1.00000000000000 ) );
#7978 = VECTOR( '', #8914, 1000.00000000000 );
#7979 = COLOUR_RGB( '', 0.689999997600000, 0.689999997600000, 0.689999997600000 );
#7980 = COLOUR_RGB( '', 0.689999997600000, 0.689999997600000, 0.689999997600000 );
#7981 = CARTESIAN_POINT( '', ( 19.5000000000000, 12.3535533905933, 82.6000000000000 ) );
#7982 = VECTOR( '', #8915, 1000.00000000000 );
#7983 = COLOUR_RGB( '', 0.689999997600000, 0.689999997600000, 0.689999997600000 );
#7984 = CARTESIAN_POINT( '', ( 17.5000000000000, 17.6135000000000, 20.8000000000000 ) );
#7985 = AXIS2_PLACEMENT_3D( '', #8916, #8917, #8918 );
#7986 = COLOUR_RGB( '', 0.689999997600000, 0.689999997600000, 0.689999997600000 );
#7987 = COLOUR_RGB( '', 0.689999997600000, 0.689999997600000, 0.689999997600000 );
#7988 = CARTESIAN_POINT( '', ( 20.3535533905933, 12.0000000000000, 0.00000000000000 ) );
#7989 = VECTOR( '', #8919, 1000.00000000000 );
#7990 = COLOUR_RGB( '', 0.689999997600000, 0.689999997600000, 0.689999997600000 );
#7991 = CARTESIAN_POINT( '', ( 19.6464466094067, 12.0000000000000, 0.00000000000000 ) );
#7992 = VECTOR( '', #8920, 1000.00000000000 );
#7993 = COLOUR_RGB( '', 0.689999997600000, 0.689999997600000, 0.689999997600000 );
#7994 = CARTESIAN_POINT( '', ( 9.12799999999938, 8.96500000000828, 0.00000000000000 ) );
#7995 = AXIS2_PLACEMENT_3D( '', #8921, #8922, #8923 );
#7996 = CARTESIAN_POINT( '', ( 9.12799999999938, 8.96500000000828, 82.6000000000000 ) );
#7997 = VECTOR( '', #8924, 1000.00000000000 );
#7998 = COLOUR_RGB( '', 0.689999997600000, 0.689999997600000, 0.689999997600000 );
#7999 = CARTESIAN_POINT( '', ( 19.2928932188135, 13.0606601717798, 0.00000000000000 ) );
#8000 = CARTESIAN_POINT( '', ( 19.2928932188135, 13.0606601717798, 0.00000000000000 ) );
#8001 = VECTOR( '', #8925, 1000.00000000000 );
#8002 = CARTESIAN_POINT( '', ( 20.0000000000000, 12.3535533905933, 0.00000000000000 ) );
#8003 = CARTESIAN_POINT( '', ( 20.0000000000000, 12.3535533905933, 0.00000000000000 ) );
#8004 = VECTOR( '', #8926, 1000.00000000000 );
#8005 = CARTESIAN_POINT( '', ( 20.7071067811866, 13.0606601717798, 0.00000000000000 ) );
#8006 = VECTOR( '', #8927, 1000.00000000000 );
#8007 = CARTESIAN_POINT( '', ( 19.2928932188135, 10.9393398282202, 0.00000000000000 ) );
#8008 = VECTOR( '', #8928, 1000.00000000000 );
#8009 = COLOUR_RGB( '', 0.689999997600000, 0.689999997600000, 0.689999997600000 );
#8010 = COLOUR_RGB( '', 0.689999997600000, 0.689999997600000, 0.689999997600000 );
#8011 = CARTESIAN_POINT( '', ( 20.0000000000000, 12.3535533905933, -1.00000000000000 ) );
#8012 = VECTOR( '', #8929, 1000.00000000000 );
#8013 = COLOUR_RGB( '', 0.689999997600000, 0.689999997600000, 0.689999997600000 );
#8014 = COLOUR_RGB( '', 0.689999997600000, 0.689999997600000, 0.689999997600000 );
#8015 = COLOUR_RGB( '', 0.689999997600000, 0.689999997600000, 0.689999997600000 );
#8016 = CARTESIAN_POINT( '', ( 19.2928932188135, 13.0606601717798, -1.00000000000000 ) );
#8017 = VECTOR( '', #8930, 1000.00000000000 );
#8018 = COLOUR_RGB( '', 0.689999997600000, 0.689999997600000, 0.689999997600000 );
#8019 = CARTESIAN_POINT( '', ( -4.37499999999999, 24.5000000000000, 2.00000000000000 ) );
#8020 = CARTESIAN_POINT( '', ( -21.7000000000000, 24.5000000000000, 2.00000000000000 ) );
#8021 = VECTOR( '', #8931, 1000.00000000000 );
#8022 = CARTESIAN_POINT( '', ( -4.37499999999999, 24.5000000000000, 11.8000000000000 ) );
#8023 = CARTESIAN_POINT( '', ( -21.7000000000000, 24.5000000000000, 11.8000000000000 ) );
#8024 = VECTOR( '', #8932, 1000.00000000000 );
#8025 = CARTESIAN_POINT( '', ( -4.37499999999999, 24.5000000000000, 11.8000000000000 ) );
#8026 = VECTOR( '', #8933, 1000.00000000000 );
#8027 = COLOUR_RGB( '', 0.689999997600000, 0.689999997600000, 0.689999997600000 );
#8028 = AXIS2_PLACEMENT_3D( '', #8934, #8935, #8936 );
#8029 = AXIS2_PLACEMENT_3D( '', #8937, #8938, #8939 );
#8030 = AXIS2_PLACEMENT_3D( '', #8940, #8941, #8942 );
#8031 = AXIS2_PLACEMENT_3D( '', #8943, #8944, #8945 );
#8032 = COLOUR_RGB( '', 0.689999997600000, 0.689999997600000, 0.689999997600000 );
#8033 = CARTESIAN_POINT( '', ( -22.5000000000000, 0.00000000000000, 2.00000000000000 ) );
#8034 = VECTOR( '', #8946, 1000.00000000000 );
#8035 = CARTESIAN_POINT( '', ( -22.5000000000000, 0.00000000000000, 11.8000000000000 ) );
#8036 = VECTOR( '', #8947, 1000.00000000000 );
#8037 = COLOUR_RGB( '', 0.689999997600000, 0.689999997600000, 0.689999997600000 );
#8038 = COLOUR_RGB( '', 0.689999997600000, 0.689999997600000, 0.689999997600000 );
#8039 = COLOUR_RGB( '', 0.689999997600000, 0.689999997600000, 0.689999997600000 );
#8040 = CARTESIAN_POINT( '', ( 18.7928932188135, 10.9393398282202, 82.6000000000000 ) );
#8041 = VECTOR( '', #8948, 1000.00000000000 );
#8042 = COLOUR_RGB( '', 0.689999997600000, 0.689999997600000, 0.689999997600000 );
#8043 = CARTESIAN_POINT( '', ( -9.12799999999923, 16.9650000000106, 100.000000000000 ) );
#8044 = VECTOR( '', #8949, 1000.00000000000 );
#8045 = COLOUR_RGB( '', 0.689999997600000, 0.689999997600000, 0.689999997600000 );
#8046 = CARTESIAN_POINT( '', ( 0.00000000000000, 9.00000000000000, 74.5000000000000 ) );
#8047 = AXIS2_PLACEMENT_3D( '', #8950, #8951, #8952 );
#8048 = COLOUR_RGB( '', 0.689999997600000, 0.689999997600000, 0.689999997600000 );
#8049 = COLOUR_RGB( '', 0.689999997600000, 0.689999997600000, 0.689999997600000 );
#8050 = CARTESIAN_POINT( '', ( -4.37499999999999, 24.5000000000000, 11.8000000000000 ) );
#8051 = VECTOR( '', #8953, 1000.00000000000 );
#8052 = CARTESIAN_POINT( '', ( -4.66367513459481, 26.0000000000000, 11.8000000000000 ) );
#8053 = VECTOR( '', #8954, 1000.00000000000 );
#8054 = COLOUR_RGB( '', 0.689999997600000, 0.689999997600000, 0.689999997600000 );
#8055 = COLOUR_RGB( '', 0.689999997600000, 0.689999997600000, 0.689999997600000 );
#8056 = COLOUR_RGB( '', 0.689999997600000, 0.689999997600000, 0.689999997600000 );
#8057 = CARTESIAN_POINT( '', ( 17.5000000000000, 17.0000000000000, 21.4135000000000 ) );
#8058 = AXIS2_PLACEMENT_3D( '', #8955, #8956, #8957 );
#8059 = COLOUR_RGB( '', 0.689999997600000, 0.689999997600000, 0.689999997600000 );
#8060 = CARTESIAN_POINT( '', ( 20.2071067811865, 10.9393398282202, 82.6000000000000 ) );
#8061 = VECTOR( '', #8958, 1000.00000000000 );
#8062 = COLOUR_RGB( '', 0.689999997600000, 0.689999997600000, 0.689999997600000 );
#8063 = CARTESIAN_POINT( '', ( 19.1464466094067, 12.0000000000000, 82.6000000000000 ) );
#8064 = CARTESIAN_POINT( '', ( 18.4393398282202, 12.7071067811865, 82.6000000000000 ) );
#8065 = VECTOR( '', #8959, 1000.00000000000 );
#8066 = CARTESIAN_POINT( '', ( 19.1464466094067, 12.0000000000000, 83.6000000000000 ) );
#8067 = VECTOR( '', #8960, 1000.00000000000 );
#8068 = COLOUR_RGB( '', 0.689999997600000, 0.689999997600000, 0.689999997600000 );
#8069 = COLOUR_RGB( '', 0.689999997600000, 0.689999997600000, 0.689999997600000 );
#8070 = COLOUR_RGB( '', 0.689999997600000, 0.689999997600000, 0.689999997600000 );
#8071 = COLOUR_RGB( '', 0.689999997600000, 0.689999997600000, 0.689999997600000 );
#8072 = CARTESIAN_POINT( '', ( 19.8535533905933, 12.0000000000000, 82.6000000000000 ) );
#8073 = VECTOR( '', #8961, 1000.00000000000 );
#8074 = COLOUR_RGB( '', 0.689999997600000, 0.689999997600000, 0.689999997600000 );
#8075 = CARTESIAN_POINT( '', ( -17.5000000000000, 26.0000000000000, 61.8000000000000 ) );
#8076 = AXIS2_PLACEMENT_3D( '', #8962, #8963, #8964 );
#8077 = COLOUR_RGB( '', 0.689999997600000, 0.689999997600000, 0.689999997600000 );
#8078 = CARTESIAN_POINT( '', ( 19.1464466094067, 12.0000000000000, 82.6000000000000 ) );
#8079 = VECTOR( '', #8965, 1000.00000000000 );
#8080 = COLOUR_RGB( '', 0.689999997600000, 0.689999997600000, 0.689999997600000 );
#8081 = COLOUR_RGB( '', 0.689999997600000, 0.689999997600000, 0.689999997600000 );
#8082 = CARTESIAN_POINT( '', ( -21.0606601717798, 11.2928932188135, -1.00000000000000 ) );
#8083 = VECTOR( '', #8966, 1000.00000000000 );
#8084 = COLOUR_RGB( '', 0.689999997600000, 0.689999997600000, 0.689999997600000 );
#8085 = CARTESIAN_POINT( '', ( 11.5000000000000, 14.7180150003713, 100.000000000000 ) );
#8086 = VECTOR( '', #8967, 1000.00000000000 );
#8087 = COLOUR_RGB( '', 0.689999997600000, 0.689999997600000, 0.689999997600000 );
#8088 = COLOUR_RGB( '', 0.689999997600000, 0.689999997600000, 0.689999997600000 );
#8089 = COLOUR_RGB( '', 0.689999997600000, 0.689999997600000, 0.689999997600000 );
#8090 = COLOUR_RGB( '', 0.689999997600000, 0.689999997600000, 0.689999997600000 );
#8091 = COLOUR_RGB( '', 0.689999997600000, 0.689999997600000, 0.689999997600000 );
#8092 = COLOUR_RGB( '', 0.689999997600000, 0.689999997600000, 0.689999997600000 );
#8093 = COLOUR_RGB( '', 0.689999997600000, 0.689999997600000, 0.689999997600000 );
#8094 = COLOUR_RGB( '', 0.689999997600000, 0.689999997600000, 0.689999997600000 );
#8095 = COLOUR_RGB( '', 0.689999997600000, 0.689999997600000, 0.689999997600000 );
#8096 = CARTESIAN_POINT( '', ( -4.37499999999999, 24.5000000000000, 2.00000000000000 ) );
#8097 = VECTOR( '', #8968, 1000.00000000000 );
#8098 = COLOUR_RGB( '', 0.689999997600000, 0.689999997600000, 0.689999997600000 );
#8099 = COLOUR_RGB( '', 0.689999997600000, 0.689999997600000, 0.689999997600000 );
#8100 = COLOUR_RGB( '', 0.689999997600000, 0.689999997600000, 0.689999997600000 );
#8101 = COLOUR_RGB( '', 0.689999997600000, 0.689999997600000, 0.689999997600000 );
#8102 = COLOUR_RGB( '', 0.689999997600000, 0.689999997600000, 0.689999997600000 );
#8103 = COLOUR_RGB( '', 0.689999997600000, 0.689999997600000, 0.689999997600000 );
#8104 = COLOUR_RGB( '', 0.689999997600000, 0.689999997600000, 0.689999997600000 );
#8105 = COLOUR_RGB( '', 0.689999997600000, 0.689999997600000, 0.689999997600000 );
#8106 = COLOUR_RGB( '', 0.689999997600000, 0.689999997600000, 0.689999997600000 );
#8107 = COLOUR_RGB( '', 0.689999997600000, 0.689999997600000, 0.689999997600000 );
#8108 = DIRECTION( '', ( 0.707106781186545, -0.707106781186550, 0.00000000000000 ) );
#8109 = DIRECTION( '', ( -0.00000000000000, -0.00000000000000, -1.00000000000000 ) );
#8110 = DIRECTION( '', ( 0.707106781186545, -0.707106781186550, 0.00000000000000 ) );
#8111 = DIRECTION( '', ( -0.00000000000000, -0.00000000000000, -1.00000000000000 ) );
#8112 = CARTESIAN_POINT( '', ( 8.82873590042168, 16.9440000308664, 0.00000000000000 ) );
#8113 = DIRECTION( '', ( 0.00000000000000, 0.00000000000000, 1.00000000000000 ) );
#8114 = DIRECTION( '', ( 1.00000000000000, 0.00000000000000, 0.00000000000000 ) );
#8115 = DIRECTION( '', ( -0.00000000000000, -0.00000000000000, -1.00000000000000 ) );
#8116 = CARTESIAN_POINT( '', ( 8.82873590042168, 16.9440000308664, 100.000000000000 ) );
#8117 = DIRECTION( '', ( 0.00000000000000, 0.00000000000000, 1.00000000000000 ) );
#8118 = DIRECTION( '', ( 1.00000000000000, 0.00000000000000, 0.00000000000000 ) );
#8119 = DIRECTION( '', ( -0.00000000000000, -0.00000000000000, -1.00000000000000 ) );
#8120 = CARTESIAN_POINT( '', ( 20.0000000000000, 18.0000000000000, 75.3500000000000 ) );
#8121 = DIRECTION( '', ( 1.00000000000000, 0.00000000000000, 0.00000000000000 ) );
#8122 = DIRECTION( '', ( 0.00000000000000, 0.00000000000000, -1.00000000000000 ) );
#8123 = CARTESIAN_POINT( '', ( 6.13333333333333, 25.7000000000000, 11.8000000000000 ) );
#8124 = DIRECTION( '', ( 0.00000000000000, 0.00000000000000, 1.00000000000000 ) );
#8125 = DIRECTION( '', ( 1.00000000000000, 0.00000000000000, -0.00000000000000 ) );
#8126 = DIRECTION( '', ( 0.00000000000000, 0.00000000000000, -1.00000000000000 ) );
#8127 = CARTESIAN_POINT( '', ( 6.13333333333333, 25.7000000000000, 70.8000000000000 ) );
#8128 = DIRECTION( '', ( 0.00000000000000, 0.00000000000000, 1.00000000000000 ) );
#8129 = DIRECTION( '', ( 1.00000000000000, 0.00000000000000, -0.00000000000000 ) );
#8130 = DIRECTION( '', ( 0.00000000000000, 0.00000000000000, -1.00000000000000 ) );
#8131 = CARTESIAN_POINT( '', ( 7.98989321881416, 17.5000000000001, 0.00000000000000 ) );
#8132 = DIRECTION( '', ( 0.00000000000000, 0.00000000000000, 1.00000000000000 ) );
#8133 = DIRECTION( '', ( 1.00000000000000, 0.00000000000000, 0.00000000000000 ) );
#8134 = DIRECTION( '', ( -0.00000000000000, -0.00000000000000, -1.00000000000000 ) );
#8135 = CARTESIAN_POINT( '', ( 7.98989321881416, 17.5000000000001, 100.000000000000 ) );
#8136 = DIRECTION( '', ( 0.00000000000000, 0.00000000000000, 1.00000000000000 ) );
#8137 = DIRECTION( '', ( 1.00000000000000, 0.00000000000000, 0.00000000000000 ) );
#8138 = DIRECTION( '', ( -0.00000000000000, -0.00000000000000, -1.00000000000000 ) );
#8139 = DIRECTION( '', ( -0.707106781186547, 0.707106781186547, 0.00000000000000 ) );
#8140 = DIRECTION( '', ( 0.00000000000000, 0.00000000000000, -1.00000000000000 ) );
#8141 = DIRECTION( '', ( 0.707106781186547, -0.707106781186547, 0.00000000000000 ) );
#8142 = DIRECTION( '', ( 0.00000000000000, 0.00000000000000, 1.00000000000000 ) );
#8143 = CARTESIAN_POINT( '', ( 9.30000000000000, 0.615213620020643, 82.6000000000000 ) );
#8144 = DIRECTION( '', ( 0.00000000000000, 0.00000000000000, 1.00000000000000 ) );
#8145 = DIRECTION( '', ( 1.00000000000000, 0.00000000000000, 0.00000000000000 ) );
#8146 = DIRECTION( '', ( -0.00000000000000, -0.00000000000000, -1.00000000000000 ) );
#8147 = CARTESIAN_POINT( '', ( 9.30000000000000, 0.615213620020643, 0.00000000000000 ) );
#8148 = DIRECTION( '', ( 0.00000000000000, 0.00000000000000, 1.00000000000000 ) );
#8149 = DIRECTION( '', ( 1.00000000000000, 0.00000000000000, 0.00000000000000 ) );
#8150 = DIRECTION( '', ( -0.00000000000000, -0.00000000000000, -1.00000000000000 ) );
#8151 = DIRECTION( '', ( 1.00000000000000, 0.00000000000000, 0.00000000000000 ) );
#8152 = DIRECTION( '', ( -0.00000000000000, -0.00000000000000, -1.00000000000000 ) );
#8153 = DIRECTION( '', ( 1.00000000000000, 0.00000000000000, 0.00000000000000 ) );
#8154 = DIRECTION( '', ( -0.00000000000000, -0.00000000000000, -1.00000000000000 ) );
#8155 = CARTESIAN_POINT( '', ( -9.30000000000000, 8.61521362002065, 0.00000000000000 ) );
#8156 = DIRECTION( '', ( 0.00000000000000, 0.00000000000000, 1.00000000000000 ) );
#8157 = DIRECTION( '', ( 1.00000000000000, 0.00000000000000, 0.00000000000000 ) );
#8158 = DIRECTION( '', ( -0.00000000000000, -0.00000000000000, -1.00000000000000 ) );
#8159 = CARTESIAN_POINT( '', ( -9.30000000000000, 8.61521362002065, 100.000000000000 ) );
#8160 = DIRECTION( '', ( 0.00000000000000, 0.00000000000000, 1.00000000000000 ) );
#8161 = DIRECTION( '', ( 1.00000000000000, 0.00000000000000, 0.00000000000000 ) );
#8162 = DIRECTION( '', ( -0.00000000000000, -0.00000000000000, -1.00000000000000 ) );
#8163 = DIRECTION( '', ( 0.707106781186548, -0.707106781186547, 0.00000000000000 ) );
#8164 = DIRECTION( '', ( -0.00000000000000, -0.00000000000000, -1.00000000000000 ) );
#8165 = DIRECTION( '', ( 0.707106781186548, -0.707106781186547, 0.00000000000000 ) );
#8166 = DIRECTION( '', ( -0.00000000000000, -0.00000000000000, -1.00000000000000 ) );
#8167 = CARTESIAN_POINT( '', ( -4.33680868994202E-16, 18.0000000000000, 0.00000000000000 ) );
#8168 = DIRECTION( '', ( 0.00000000000000, 0.00000000000000, 1.00000000000000 ) );
#8169 = DIRECTION( '', ( 1.00000000000000, 0.00000000000000, 0.00000000000000 ) );
#8170 = DIRECTION( '', ( -0.00000000000000, -0.00000000000000, -1.00000000000000 ) );
#8171 = CARTESIAN_POINT( '', ( -4.33680868994202E-16, 18.0000000000000, 2.00000000000000 ) );
#8172 = DIRECTION( '', ( 0.00000000000000, 0.00000000000000, 1.00000000000000 ) );
#8173 = DIRECTION( '', ( 1.00000000000000, 0.00000000000000, 0.00000000000000 ) );
#8174 = DIRECTION( '', ( -0.00000000000000, -0.00000000000000, -1.00000000000000 ) );
#8175 = CARTESIAN_POINT( '', ( 0.00000000000000, 25.0000000000000, 7.65000000000000 ) );
#8176 = DIRECTION( '', ( 0.00000000000000, -1.00000000000000, -0.00000000000000 ) );
#8177 = DIRECTION( '', ( 0.00000000000000, 0.00000000000000, -1.00000000000000 ) );
#8178 = DIRECTION( '', ( 1.00000000000000, 0.00000000000000, 0.00000000000000 ) );
#8179 = DIRECTION( '', ( 0.00000000000000, 0.00000000000000, 1.00000000000000 ) );
#8180 = DIRECTION( '', ( 1.00000000000000, 0.00000000000000, 0.00000000000000 ) );
#8181 = DIRECTION( '', ( 0.00000000000000, 0.00000000000000, 1.00000000000000 ) );
#8182 = CARTESIAN_POINT( '', ( -6.13333333333334, 25.7000000000000, 11.8000000000000 ) );
#8183 = DIRECTION( '', ( 0.00000000000000, 0.00000000000000, 1.00000000000000 ) );
#8184 = DIRECTION( '', ( 1.00000000000000, 0.00000000000000, -0.00000000000000 ) );
#8185 = DIRECTION( '', ( 0.00000000000000, 0.00000000000000, -1.00000000000000 ) );
#8186 = CARTESIAN_POINT( '', ( -6.13333333333334, 25.7000000000000, 70.8000000000000 ) );
#8187 = DIRECTION( '', ( 0.00000000000000, 0.00000000000000, 1.00000000000000 ) );
#8188 = DIRECTION( '', ( 1.00000000000000, 0.00000000000000, -0.00000000000000 ) );
#8189 = DIRECTION( '', ( 0.00000000000000, 0.00000000000000, -1.00000000000000 ) );
#8190 = DIRECTION( '', ( -0.707106781186546, -0.707106781186549, 0.00000000000000 ) );
#8191 = DIRECTION( '', ( 0.00000000000000, 0.00000000000000, 1.00000000000000 ) );
#8192 = DIRECTION( '', ( -0.707106781186546, -0.707106781186549, 0.00000000000000 ) );
#8193 = DIRECTION( '', ( 0.00000000000000, 0.00000000000000, 1.00000000000000 ) );
#8194 = CARTESIAN_POINT( '', ( -22.5000000000000, 18.0000000000000, 75.3500000000000 ) );
#8195 = DIRECTION( '', ( -1.00000000000000, 0.00000000000000, 0.00000000000000 ) );
#8196 = DIRECTION( '', ( 0.00000000000000, 0.00000000000000, 1.00000000000000 ) );
#8197 = CARTESIAN_POINT( '', ( -20.0000000000000, 18.0000000000000, 75.3500000000000 ) );
#8198 = DIRECTION( '', ( 1.00000000000000, 0.00000000000000, 0.00000000000000 ) );
#8199 = DIRECTION( '', ( 0.00000000000000, 0.00000000000000, -1.00000000000000 ) );
#8200 = DIRECTION( '', ( -0.00000000000000, -0.00000000000000, -1.00000000000000 ) );
#8201 = CARTESIAN_POINT( '', ( 0.00000000000000, 0.500000000000000, 80.0000000000000 ) );
#8202 = DIRECTION( '', ( 0.00000000000000, 1.00000000000000, 0.00000000000000 ) );
#8203 = DIRECTION( '', ( 0.00000000000000, -0.00000000000000, 1.00000000000000 ) );
#8204 = DIRECTION( '', ( -0.00000000000000, -0.00000000000000, -1.00000000000000 ) );
#8205 = CARTESIAN_POINT( '', ( 0.00000000000000, 0.500000000000000, 20.0000000000000 ) );
#8206 = DIRECTION( '', ( 0.00000000000000, 1.00000000000000, 0.00000000000000 ) );
#8207 = DIRECTION( '', ( 0.00000000000000, -0.00000000000000, 1.00000000000000 ) );
#8208 = DIRECTION( '', ( 0.707106781186546, 0.707106781186549, -0.00000000000000 ) );
#8209 = DIRECTION( '', ( -0.00000000000000, -0.00000000000000, -1.00000000000000 ) );
#8210 = DIRECTION( '', ( 0.707106781186546, 0.707106781186549, 0.00000000000000 ) );
#8211 = DIRECTION( '', ( -0.00000000000000, -0.00000000000000, -1.00000000000000 ) );
#8212 = DIRECTION( '', ( 0.707106781186545, -0.707106781186550, 0.00000000000000 ) );
#8213 = DIRECTION( '', ( -0.00000000000000, -0.00000000000000, -1.00000000000000 ) );
#8214 = DIRECTION( '', ( 0.707106781186545, -0.707106781186550, 0.00000000000000 ) );
#8215 = DIRECTION( '', ( -0.00000000000000, -0.00000000000000, -1.00000000000000 ) );
#8216 = DIRECTION( '', ( -0.707106781186546, -0.707106781186549, 0.00000000000000 ) );
#8217 = DIRECTION( '', ( -0.00000000000000, -0.00000000000000, -1.00000000000000 ) );
#8218 = DIRECTION( '', ( -0.707106781186546, -0.707106781186549, 0.00000000000000 ) );
#8219 = DIRECTION( '', ( -0.00000000000000, -0.00000000000000, -1.00000000000000 ) );
#8220 = DIRECTION( '', ( 0.00000000000000, 0.00000000000000, -1.00000000000000 ) );
#8221 = DIRECTION( '', ( 0.00000000000000, 1.00000000000000, 0.00000000000000 ) );
#8222 = DIRECTION( '', ( 0.00000000000000, 1.00000000000000, 0.00000000000000 ) );
#8223 = CARTESIAN_POINT( '', ( 0.00000000000000, 25.5000000000000, 74.9500000000000 ) );
#8224 = DIRECTION( '', ( 0.00000000000000, 1.00000000000000, 0.00000000000000 ) );
#8225 = DIRECTION( '', ( 0.00000000000000, -0.00000000000000, 1.00000000000000 ) );
#8226 = CARTESIAN_POINT( '', ( 0.00000000000000, 25.5000000000000, 7.65000000000000 ) );
#8227 = DIRECTION( '', ( 0.00000000000000, 1.00000000000000, 0.00000000000000 ) );
#8228 = DIRECTION( '', ( 0.00000000000000, -0.00000000000000, 1.00000000000000 ) );
#8229 = DIRECTION( '', ( 0.00000000000000, -0.00000000000000, 1.00000000000000 ) );
#8230 = DIRECTION( '', ( 1.00000000000000, 0.00000000000000, 0.00000000000000 ) );
#8231 = DIRECTION( '', ( -0.00000000000000, 0.00000000000000, -1.00000000000000 ) );
#8232 = DIRECTION( '', ( 1.00000000000000, 0.00000000000000, 0.00000000000000 ) );
#8233 = DIRECTION( '', ( -0.00000000000000, -0.00000000000000, -1.00000000000000 ) );
#8234 = DIRECTION( '', ( 1.00000000000000, 0.00000000000000, 0.00000000000000 ) );
#8235 = DIRECTION( '', ( -0.00000000000000, 0.00000000000000, -1.00000000000000 ) );
#8236 = DIRECTION( '', ( 1.00000000000000, 0.00000000000000, 0.00000000000000 ) );
#8237 = DIRECTION( '', ( 0.00000000000000, -0.00000000000000, 1.00000000000000 ) );
#8238 = DIRECTION( '', ( 1.00000000000000, 0.00000000000000, 0.00000000000000 ) );
#8239 = DIRECTION( '', ( -0.00000000000000, -0.00000000000000, -1.00000000000000 ) );
#8240 = DIRECTION( '', ( 1.00000000000000, 0.00000000000000, 0.00000000000000 ) );
#8241 = DIRECTION( '', ( 0.00000000000000, -0.00000000000000, 1.00000000000000 ) );
#8242 = DIRECTION( '', ( 0.00000000000000, 1.00000000000000, -0.00000000000000 ) );
#8243 = DIRECTION( '', ( -0.00000000000000, -0.00000000000000, -1.00000000000000 ) );
#8244 = DIRECTION( '', ( 0.00000000000000, 1.00000000000000, 0.00000000000000 ) );
#8245 = CARTESIAN_POINT( '', ( 17.5000000000000, 17.6135000000000, 58.8000000000000 ) );
#8246 = DIRECTION( '', ( -0.00000000000000, 1.00000000000000, 0.00000000000000 ) );
#8247 = DIRECTION( '', ( 0.00000000000000, 0.00000000000000, 1.00000000000000 ) );
#8248 = CARTESIAN_POINT( '', ( 17.5000000000000, 17.0000000000000, 58.8000000000000 ) );
#8249 = DIRECTION( '', ( -0.00000000000000, 1.00000000000000, 0.00000000000000 ) );
#8250 = DIRECTION( '', ( 0.00000000000000, 0.00000000000000, 1.00000000000000 ) );
#8251 = DIRECTION( '', ( -0.707106781186532, 0.707106781186563, 0.00000000000000 ) );
#8252 = DIRECTION( '', ( -0.00000000000000, -0.00000000000000, -1.00000000000000 ) );
#8253 = DIRECTION( '', ( -0.707106781186532, 0.707106781186563, 0.00000000000000 ) );
#8254 = DIRECTION( '', ( -0.00000000000000, -0.00000000000000, -1.00000000000000 ) );
#8255 = CARTESIAN_POINT( '', ( 7.98989321881415, 9.50000000000004, 0.00000000000000 ) );
#8256 = DIRECTION( '', ( 0.00000000000000, 0.00000000000000, 1.00000000000000 ) );
#8257 = DIRECTION( '', ( 1.00000000000000, 0.00000000000000, 0.00000000000000 ) );
#8258 = DIRECTION( '', ( -0.00000000000000, -0.00000000000000, -1.00000000000000 ) );
#8259 = CARTESIAN_POINT( '', ( 7.98989321881415, 9.50000000000004, 82.6000000000000 ) );
#8260 = DIRECTION( '', ( 0.00000000000000, 0.00000000000000, 1.00000000000000 ) );
#8261 = DIRECTION( '', ( 1.00000000000000, 0.00000000000000, 0.00000000000000 ) );
#8262 = DIRECTION( '', ( -0.00000000000000, -0.00000000000000, -1.00000000000000 ) );
#8263 = DIRECTION( '', ( -0.00000000000000, -0.00000000000000, -1.00000000000000 ) );
#8264 = DIRECTION( '', ( 1.00000000000000, 0.00000000000000, 0.00000000000000 ) );
#8265 = DIRECTION( '', ( -0.00000000000000, -0.00000000000000, -1.00000000000000 ) );
#8266 = DIRECTION( '', ( 1.00000000000000, 0.00000000000000, 0.00000000000000 ) );
#8267 = DIRECTION( '', ( -0.707106781186551, -0.707106781186544, 0.00000000000000 ) );
#8268 = DIRECTION( '', ( -0.00000000000000, -0.00000000000000, -1.00000000000000 ) );
#8269 = DIRECTION( '', ( -0.707106781186551, -0.707106781186544, 0.00000000000000 ) );
#8270 = DIRECTION( '', ( -0.00000000000000, -0.00000000000000, -1.00000000000000 ) );
#8271 = CARTESIAN_POINT( '', ( 19.5000000000000, 12.0000000000000, 82.6000000000000 ) );
#8272 = DIRECTION( '', ( 0.00000000000000, 0.00000000000000, 1.00000000000000 ) );
#8273 = DIRECTION( '', ( 1.00000000000000, 0.00000000000000, 0.00000000000000 ) );
#8274 = CARTESIAN_POINT( '', ( -9.30000000000000, 0.615213620020649, 82.6000000000000 ) );
#8275 = DIRECTION( '', ( 0.00000000000000, 0.00000000000000, 1.00000000000000 ) );
#8276 = DIRECTION( '', ( 1.00000000000000, 0.00000000000000, -0.00000000000000 ) );
#8277 = DIRECTION( '', ( 0.00000000000000, -1.00000000000000, 0.00000000000000 ) );
#8278 = CARTESIAN_POINT( '', ( -9.29999999999937, 1.68978531500303, 82.6000000000000 ) );
#8279 = DIRECTION( '', ( 0.00000000000000, 0.00000000000000, 1.00000000000000 ) );
#8280 = DIRECTION( '', ( 1.00000000000000, 0.00000000000000, 0.00000000000000 ) );
#8281 = DIRECTION( '', ( 0.706316276861240, -0.707896402760232, 0.00000000000000 ) );
#8282 = CARTESIAN_POINT( '', ( -8.82881313140611, 3.05807300751971, 82.6000000000000 ) );
#8283 = DIRECTION( '', ( 0.00000000000000, 0.00000000000000, 1.00000000000000 ) );
#8284 = DIRECTION( '', ( 1.00000000000000, 0.00000000000000, 0.00000000000000 ) );
#8285 = CARTESIAN_POINT( '', ( -11.2224262673129, 2.88309934339650, 82.6000000000000 ) );
#8286 = DIRECTION( '', ( 0.00000000000000, 0.00000000000000, 1.00000000000000 ) );
#8287 = DIRECTION( '', ( 1.00000000000000, 0.00000000000000, 0.00000000000000 ) );
#8288 = CARTESIAN_POINT( '', ( -11.2000000000000, 5.28299333325930, 82.6000000000000 ) );
#8289 = DIRECTION( '', ( 0.00000000000000, 0.00000000000000, 1.00000000000000 ) );
#8290 = DIRECTION( '', ( 1.00000000000000, 0.00000000000000, 0.00000000000000 ) );
#8291 = DIRECTION( '', ( 0.00000000000000, -1.00000000000000, 0.00000000000000 ) );
#8292 = CARTESIAN_POINT( '', ( -11.2000000000000, 6.71800666674078, 82.6000000000000 ) );
#8293 = DIRECTION( '', ( 0.00000000000000, 0.00000000000000, 1.00000000000000 ) );
#8294 = DIRECTION( '', ( 1.00000000000000, 0.00000000000000, 0.00000000000000 ) );
#8295 = CARTESIAN_POINT( '', ( -11.2224262673129, 9.11790065660349, 82.6000000000000 ) );
#8296 = DIRECTION( '', ( 0.00000000000000, 0.00000000000000, 1.00000000000000 ) );
#8297 = DIRECTION( '', ( 1.00000000000000, 0.00000000000000, 0.00000000000000 ) );
#8298 = CARTESIAN_POINT( '', ( -8.82881346539495, 8.94292246592097, 82.6000000000000 ) );
#8299 = DIRECTION( '', ( 0.00000000000000, 0.00000000000000, 1.00000000000000 ) );
#8300 = DIRECTION( '', ( 1.00000000000000, 0.00000000000000, 0.00000000000000 ) );
#8301 = CARTESIAN_POINT( '', ( -7.98889321881335, 9.50000000000031, 82.6000000000000 ) );
#8302 = DIRECTION( '', ( 0.00000000000000, 0.00000000000000, 1.00000000000000 ) );
#8303 = DIRECTION( '', ( 1.00000000000000, 0.00000000000000, 0.00000000000000 ) );
#8304 = DIRECTION( '', ( -1.00000000000000, 0.00000000000000, 0.00000000000000 ) );
#8305 = DIRECTION( '', ( -0.707106781186551, 0.707106781186544, 0.00000000000000 ) );
#8306 = CARTESIAN_POINT( '', ( 8.82873590042173, 8.94400003086640, 82.6000000000000 ) );
#8307 = DIRECTION( '', ( 0.00000000000000, 0.00000000000000, 1.00000000000000 ) );
#8308 = DIRECTION( '', ( 1.00000000000000, 0.00000000000000, 0.00000000000000 ) );
#8309 = CARTESIAN_POINT( '', ( 11.2224255740827, 9.11791015214260, 82.6000000000000 ) );
#8310 = DIRECTION( '', ( 0.00000000000000, 0.00000000000000, 1.00000000000000 ) );
#8311 = DIRECTION( '', ( 1.00000000000000, 0.00000000000000, 0.00000000000000 ) );
#8312 = CARTESIAN_POINT( '', ( 11.2000000000000, 6.71801500037505, 82.6000000000000 ) );
#8313 = DIRECTION( '', ( 0.00000000000000, 0.00000000000000, 1.00000000000000 ) );
#8314 = DIRECTION( '', ( 1.00000000000000, 0.00000000000000, 0.00000000000000 ) );
#8315 = DIRECTION( '', ( 0.00000000000000, 1.00000000000000, 0.00000000000000 ) );
#8316 = CARTESIAN_POINT( '', ( 11.2000000000000, 5.28298499962495, 82.6000000000000 ) );
#8317 = DIRECTION( '', ( 0.00000000000000, 0.00000000000000, 1.00000000000000 ) );
#8318 = DIRECTION( '', ( 1.00000000000000, 0.00000000000000, 0.00000000000000 ) );
#8319 = CARTESIAN_POINT( '', ( 11.2224255740827, 2.88308984785741, 82.6000000000000 ) );
#8320 = DIRECTION( '', ( 0.00000000000000, 0.00000000000000, 1.00000000000000 ) );
#8321 = DIRECTION( '', ( 1.00000000000000, 0.00000000000000, 0.00000000000000 ) );
#8322 = CARTESIAN_POINT( '', ( 8.82873590042170, 3.05699996913362, 82.6000000000000 ) );
#8323 = DIRECTION( '', ( 0.00000000000000, 0.00000000000000, 1.00000000000000 ) );
#8324 = DIRECTION( '', ( 1.00000000000000, 0.00000000000000, 0.00000000000000 ) );
#8325 = DIRECTION( '', ( 0.707106781186554, 0.707106781186541, 0.00000000000000 ) );
#8326 = CARTESIAN_POINT( '', ( 9.30000000000000, 1.68978643762691, 82.6000000000000 ) );
#8327 = DIRECTION( '', ( 0.00000000000000, 0.00000000000000, 1.00000000000000 ) );
#8328 = DIRECTION( '', ( 1.00000000000000, 0.00000000000000, 0.00000000000000 ) );
#8329 = DIRECTION( '', ( 0.00000000000000, 1.00000000000000, 0.00000000000000 ) );
#8330 = DIRECTION( '', ( 1.00000000000000, 0.00000000000000, 0.00000000000000 ) );
#8331 = DIRECTION( '', ( 0.00000000000000, -1.00000000000000, 0.00000000000000 ) );
#8332 = DIRECTION( '', ( 0.707106781186547, -0.707106781186547, 0.00000000000000 ) );
#8333 = DIRECTION( '', ( 5.78241158658935E-16, 1.00000000000000, 0.00000000000000 ) );
#8334 = CARTESIAN_POINT( '', ( -4.33680868994202E-16, 18.0000000000000, 82.6000000000000 ) );
#8335 = DIRECTION( '', ( 0.00000000000000, 0.00000000000000, 1.00000000000000 ) );
#8336 = DIRECTION( '', ( 1.00000000000000, 0.00000000000000, 0.00000000000000 ) );
#8337 = DIRECTION( '', ( 0.00000000000000, -1.00000000000000, 0.00000000000000 ) );
#8338 = DIRECTION( '', ( 1.00000000000000, 0.00000000000000, 0.00000000000000 ) );
#8339 = DIRECTION( '', ( 0.707106781186546, 0.707106781186549, 0.00000000000000 ) );
#8340 = DIRECTION( '', ( 1.55560046005986E-16, 1.00000000000000, 0.00000000000000 ) );
#8341 = CARTESIAN_POINT( '', ( -20.0000000000000, 12.0000000000000, 82.6000000000000 ) );
#8342 = DIRECTION( '', ( 0.00000000000000, 0.00000000000000, 1.00000000000000 ) );
#8343 = DIRECTION( '', ( 1.00000000000000, 0.00000000000000, 0.00000000000000 ) );
#8344 = DIRECTION( '', ( 1.55560046005986E-16, 1.00000000000000, 0.00000000000000 ) );
#8345 = DIRECTION( '', ( -0.707106781186546, 0.707106781186549, 0.00000000000000 ) );
#8346 = DIRECTION( '', ( 1.00000000000000, 0.00000000000000, 0.00000000000000 ) );
#8347 = CARTESIAN_POINT( '', ( -20.0000000000000, 18.0000000000000, 7.25000000000000 ) );
#8348 = DIRECTION( '', ( 1.00000000000000, 0.00000000000000, 0.00000000000000 ) );
#8349 = DIRECTION( '', ( 0.00000000000000, 0.00000000000000, -1.00000000000000 ) );
#8350 = DIRECTION( '', ( 0.707106781186547, 0.707106781186548, 0.00000000000000 ) );
#8351 = DIRECTION( '', ( -0.00000000000000, -0.00000000000000, -1.00000000000000 ) );
#8352 = DIRECTION( '', ( 0.707106781186547, 0.707106781186548, 0.00000000000000 ) );
#8353 = DIRECTION( '', ( -0.00000000000000, -0.00000000000000, -1.00000000000000 ) );
#8354 = CARTESIAN_POINT( '', ( 17.5000000000000, 26.0000000000000, 58.8000000000000 ) );
#8355 = DIRECTION( '', ( -0.00000000000000, 1.00000000000000, 0.00000000000000 ) );
#8356 = DIRECTION( '', ( 0.00000000000000, 0.00000000000000, 1.00000000000000 ) );
#8357 = CARTESIAN_POINT( '', ( 17.5000000000000, 26.0000000000000, 23.8000000000000 ) );
#8358 = DIRECTION( '', ( 0.00000000000000, -1.00000000000000, -0.00000000000000 ) );
#8359 = DIRECTION( '', ( 0.00000000000000, 0.00000000000000, -1.00000000000000 ) );
#8360 = DIRECTION( '', ( -1.00000000000000, 0.00000000000000, 0.00000000000000 ) );
#8361 = DIRECTION( '', ( -1.00000000000000, 0.00000000000000, 0.00000000000000 ) );
#8362 = DIRECTION( '', ( -0.707106781186547, -0.707106781186547, 0.00000000000000 ) );
#8363 = DIRECTION( '', ( 0.707106781186543, -0.707106781186552, 0.00000000000000 ) );
#8364 = DIRECTION( '', ( -0.707106781186543, -0.707106781186552, 0.00000000000000 ) );
#8365 = DIRECTION( '', ( 0.707106781186561, -0.707106781186534, 0.00000000000000 ) );
#8366 = DIRECTION( '', ( 0.707106781186543, 0.707106781186552, 0.00000000000000 ) );
#8367 = DIRECTION( '', ( 0.707106781186550, -0.707106781186545, 0.00000000000000 ) );
#8368 = DIRECTION( '', ( 0.707106781186561, 0.707106781186534, 0.00000000000000 ) );
#8369 = DIRECTION( '', ( -0.707106781186536, 0.707106781186559, 0.00000000000000 ) );
#8370 = DIRECTION( '', ( 0.707106781186552, 0.707106781186543, 0.00000000000000 ) );
#8371 = DIRECTION( '', ( -0.707106781186565, 0.707106781186530, 0.00000000000000 ) );
#8372 = DIRECTION( '', ( -0.707106781186557, -0.707106781186538, 0.00000000000000 ) );
#8373 = DIRECTION( '', ( -0.707106781186550, 0.707106781186545, 0.00000000000000 ) );
#8374 = CARTESIAN_POINT( '', ( 20.0000000000000, 12.0000000000000, -1.00000000000000 ) );
#8375 = DIRECTION( '', ( 0.00000000000000, 0.00000000000000, 1.00000000000000 ) );
#8376 = DIRECTION( '', ( 1.00000000000000, 0.00000000000000, 0.00000000000000 ) );
#8377 = CARTESIAN_POINT( '', ( -11.2224262673129, 9.11790065660349, 0.00000000000000 ) );
#8378 = DIRECTION( '', ( 0.00000000000000, 0.00000000000000, 1.00000000000000 ) );
#8379 = DIRECTION( '', ( 1.00000000000000, 0.00000000000000, 0.00000000000000 ) );
#8380 = DIRECTION( '', ( -0.00000000000000, -0.00000000000000, -1.00000000000000 ) );
#8381 = DIRECTION( '', ( -0.00000000000000, -0.00000000000000, -1.00000000000000 ) );
#8382 = CARTESIAN_POINT( '', ( 20.0000000000000, 18.0000000000000, 7.25000000000000 ) );
#8383 = DIRECTION( '', ( 1.00000000000000, 0.00000000000000, 0.00000000000000 ) );
#8384 = DIRECTION( '', ( 0.00000000000000, 0.00000000000000, -1.00000000000000 ) );
#8385 = CARTESIAN_POINT( '', ( 22.5000000000000, 18.0000000000000, 7.25000000000000 ) );
#8386 = DIRECTION( '', ( 1.00000000000000, 0.00000000000000, -0.00000000000000 ) );
#8387 = DIRECTION( '', ( -0.00000000000000, 0.00000000000000, -1.00000000000000 ) );
#8388 = CARTESIAN_POINT( '', ( -17.5000000000000, 17.0000000000000, 23.8000000000000 ) );
#8389 = DIRECTION( '', ( 0.00000000000000, -1.00000000000000, -0.00000000000000 ) );
#8390 = DIRECTION( '', ( 0.00000000000000, 0.00000000000000, -1.00000000000000 ) );
#8391 = CARTESIAN_POINT( '', ( 22.5000000000000, 18.0000000000000, 75.3500000000000 ) );
#8392 = DIRECTION( '', ( 1.00000000000000, 0.00000000000000, -0.00000000000000 ) );
#8393 = DIRECTION( '', ( -0.00000000000000, 0.00000000000000, -1.00000000000000 ) );
#8394 = DIRECTION( '', ( -0.00000000000000, -0.00000000000000, -1.00000000000000 ) );
#8395 = DIRECTION( '', ( 0.00000000000000, -1.00000000000000, 0.00000000000000 ) );
#8396 = DIRECTION( '', ( 0.00000000000000, 0.00000000000000, -1.00000000000000 ) );
#8397 = DIRECTION( '', ( 0.00000000000000, -1.00000000000000, 0.00000000000000 ) );
#8398 = DIRECTION( '', ( 0.707106781186546, 0.707106781186549, 0.00000000000000 ) );
#8399 = DIRECTION( '', ( -0.00000000000000, -0.00000000000000, -1.00000000000000 ) );
#8400 = DIRECTION( '', ( 0.707106781186546, 0.707106781186549, 0.00000000000000 ) );
#8401 = DIRECTION( '', ( -0.00000000000000, -0.00000000000000, -1.00000000000000 ) );
#8402 = DIRECTION( '', ( 0.707106781186543, 0.707106781186552, 0.00000000000000 ) );
#8403 = DIRECTION( '', ( -0.00000000000000, -0.00000000000000, -1.00000000000000 ) );
#8404 = DIRECTION( '', ( 0.707106781186543, 0.707106781186552, 0.00000000000000 ) );
#8405 = DIRECTION( '', ( -0.00000000000000, -0.00000000000000, -1.00000000000000 ) );
#8406 = CARTESIAN_POINT( '', ( 11.2224255740827, 10.8830898478574, 0.00000000000000 ) );
#8407 = DIRECTION( '', ( 0.00000000000000, 0.00000000000000, 1.00000000000000 ) );
#8408 = DIRECTION( '', ( 1.00000000000000, 0.00000000000000, 0.00000000000000 ) );
#8409 = DIRECTION( '', ( -0.00000000000000, -0.00000000000000, -1.00000000000000 ) );
#8410 = CARTESIAN_POINT( '', ( 11.2224255740827, 10.8830898478574, 100.000000000000 ) );
#8411 = DIRECTION( '', ( 0.00000000000000, 0.00000000000000, 1.00000000000000 ) );
#8412 = DIRECTION( '', ( 1.00000000000000, 0.00000000000000, 0.00000000000000 ) );
#8413 = DIRECTION( '', ( -0.00000000000000, -0.00000000000000, -1.00000000000000 ) );
#8414 = DIRECTION( '', ( 1.55560046005986E-16, 1.00000000000000, 0.00000000000000 ) );
#8415 = DIRECTION( '', ( -0.00000000000000, -0.00000000000000, -1.00000000000000 ) );
#8416 = DIRECTION( '', ( 1.55560046005986E-16, 1.00000000000000, 0.00000000000000 ) );
#8417 = DIRECTION( '', ( 1.55560046005986E-16, 1.00000000000000, 0.00000000000000 ) );
#8418 = CARTESIAN_POINT( '', ( 0.00000000000000, 9.00000000000000, 20.0000000000000 ) );
#8419 = DIRECTION( '', ( 0.00000000000000, -1.00000000000000, -0.00000000000000 ) );
#8420 = DIRECTION( '', ( 0.00000000000000, 0.00000000000000, -1.00000000000000 ) );
#8421 = CARTESIAN_POINT( '', ( 0.00000000000000, 9.00000000000000, 20.0000000000000 ) );
#8422 = DIRECTION( '', ( 0.00000000000000, -1.00000000000000, -0.00000000000000 ) );
#8423 = DIRECTION( '', ( 0.00000000000000, 0.00000000000000, -1.00000000000000 ) );
#8424 = DIRECTION( '', ( 0.707106781186561, -0.707106781186534, 0.00000000000000 ) );
#8425 = DIRECTION( '', ( 0.00000000000000, 0.00000000000000, 1.00000000000000 ) );
#8426 = DIRECTION( '', ( 0.00000000000000, 0.00000000000000, 1.00000000000000 ) );
#8427 = DIRECTION( '', ( 5.78241158658935E-16, 1.00000000000000, 0.00000000000000 ) );
#8428 = DIRECTION( '', ( 5.78241158658935E-16, 1.00000000000000, 0.00000000000000 ) );
#8429 = CARTESIAN_POINT( '', ( 9.30000000000000, 9.68978643762691, 0.00000000000000 ) );
#8430 = DIRECTION( '', ( 0.00000000000000, 0.00000000000000, 1.00000000000000 ) );
#8431 = DIRECTION( '', ( 1.00000000000000, 0.00000000000000, 0.00000000000000 ) );
#8432 = DIRECTION( '', ( -0.00000000000000, -0.00000000000000, -1.00000000000000 ) );
#8433 = CARTESIAN_POINT( '', ( 9.30000000000000, 9.68978643762691, 100.000000000000 ) );
#8434 = DIRECTION( '', ( 0.00000000000000, 0.00000000000000, 1.00000000000000 ) );
#8435 = DIRECTION( '', ( 1.00000000000000, 0.00000000000000, 0.00000000000000 ) );
#8436 = DIRECTION( '', ( -0.00000000000000, -0.00000000000000, -1.00000000000000 ) );
#8437 = DIRECTION( '', ( 0.707106781186545, -0.707106781186550, 0.00000000000000 ) );
#8438 = DIRECTION( '', ( 1.00000000000000, 0.00000000000000, 0.00000000000000 ) );
#8439 = DIRECTION( '', ( 0.500000000000000, -0.866025403784438, 0.00000000000000 ) );
#8440 = DIRECTION( '', ( 0.500000000000000, 0.866025403784439, -0.00000000000000 ) );
#8441 = DIRECTION( '', ( 0.707106781186546, 0.707106781186549, -0.00000000000000 ) );
#8442 = DIRECTION( '', ( -0.707106781186547, 0.707106781186548, 0.00000000000000 ) );
#8443 = DIRECTION( '', ( 1.00000000000000, 0.00000000000000, 0.00000000000000 ) );
#8444 = DIRECTION( '', ( -0.707106781186546, 0.707106781186549, 0.00000000000000 ) );
#8445 = DIRECTION( '', ( 1.55560046005986E-16, 1.00000000000000, 0.00000000000000 ) );
#8446 = DIRECTION( '', ( 0.707106781186546, 0.707106781186549, 0.00000000000000 ) );
#8447 = DIRECTION( '', ( 1.00000000000000, 0.00000000000000, 0.00000000000000 ) );
#8448 = DIRECTION( '', ( 0.00000000000000, -1.00000000000000, 0.00000000000000 ) );
#8449 = CARTESIAN_POINT( '', ( -4.33680868994202E-16, 18.0000000000000, 80.6000000000000 ) );
#8450 = DIRECTION( '', ( 0.00000000000000, 0.00000000000000, 1.00000000000000 ) );
#8451 = DIRECTION( '', ( 1.00000000000000, 0.00000000000000, 0.00000000000000 ) );
#8452 = DIRECTION( '', ( 5.78241158658935E-16, 1.00000000000000, 0.00000000000000 ) );
#8453 = DIRECTION( '', ( 0.707106781186547, -0.707106781186547, 0.00000000000000 ) );
#8454 = DIRECTION( '', ( 0.00000000000000, -1.00000000000000, 0.00000000000000 ) );
#8455 = DIRECTION( '', ( 1.00000000000000, 0.00000000000000, 0.00000000000000 ) );
#8456 = DIRECTION( '', ( -0.707106781186547, -0.707106781186547, 0.00000000000000 ) );
#8457 = DIRECTION( '', ( 0.706316276861240, -0.707896402760232, 0.00000000000000 ) );
#8458 = DIRECTION( '', ( -0.00000000000000, -0.00000000000000, -1.00000000000000 ) );
#8459 = DIRECTION( '', ( 0.706316276861240, -0.707896402760232, 0.00000000000000 ) );
#8460 = DIRECTION( '', ( -0.00000000000000, -0.00000000000000, -1.00000000000000 ) );
#8461 = DIRECTION( '', ( 0.00000000000000, 0.00000000000000, 1.00000000000000 ) );
#8462 = DIRECTION( '', ( 0.00000000000000, 0.00000000000000, 1.00000000000000 ) );
#8463 = CARTESIAN_POINT( '', ( 11.2224255740827, 17.1179101521426, 0.00000000000000 ) );
#8464 = DIRECTION( '', ( 0.00000000000000, 0.00000000000000, 1.00000000000000 ) );
#8465 = DIRECTION( '', ( 1.00000000000000, 0.00000000000000, 0.00000000000000 ) );
#8466 = CARTESIAN_POINT( '', ( 11.2224255740827, 17.1179101521426, 100.000000000000 ) );
#8467 = DIRECTION( '', ( 0.00000000000000, 0.00000000000000, 1.00000000000000 ) );
#8468 = DIRECTION( '', ( 1.00000000000000, 0.00000000000000, 0.00000000000000 ) );
#8469 = DIRECTION( '', ( -0.00000000000000, -0.00000000000000, -1.00000000000000 ) );
#8470 = DIRECTION( '', ( -0.706985170254308, -0.707228371207269, 0.00000000000000 ) );
#8471 = DIRECTION( '', ( -0.00000000000000, -0.00000000000000, -1.00000000000000 ) );
#8472 = DIRECTION( '', ( -0.706985170254308, -0.707228371207269, 0.00000000000000 ) );
#8473 = DIRECTION( '', ( 0.707106781186546, 0.707106781186549, 0.00000000000000 ) );
#8474 = CARTESIAN_POINT( '', ( -22.5000000000000, 18.0000000000000, 7.25000000000000 ) );
#8475 = DIRECTION( '', ( -1.00000000000000, 0.00000000000000, 0.00000000000000 ) );
#8476 = DIRECTION( '', ( 0.00000000000000, 0.00000000000000, 1.00000000000000 ) );
#8477 = DIRECTION( '', ( -0.707106781186547, 0.707106781186548, 0.00000000000000 ) );
#8478 = DIRECTION( '', ( -0.00000000000000, -0.00000000000000, -1.00000000000000 ) );
#8479 = DIRECTION( '', ( -0.707106781186547, 0.707106781186548, 0.00000000000000 ) );
#8480 = DIRECTION( '', ( -0.00000000000000, -0.00000000000000, -1.00000000000000 ) );
#8481 = DIRECTION( '', ( 0.00000000000000, 0.00000000000000, 1.00000000000000 ) );
#8482 = DIRECTION( '', ( 0.00000000000000, 0.00000000000000, 1.00000000000000 ) );
#8483 = DIRECTION( '', ( 0.00000000000000, -1.00000000000000, 0.00000000000000 ) );
#8484 = DIRECTION( '', ( 0.00000000000000, -1.00000000000000, 0.00000000000000 ) );
#8485 = DIRECTION( '', ( 0.707106781186554, 0.707106781186541, 0.00000000000000 ) );
#8486 = DIRECTION( '', ( -0.00000000000000, -0.00000000000000, -1.00000000000000 ) );
#8487 = DIRECTION( '', ( -0.00000000000000, -0.00000000000000, -1.00000000000000 ) );
#8488 = DIRECTION( '', ( 0.00000000000000, -1.00000000000000, 0.00000000000000 ) );
#8489 = DIRECTION( '', ( 0.00000000000000, 0.00000000000000, -1.00000000000000 ) );
#8490 = DIRECTION( '', ( 0.00000000000000, -1.00000000000000, 0.00000000000000 ) );
#8491 = DIRECTION( '', ( 0.00000000000000, 0.00000000000000, 1.00000000000000 ) );
#8492 = DIRECTION( '', ( 0.00000000000000, 0.00000000000000, 1.00000000000000 ) );
#8493 = CARTESIAN_POINT( '', ( 0.00000000000000, 0.00000000000000, 80.0000000000000 ) );
#8494 = DIRECTION( '', ( 0.00000000000000, 1.00000000000000, 0.00000000000000 ) );
#8495 = DIRECTION( '', ( 0.00000000000000, -0.00000000000000, 1.00000000000000 ) );
#8496 = DIRECTION( '', ( -0.00000000000000, -0.00000000000000, -1.00000000000000 ) );
#8497 = CARTESIAN_POINT( '', ( 0.00000000000000, 0.00000000000000, 20.0000000000000 ) );
#8498 = DIRECTION( '', ( 0.00000000000000, 1.00000000000000, 0.00000000000000 ) );
#8499 = DIRECTION( '', ( 0.00000000000000, -0.00000000000000, 1.00000000000000 ) );
#8500 = DIRECTION( '', ( -0.00000000000000, -0.00000000000000, -1.00000000000000 ) );
#8501 = DIRECTION( '', ( 1.00000000000000, 0.00000000000000, 0.00000000000000 ) );
#8502 = DIRECTION( '', ( 1.00000000000000, 0.00000000000000, 0.00000000000000 ) );
#8503 = DIRECTION( '', ( -0.00000000000000, -0.00000000000000, -1.00000000000000 ) );
#8504 = DIRECTION( '', ( -0.707106781186546, 0.707106781186549, 0.00000000000000 ) );
#8505 = DIRECTION( '', ( -0.00000000000000, -0.00000000000000, -1.00000000000000 ) );
#8506 = DIRECTION( '', ( -0.707106781186546, 0.707106781186549, 0.00000000000000 ) );
#8507 = DIRECTION( '', ( -0.707106781186536, 0.707106781186559, 0.00000000000000 ) );
#8508 = DIRECTION( '', ( 0.00000000000000, 0.00000000000000, 1.00000000000000 ) );
#8509 = DIRECTION( '', ( 0.00000000000000, 0.00000000000000, 1.00000000000000 ) );
#8510 = CARTESIAN_POINT( '', ( -17.5000000000000, 17.6135000000000, 58.8000000000000 ) );
#8511 = DIRECTION( '', ( -0.00000000000000, 1.00000000000000, 0.00000000000000 ) );
#8512 = DIRECTION( '', ( 0.00000000000000, 0.00000000000000, 1.00000000000000 ) );
#8513 = CARTESIAN_POINT( '', ( -17.5000000000000, 17.0000000000000, 58.8000000000000 ) );
#8514 = DIRECTION( '', ( -0.00000000000000, 1.00000000000000, 0.00000000000000 ) );
#8515 = DIRECTION( '', ( 0.00000000000000, 0.00000000000000, 1.00000000000000 ) );
#8516 = DIRECTION( '', ( 0.00000000000000, -1.00000000000000, 0.00000000000000 ) );
#8517 = DIRECTION( '', ( -0.00000000000000, -0.00000000000000, -1.00000000000000 ) );
#8518 = DIRECTION( '', ( 0.00000000000000, -1.00000000000000, 0.00000000000000 ) );
#8519 = DIRECTION( '', ( -0.00000000000000, -0.00000000000000, -1.00000000000000 ) );
#8520 = CARTESIAN_POINT( '', ( -17.5000000000000, 17.6135000000000, 23.8000000000000 ) );
#8521 = DIRECTION( '', ( 0.00000000000000, -1.00000000000000, -0.00000000000000 ) );
#8522 = DIRECTION( '', ( 0.00000000000000, 0.00000000000000, -1.00000000000000 ) );
#8523 = CARTESIAN_POINT( '', ( -17.5000000000000, 26.0000000000000, 23.8000000000000 ) );
#8524 = DIRECTION( '', ( 0.00000000000000, -1.00000000000000, -0.00000000000000 ) );
#8525 = DIRECTION( '', ( 0.00000000000000, 0.00000000000000, -1.00000000000000 ) );
#8526 = DIRECTION( '', ( 0.00000000000000, 1.00000000000000, -0.00000000000000 ) );
#8527 = DIRECTION( '', ( 0.707106781186546, 0.707106781186550, -0.00000000000000 ) );
#8528 = DIRECTION( '', ( 1.00000000000000, 0.00000000000000, 0.00000000000000 ) );
#8529 = DIRECTION( '', ( 0.707106781186547, 0.707106781186547, 0.00000000000000 ) );
#8530 = DIRECTION( '', ( 1.00000000000000, 0.00000000000000, 0.00000000000000 ) );
#8531 = DIRECTION( '', ( 0.500000000000000, -0.866025403784439, 0.00000000000000 ) );
#8532 = CARTESIAN_POINT( '', ( 0.00000000000000, 3.00000000000000, 20.0000000000000 ) );
#8533 = DIRECTION( '', ( 0.707106781186548, 0.707106781186548, 0.00000000000000 ) );
#8534 = DIRECTION( '', ( 0.707106781186548, -0.707106781186548, 0.00000000000000 ) );
#8535 = DIRECTION( '', ( -0.00000000000000, -0.00000000000000, -1.00000000000000 ) );
#8536 = DIRECTION( '', ( 0.707106781186547, -0.707106781186547, 0.00000000000000 ) );
#8537 = DIRECTION( '', ( 0.00000000000000, 0.00000000000000, 1.00000000000000 ) );
#8538 = CARTESIAN_POINT( '', ( -8.82881313140612, 11.0580730075197, 0.00000000000000 ) );
#8539 = DIRECTION( '', ( 0.00000000000000, 0.00000000000000, 1.00000000000000 ) );
#8540 = DIRECTION( '', ( 1.00000000000000, 0.00000000000000, 0.00000000000000 ) );
#8541 = CARTESIAN_POINT( '', ( -8.82881313140612, 11.0580730075197, 100.000000000000 ) );
#8542 = DIRECTION( '', ( 0.00000000000000, 0.00000000000000, 1.00000000000000 ) );
#8543 = DIRECTION( '', ( 1.00000000000000, 0.00000000000000, 0.00000000000000 ) );
#8544 = DIRECTION( '', ( -0.00000000000000, -0.00000000000000, -1.00000000000000 ) );
#8545 = CARTESIAN_POINT( '', ( -11.2000000000000, 14.7180066667408, 0.00000000000000 ) );
#8546 = DIRECTION( '', ( 0.00000000000000, 0.00000000000000, 1.00000000000000 ) );
#8547 = DIRECTION( '', ( 1.00000000000000, 0.00000000000000, 0.00000000000000 ) );
#8548 = CARTESIAN_POINT( '', ( -11.2224262673129, 17.1179006566035, 0.00000000000000 ) );
#8549 = DIRECTION( '', ( 0.00000000000000, 0.00000000000000, 1.00000000000000 ) );
#8550 = DIRECTION( '', ( 1.00000000000000, 0.00000000000000, 0.00000000000000 ) );
#8551 = CARTESIAN_POINT( '', ( -8.82881346539493, 16.9429224659210, 0.00000000000000 ) );
#8552 = DIRECTION( '', ( 0.00000000000000, 0.00000000000000, 1.00000000000000 ) );
#8553 = DIRECTION( '', ( 1.00000000000000, 0.00000000000000, 0.00000000000000 ) );
#8554 = DIRECTION( '', ( -0.707106781186549, -0.707106781186546, 0.00000000000000 ) );
#8555 = CARTESIAN_POINT( '', ( -7.98889321881333, 17.5000000000002, 0.00000000000000 ) );
#8556 = DIRECTION( '', ( 0.00000000000000, 0.00000000000000, 1.00000000000000 ) );
#8557 = DIRECTION( '', ( 1.00000000000000, 0.00000000000000, 0.00000000000000 ) );
#8558 = DIRECTION( '', ( -1.00000000000000, 0.00000000000000, 0.00000000000000 ) );
#8559 = DIRECTION( '', ( -0.707106781186552, 0.707106781186543, 0.00000000000000 ) );
#8560 = CARTESIAN_POINT( '', ( 11.2000000000000, 14.7180150003750, 0.00000000000000 ) );
#8561 = DIRECTION( '', ( 0.00000000000000, 0.00000000000000, 1.00000000000000 ) );
#8562 = DIRECTION( '', ( 1.00000000000000, 0.00000000000000, 0.00000000000000 ) );
#8563 = DIRECTION( '', ( 0.00000000000000, 1.00000000000000, 0.00000000000000 ) );
#8564 = CARTESIAN_POINT( '', ( 11.2000000000000, 13.2829849996249, 0.00000000000000 ) );
#8565 = DIRECTION( '', ( 0.00000000000000, 0.00000000000000, 1.00000000000000 ) );
#8566 = DIRECTION( '', ( 1.00000000000000, 0.00000000000000, 0.00000000000000 ) );
#8567 = CARTESIAN_POINT( '', ( 8.82873590042170, 11.0569999691336, 0.00000000000000 ) );
#8568 = DIRECTION( '', ( 0.00000000000000, 0.00000000000000, 1.00000000000000 ) );
#8569 = DIRECTION( '', ( 1.00000000000000, 0.00000000000000, 0.00000000000000 ) );
#8570 = DIRECTION( '', ( 0.707106781186553, 0.707106781186542, 0.00000000000000 ) );
#8571 = DIRECTION( '', ( 0.00000000000000, 1.00000000000000, 0.00000000000000 ) );
#8572 = CARTESIAN_POINT( '', ( 9.30000000000001, 8.61521362002065, 0.00000000000000 ) );
#8573 = DIRECTION( '', ( 0.00000000000000, 0.00000000000000, 1.00000000000000 ) );
#8574 = DIRECTION( '', ( 1.00000000000000, 0.00000000000000, 0.00000000000000 ) );
#8575 = DIRECTION( '', ( -0.706985170254308, 0.707228371207269, 0.00000000000000 ) );
#8576 = DIRECTION( '', ( 0.00000000000000, 1.00000000000000, 0.00000000000000 ) );
#8577 = DIRECTION( '', ( 1.00000000000000, 0.00000000000000, 0.00000000000000 ) );
#8578 = DIRECTION( '', ( 0.707106781186547, 0.707106781186547, 0.00000000000000 ) );
#8579 = DIRECTION( '', ( 1.00000000000000, 0.00000000000000, 0.00000000000000 ) );
#8580 = DIRECTION( '', ( 0.00000000000000, -1.00000000000000, 0.00000000000000 ) );
#8581 = DIRECTION( '', ( 0.00000000000000, -1.00000000000000, 0.00000000000000 ) );
#8582 = CARTESIAN_POINT( '', ( -9.29999999999938, 9.68978531500304, 0.00000000000000 ) );
#8583 = DIRECTION( '', ( 0.00000000000000, 0.00000000000000, 1.00000000000000 ) );
#8584 = DIRECTION( '', ( 1.00000000000000, 0.00000000000000, 0.00000000000000 ) );
#8585 = CARTESIAN_POINT( '', ( -11.2224262673129, 10.8830993433965, 0.00000000000000 ) );
#8586 = DIRECTION( '', ( 0.00000000000000, 0.00000000000000, 1.00000000000000 ) );
#8587 = DIRECTION( '', ( 1.00000000000000, 0.00000000000000, 0.00000000000000 ) );
#8588 = CARTESIAN_POINT( '', ( -11.2000000000000, 13.2829933332593, 0.00000000000000 ) );
#8589 = DIRECTION( '', ( 0.00000000000000, 0.00000000000000, 1.00000000000000 ) );
#8590 = DIRECTION( '', ( 1.00000000000000, 0.00000000000000, 0.00000000000000 ) );
#8591 = CARTESIAN_POINT( '', ( 19.5000000000000, 12.0000000000000, 83.6000000000000 ) );
#8592 = DIRECTION( '', ( 0.00000000000000, 0.00000000000000, 1.00000000000000 ) );
#8593 = DIRECTION( '', ( 1.00000000000000, 0.00000000000000, 0.00000000000000 ) );
#8594 = CARTESIAN_POINT( '', ( 0.00000000000000, 18.0000000000000, 80.0000000000000 ) );
#8595 = DIRECTION( '', ( 0.00000000000000, -1.00000000000000, -0.00000000000000 ) );
#8596 = DIRECTION( '', ( 0.00000000000000, 0.00000000000000, -1.00000000000000 ) );
#8597 = CARTESIAN_POINT( '', ( 0.00000000000000, 18.0000000000000, 20.0000000000000 ) );
#8598 = DIRECTION( '', ( 0.00000000000000, -1.00000000000000, -0.00000000000000 ) );
#8599 = DIRECTION( '', ( 0.00000000000000, 0.00000000000000, -1.00000000000000 ) );
#8600 = DIRECTION( '', ( -0.00000000000000, -0.00000000000000, -1.00000000000000 ) );
#8601 = DIRECTION( '', ( -1.00000000000000, 0.00000000000000, 0.00000000000000 ) );
#8602 = DIRECTION( '', ( 0.707106781186543, -0.707106781186552, 0.00000000000000 ) );
#8603 = DIRECTION( '', ( 0.00000000000000, 0.00000000000000, 1.00000000000000 ) );
#8604 = DIRECTION( '', ( 0.00000000000000, 0.00000000000000, 1.00000000000000 ) );
#8605 = DIRECTION( '', ( 0.00000000000000, -1.00000000000000, 0.00000000000000 ) );
#8606 = DIRECTION( '', ( 0.00000000000000, -1.00000000000000, 0.00000000000000 ) );
#8607 = DIRECTION( '', ( -0.00000000000000, -0.00000000000000, -1.00000000000000 ) );
#8608 = DIRECTION( '', ( 0.00000000000000, -1.00000000000000, 0.00000000000000 ) );
#8609 = DIRECTION( '', ( 0.00000000000000, -1.00000000000000, 0.00000000000000 ) );
#8610 = DIRECTION( '', ( -0.707106781186551, -0.707106781186544, 0.00000000000000 ) );
#8611 = DIRECTION( '', ( 0.00000000000000, 0.00000000000000, 1.00000000000000 ) );
#8612 = DIRECTION( '', ( -0.707106781186551, -0.707106781186544, 0.00000000000000 ) );
#8613 = DIRECTION( '', ( 0.00000000000000, 0.00000000000000, 1.00000000000000 ) );
#8614 = DIRECTION( '', ( 0.707106781186548, -0.707106781186547, 0.00000000000000 ) );
#8615 = DIRECTION( '', ( 0.00000000000000, 0.00000000000000, 1.00000000000000 ) );
#8616 = DIRECTION( '', ( 0.707106781186548, -0.707106781186547, 0.00000000000000 ) );
#8617 = DIRECTION( '', ( -0.707106781186551, -0.707106781186544, 0.00000000000000 ) );
#8618 = DIRECTION( '', ( -0.00000000000000, -0.00000000000000, -1.00000000000000 ) );
#8619 = DIRECTION( '', ( -0.707106781186551, -0.707106781186544, 0.00000000000000 ) );
#8620 = DIRECTION( '', ( 0.00000000000000, 1.00000000000000, 0.00000000000000 ) );
#8621 = DIRECTION( '', ( -0.00000000000000, -0.00000000000000, -1.00000000000000 ) );
#8622 = CARTESIAN_POINT( '', ( 0.00000000000000, 25.0000000000000, 74.9500000000000 ) );
#8623 = DIRECTION( '', ( -0.00000000000000, 1.00000000000000, 0.00000000000000 ) );
#8624 = DIRECTION( '', ( 0.00000000000000, 0.00000000000000, 1.00000000000000 ) );
#8625 = DIRECTION( '', ( 0.00000000000000, 0.00000000000000, -1.00000000000000 ) );
#8626 = DIRECTION( '', ( -0.707106781186547, 0.707106781186548, 0.00000000000000 ) );
#8627 = CARTESIAN_POINT( '', ( -8.82881346539495, 8.94292246592097, 0.00000000000000 ) );
#8628 = DIRECTION( '', ( 0.00000000000000, 0.00000000000000, 1.00000000000000 ) );
#8629 = DIRECTION( '', ( 1.00000000000000, 0.00000000000000, 0.00000000000000 ) );
#8630 = CARTESIAN_POINT( '', ( 9.30000000000000, 1.68978643762691, 0.00000000000000 ) );
#8631 = DIRECTION( '', ( 0.00000000000000, 0.00000000000000, 1.00000000000000 ) );
#8632 = DIRECTION( '', ( 1.00000000000000, 0.00000000000000, 0.00000000000000 ) );
#8633 = CARTESIAN_POINT( '', ( 20.0000000000000, 12.0000000000000, 0.00000000000000 ) );
#8634 = DIRECTION( '', ( 0.00000000000000, 0.00000000000000, 1.00000000000000 ) );
#8635 = DIRECTION( '', ( 1.00000000000000, 0.00000000000000, 0.00000000000000 ) );
#8636 = DIRECTION( '', ( 0.707106781186547, -0.707106781186548, 0.00000000000000 ) );
#8637 = DIRECTION( '', ( 0.00000000000000, -0.00000000000000, 1.00000000000000 ) );
#8638 = DIRECTION( '', ( -0.707106781186547, 0.707106781186548, 0.00000000000000 ) );
#8639 = DIRECTION( '', ( 0.00000000000000, 0.00000000000000, -1.00000000000000 ) );
#8640 = CARTESIAN_POINT( '', ( 11.2000000000000, 5.28298499962495, 0.00000000000000 ) );
#8641 = DIRECTION( '', ( 0.00000000000000, 0.00000000000000, 1.00000000000000 ) );
#8642 = DIRECTION( '', ( 1.00000000000000, 0.00000000000000, 0.00000000000000 ) );
#8643 = DIRECTION( '', ( -0.00000000000000, -0.00000000000000, -1.00000000000000 ) );
#8644 = DIRECTION( '', ( -0.00000000000000, -0.00000000000000, -1.00000000000000 ) );
#8645 = DIRECTION( '', ( 1.00000000000000, 0.00000000000000, 0.00000000000000 ) );
#8646 = DIRECTION( '', ( 1.00000000000000, 0.00000000000000, 0.00000000000000 ) );
#8647 = DIRECTION( '', ( -0.00000000000000, -0.00000000000000, -1.00000000000000 ) );
#8648 = CARTESIAN_POINT( '', ( 8.82873590042170, 11.0569999691336, 100.000000000000 ) );
#8649 = DIRECTION( '', ( 0.00000000000000, 0.00000000000000, 1.00000000000000 ) );
#8650 = DIRECTION( '', ( 1.00000000000000, 0.00000000000000, 0.00000000000000 ) );
#8651 = DIRECTION( '', ( -0.00000000000000, -0.00000000000000, -1.00000000000000 ) );
#8652 = CARTESIAN_POINT( '', ( 0.00000000000000, 3.00000000000000, 80.0000000000000 ) );
#8653 = DIRECTION( '', ( -0.707106781186548, 0.707106781186548, 0.00000000000000 ) );
#8654 = DIRECTION( '', ( -0.707106781186548, -0.707106781186548, 0.00000000000000 ) );
#8655 = DIRECTION( '', ( -0.00000000000000, -0.00000000000000, -1.00000000000000 ) );
#8656 = CARTESIAN_POINT( '', ( 0.00000000000000, 3.00000000000000, 20.0000000000000 ) );
#8657 = DIRECTION( '', ( -0.707106781186548, 0.707106781186548, 0.00000000000000 ) );
#8658 = DIRECTION( '', ( -0.707106781186548, -0.707106781186548, 0.00000000000000 ) );
#8659 = DIRECTION( '', ( 1.00000000000000, 0.00000000000000, 0.00000000000000 ) );
#8660 = DIRECTION( '', ( -0.00000000000000, -0.00000000000000, -1.00000000000000 ) );
#8661 = DIRECTION( '', ( 1.00000000000000, 0.00000000000000, 0.00000000000000 ) );
#8662 = DIRECTION( '', ( 0.00000000000000, 0.00000000000000, -1.00000000000000 ) );
#8663 = DIRECTION( '', ( 1.00000000000000, 0.00000000000000, 0.00000000000000 ) );
#8664 = DIRECTION( '', ( 1.00000000000000, 0.00000000000000, 0.00000000000000 ) );
#8665 = DIRECTION( '', ( 0.00000000000000, 0.00000000000000, 1.00000000000000 ) );
#8666 = DIRECTION( '', ( -0.707106781186547, -0.707106781186547, 0.00000000000000 ) );
#8667 = DIRECTION( '', ( 0.707106781186547, 0.707106781186548, 0.00000000000000 ) );
#8668 = DIRECTION( '', ( 0.00000000000000, 0.00000000000000, 1.00000000000000 ) );
#8669 = DIRECTION( '', ( 0.707106781186547, 0.707106781186548, 0.00000000000000 ) );
#8670 = DIRECTION( '', ( 0.00000000000000, 0.00000000000000, 1.00000000000000 ) );
#8671 = DIRECTION( '', ( 0.706316276861240, -0.707896402760232, 0.00000000000000 ) );
#8672 = DIRECTION( '', ( -0.00000000000000, -0.00000000000000, -1.00000000000000 ) );
#8673 = DIRECTION( '', ( -0.00000000000000, -0.00000000000000, -1.00000000000000 ) );
#8674 = DIRECTION( '', ( 0.707106781186547, -0.707106781186547, 0.00000000000000 ) );
#8675 = DIRECTION( '', ( -0.707106781186547, 0.707106781186547, 0.00000000000000 ) );
#8676 = DIRECTION( '', ( 0.00000000000000, 0.00000000000000, 1.00000000000000 ) );
#8677 = CARTESIAN_POINT( '', ( 11.2224255740827, 2.88308984785741, 0.00000000000000 ) );
#8678 = DIRECTION( '', ( 0.00000000000000, 0.00000000000000, 1.00000000000000 ) );
#8679 = DIRECTION( '', ( 1.00000000000000, 0.00000000000000, 0.00000000000000 ) );
#8680 = DIRECTION( '', ( -0.00000000000000, -0.00000000000000, -1.00000000000000 ) );
#8681 = DIRECTION( '', ( 0.707106781186547, -0.707106781186548, 0.00000000000000 ) );
#8682 = DIRECTION( '', ( 0.00000000000000, 0.00000000000000, 1.00000000000000 ) );
#8683 = DIRECTION( '', ( 0.707106781186547, -0.707106781186548, 0.00000000000000 ) );
#8684 = CARTESIAN_POINT( '', ( 0.00000000000000, 0.00000000000000, 80.0000000000000 ) );
#8685 = DIRECTION( '', ( 0.00000000000000, -1.00000000000000, -0.00000000000000 ) );
#8686 = DIRECTION( '', ( 0.00000000000000, 0.00000000000000, -1.00000000000000 ) );
#8687 = DIRECTION( '', ( -0.00000000000000, -0.00000000000000, -1.00000000000000 ) );
#8688 = DIRECTION( '', ( 1.00000000000000, 0.00000000000000, 0.00000000000000 ) );
#8689 = DIRECTION( '', ( -0.00000000000000, -0.00000000000000, -1.00000000000000 ) );
#8690 = CARTESIAN_POINT( '', ( 0.00000000000000, 0.00000000000000, 20.0000000000000 ) );
#8691 = DIRECTION( '', ( 0.00000000000000, -1.00000000000000, -0.00000000000000 ) );
#8692 = DIRECTION( '', ( 0.00000000000000, 0.00000000000000, -1.00000000000000 ) );
#8693 = DIRECTION( '', ( -0.00000000000000, -0.00000000000000, -1.00000000000000 ) );
#8694 = DIRECTION( '', ( -0.707106781186549, -0.707106781186546, 0.00000000000000 ) );
#8695 = DIRECTION( '', ( -0.00000000000000, -0.00000000000000, -1.00000000000000 ) );
#8696 = DIRECTION( '', ( -0.707106781186547, 0.707106781186548, 0.00000000000000 ) );
#8697 = DIRECTION( '', ( -0.707106781186547, -0.707106781186548, 0.00000000000000 ) );
#8698 = DIRECTION( '', ( 0.707106781186548, 0.707106781186548, 0.00000000000000 ) );
#8699 = DIRECTION( '', ( 0.707106781186547, 0.707106781186547, 0.00000000000000 ) );
#8700 = DIRECTION( '', ( 0.707106781186547, -0.707106781186548, 0.00000000000000 ) );
#8701 = DIRECTION( '', ( 0.707106781186551, -0.707106781186544, 0.00000000000000 ) );
#8702 = DIRECTION( '', ( -0.707106781186548, -0.707106781186547, 0.00000000000000 ) );
#8703 = CARTESIAN_POINT( '', ( -20.0000000000000, 12.0000000000000, 83.6000000000000 ) );
#8704 = DIRECTION( '', ( 0.00000000000000, 0.00000000000000, 1.00000000000000 ) );
#8705 = DIRECTION( '', ( 1.00000000000000, 0.00000000000000, 0.00000000000000 ) );
#8706 = CARTESIAN_POINT( '', ( 0.00000000000000, 3.00000000000000, 80.0000000000000 ) );
#8707 = DIRECTION( '', ( 0.707106781186548, 0.707106781186548, 0.00000000000000 ) );
#8708 = DIRECTION( '', ( 0.707106781186548, -0.707106781186548, 0.00000000000000 ) );
#8709 = CARTESIAN_POINT( '', ( 0.00000000000000, 3.00000000000000, 80.0000000000000 ) );
#8710 = DIRECTION( '', ( 0.707106781186548, 0.707106781186548, 0.00000000000000 ) );
#8711 = DIRECTION( '', ( 0.707106781186548, -0.707106781186548, 0.00000000000000 ) );
#8712 = CARTESIAN_POINT( '', ( 0.00000000000000, 0.500000000000000, 80.0000000000000 ) );
#8713 = DIRECTION( '', ( 0.00000000000000, 1.00000000000000, 0.00000000000000 ) );
#8714 = DIRECTION( '', ( 0.00000000000000, -0.00000000000000, 1.00000000000000 ) );
#8715 = CARTESIAN_POINT( '', ( 0.00000000000000, 3.00000000000000, 80.0000000000000 ) );
#8716 = DIRECTION( '', ( -0.707106781186548, 0.707106781186548, 0.00000000000000 ) );
#8717 = DIRECTION( '', ( -0.707106781186548, -0.707106781186548, 0.00000000000000 ) );
#8718 = CARTESIAN_POINT( '', ( 0.00000000000000, 9.00000000000000, 80.0000000000000 ) );
#8719 = DIRECTION( '', ( 0.00000000000000, -1.00000000000000, -0.00000000000000 ) );
#8720 = DIRECTION( '', ( 0.00000000000000, 0.00000000000000, -1.00000000000000 ) );
#8721 = CARTESIAN_POINT( '', ( -11.2000000000000, 6.71800666674078, 0.00000000000000 ) );
#8722 = DIRECTION( '', ( 0.00000000000000, 0.00000000000000, 1.00000000000000 ) );
#8723 = DIRECTION( '', ( 1.00000000000000, 0.00000000000000, 0.00000000000000 ) );
#8724 = DIRECTION( '', ( -0.00000000000000, -0.00000000000000, -1.00000000000000 ) );
#8725 = DIRECTION( '', ( -0.707106781186557, -0.707106781186538, 0.00000000000000 ) );
#8726 = DIRECTION( '', ( -0.00000000000000, -0.00000000000000, -1.00000000000000 ) );
#8727 = DIRECTION( '', ( -0.707106781186557, -0.707106781186538, 0.00000000000000 ) );
#8728 = DIRECTION( '', ( -0.00000000000000, -0.00000000000000, -1.00000000000000 ) );
#8729 = DIRECTION( '', ( 0.707106781186548, 0.707106781186548, 0.00000000000000 ) );
#8730 = CARTESIAN_POINT( '', ( -11.2000000000000, 14.7180066667408, 100.000000000000 ) );
#8731 = DIRECTION( '', ( 0.00000000000000, 0.00000000000000, 1.00000000000000 ) );
#8732 = DIRECTION( '', ( 1.00000000000000, 0.00000000000000, 0.00000000000000 ) );
#8733 = CARTESIAN_POINT( '', ( -11.2000000000000, 13.2829933332593, 100.000000000000 ) );
#8734 = DIRECTION( '', ( 0.00000000000000, 0.00000000000000, 1.00000000000000 ) );
#8735 = DIRECTION( '', ( 1.00000000000000, 0.00000000000000, 0.00000000000000 ) );
#8736 = CARTESIAN_POINT( '', ( -11.2224262673129, 10.8830993433965, 100.000000000000 ) );
#8737 = DIRECTION( '', ( 0.00000000000000, 0.00000000000000, 1.00000000000000 ) );
#8738 = DIRECTION( '', ( 1.00000000000000, 0.00000000000000, 0.00000000000000 ) );
#8739 = CARTESIAN_POINT( '', ( -9.29999999999938, 9.68978531500304, 100.000000000000 ) );
#8740 = DIRECTION( '', ( 0.00000000000000, 0.00000000000000, 1.00000000000000 ) );
#8741 = DIRECTION( '', ( 1.00000000000000, 0.00000000000000, 0.00000000000000 ) );
#8742 = DIRECTION( '', ( 0.00000000000000, -1.00000000000000, 0.00000000000000 ) );
#8743 = DIRECTION( '', ( 0.707106781186547, 0.707106781186547, 0.00000000000000 ) );
#8744 = DIRECTION( '', ( 1.00000000000000, 0.00000000000000, 0.00000000000000 ) );
#8745 = DIRECTION( '', ( 0.707106781186547, -0.707106781186547, 0.00000000000000 ) );
#8746 = DIRECTION( '', ( 0.00000000000000, 1.00000000000000, 0.00000000000000 ) );
#8747 = DIRECTION( '', ( -0.706985170254308, 0.707228371207269, 0.00000000000000 ) );
#8748 = CARTESIAN_POINT( '', ( 9.30000000000001, 8.61521362002065, 100.000000000000 ) );
#8749 = DIRECTION( '', ( 0.00000000000000, 0.00000000000000, 1.00000000000000 ) );
#8750 = DIRECTION( '', ( 1.00000000000000, 0.00000000000000, 0.00000000000000 ) );
#8751 = DIRECTION( '', ( 0.00000000000000, 1.00000000000000, 0.00000000000000 ) );
#8752 = DIRECTION( '', ( 0.707106781186553, 0.707106781186542, 0.00000000000000 ) );
#8753 = CARTESIAN_POINT( '', ( 11.2000000000000, 13.2829849996249, 100.000000000000 ) );
#8754 = DIRECTION( '', ( 0.00000000000000, 0.00000000000000, 1.00000000000000 ) );
#8755 = DIRECTION( '', ( 1.00000000000000, 0.00000000000000, 0.00000000000000 ) );
#8756 = DIRECTION( '', ( 0.00000000000000, 1.00000000000000, 0.00000000000000 ) );
#8757 = CARTESIAN_POINT( '', ( 11.2000000000000, 14.7180150003750, 100.000000000000 ) );
#8758 = DIRECTION( '', ( 0.00000000000000, 0.00000000000000, 1.00000000000000 ) );
#8759 = DIRECTION( '', ( 1.00000000000000, 0.00000000000000, 0.00000000000000 ) );
#8760 = DIRECTION( '', ( -0.707106781186552, 0.707106781186543, 0.00000000000000 ) );
#8761 = CARTESIAN_POINT( '', ( -7.98889321881333, 17.5000000000002, 100.000000000000 ) );
#8762 = DIRECTION( '', ( 0.00000000000000, 0.00000000000000, 1.00000000000000 ) );
#8763 = DIRECTION( '', ( 1.00000000000000, 0.00000000000000, 0.00000000000000 ) );
#8764 = CARTESIAN_POINT( '', ( -8.82881346539493, 16.9429224659210, 100.000000000000 ) );
#8765 = DIRECTION( '', ( 0.00000000000000, 0.00000000000000, 1.00000000000000 ) );
#8766 = DIRECTION( '', ( 1.00000000000000, 0.00000000000000, 0.00000000000000 ) );
#8767 = CARTESIAN_POINT( '', ( -11.2224262673129, 17.1179006566035, 100.000000000000 ) );
#8768 = DIRECTION( '', ( 0.00000000000000, 0.00000000000000, 1.00000000000000 ) );
#8769 = DIRECTION( '', ( 1.00000000000000, 0.00000000000000, 0.00000000000000 ) );
#8770 = DIRECTION( '', ( 0.707106781186547, 0.707106781186547, 0.00000000000000 ) );
#8771 = DIRECTION( '', ( -0.00000000000000, -0.00000000000000, -1.00000000000000 ) );
#8772 = DIRECTION( '', ( -0.00000000000000, -0.00000000000000, -1.00000000000000 ) );
#8773 = DIRECTION( '', ( -0.00000000000000, -0.00000000000000, -1.00000000000000 ) );
#8774 = DIRECTION( '', ( -0.707106781186547, -0.707106781186547, 0.00000000000000 ) );
#8775 = DIRECTION( '', ( -0.00000000000000, -0.00000000000000, -1.00000000000000 ) );
#8776 = DIRECTION( '', ( -0.707106781186547, -0.707106781186547, 0.00000000000000 ) );
#8777 = DIRECTION( '', ( -0.00000000000000, -0.00000000000000, -1.00000000000000 ) );
#8778 = DIRECTION( '', ( -0.00000000000000, -0.00000000000000, -1.00000000000000 ) );
#8779 = DIRECTION( '', ( -0.00000000000000, -0.00000000000000, -1.00000000000000 ) );
#8780 = DIRECTION( '', ( 1.00000000000000, 0.00000000000000, 0.00000000000000 ) );
#8781 = DIRECTION( '', ( -0.707106781186548, -0.707106781186547, 0.00000000000000 ) );
#8782 = DIRECTION( '', ( -0.00000000000000, -0.00000000000000, -1.00000000000000 ) );
#8783 = CARTESIAN_POINT( '', ( -9.30000000000000, 0.615213620020649, 0.00000000000000 ) );
#8784 = DIRECTION( '', ( 0.00000000000000, 0.00000000000000, 1.00000000000000 ) );
#8785 = DIRECTION( '', ( 1.00000000000000, 0.00000000000000, 0.00000000000000 ) );
#8786 = DIRECTION( '', ( -0.00000000000000, -0.00000000000000, -1.00000000000000 ) );
#8787 = DIRECTION( '', ( 0.707106781186548, 0.707106781186548, 0.00000000000000 ) );
#8788 = DIRECTION( '', ( 0.00000000000000, 0.00000000000000, 1.00000000000000 ) );
#8789 = DIRECTION( '', ( 0.707106781186548, 0.707106781186548, 0.00000000000000 ) );
#8790 = DIRECTION( '', ( 0.00000000000000, 0.00000000000000, 1.00000000000000 ) );
#8791 = DIRECTION( '', ( -1.00000000000000, 0.00000000000000, 0.00000000000000 ) );
#8792 = DIRECTION( '', ( 0.707106781186546, 0.707106781186549, -0.00000000000000 ) );
#8793 = DIRECTION( '', ( 0.00000000000000, -1.00000000000000, 0.00000000000000 ) );
#8794 = DIRECTION( '', ( 0.500000000000000, 0.866025403784439, 0.00000000000000 ) );
#8795 = DIRECTION( '', ( 0.707106781186547, -0.707106781186547, 0.00000000000000 ) );
#8796 = DIRECTION( '', ( 0.707106781186547, -0.707106781186547, 0.00000000000000 ) );
#8797 = DIRECTION( '', ( 1.00000000000000, 0.00000000000000, 0.00000000000000 ) );
#8798 = DIRECTION( '', ( -0.00000000000000, -0.00000000000000, -1.00000000000000 ) );
#8799 = DIRECTION( '', ( -1.00000000000000, 0.00000000000000, 0.00000000000000 ) );
#8800 = DIRECTION( '', ( -0.00000000000000, -0.00000000000000, -1.00000000000000 ) );
#8801 = DIRECTION( '', ( 0.500000000000000, -0.866025403784438, 0.00000000000000 ) );
#8802 = DIRECTION( '', ( -0.707106781186547, 0.707106781186548, 0.00000000000000 ) );
#8803 = DIRECTION( '', ( -0.707106781186547, -0.707106781186548, 0.00000000000000 ) );
#8804 = DIRECTION( '', ( -0.707106781186532, 0.707106781186563, 0.00000000000000 ) );
#8805 = DIRECTION( '', ( -0.707106781186547, 0.707106781186548, 0.00000000000000 ) );
#8806 = DIRECTION( '', ( 0.707106781186547, 0.707106781186547, 0.00000000000000 ) );
#8807 = DIRECTION( '', ( 0.707106781186551, -0.707106781186544, 0.00000000000000 ) );
#8808 = DIRECTION( '', ( -0.707106781186548, -0.707106781186547, 0.00000000000000 ) );
#8809 = DIRECTION( '', ( 0.707106781186550, -0.707106781186545, 0.00000000000000 ) );
#8810 = DIRECTION( '', ( -0.00000000000000, -0.00000000000000, -1.00000000000000 ) );
#8811 = DIRECTION( '', ( 0.707106781186550, -0.707106781186545, 0.00000000000000 ) );
#8812 = DIRECTION( '', ( -0.00000000000000, -0.00000000000000, -1.00000000000000 ) );
#8813 = DIRECTION( '', ( -0.00000000000000, -0.00000000000000, -1.00000000000000 ) );
#8814 = DIRECTION( '', ( 0.00000000000000, 0.00000000000000, 1.00000000000000 ) );
#8815 = DIRECTION( '', ( -0.707106781186547, -0.707106781186548, 0.00000000000000 ) );
#8816 = DIRECTION( '', ( 0.00000000000000, 0.00000000000000, 1.00000000000000 ) );
#8817 = DIRECTION( '', ( -0.707106781186546, -0.707106781186549, 0.00000000000000 ) );
#8818 = DIRECTION( '', ( 0.00000000000000, 0.00000000000000, -1.00000000000000 ) );
#8819 = DIRECTION( '', ( 0.00000000000000, 0.00000000000000, 1.00000000000000 ) );
#8820 = DIRECTION( '', ( -0.00000000000000, -0.00000000000000, -1.00000000000000 ) );
#8821 = DIRECTION( '', ( 0.00000000000000, -1.00000000000000, 0.00000000000000 ) );
#8822 = DIRECTION( '', ( -0.00000000000000, -0.00000000000000, -1.00000000000000 ) );
#8823 = DIRECTION( '', ( -0.707106781186547, 0.707106781186548, 0.00000000000000 ) );
#8824 = DIRECTION( '', ( -0.00000000000000, -0.00000000000000, -1.00000000000000 ) );
#8825 = DIRECTION( '', ( -0.707106781186565, 0.707106781186530, 0.00000000000000 ) );
#8826 = DIRECTION( '', ( -0.00000000000000, -0.00000000000000, -1.00000000000000 ) );
#8827 = DIRECTION( '', ( -0.707106781186565, 0.707106781186530, 0.00000000000000 ) );
#8828 = CARTESIAN_POINT( '', ( -7.98889321881335, 9.50000000000031, 0.00000000000000 ) );
#8829 = DIRECTION( '', ( 0.00000000000000, 0.00000000000000, 1.00000000000000 ) );
#8830 = DIRECTION( '', ( 1.00000000000000, 0.00000000000000, 0.00000000000000 ) );
#8831 = DIRECTION( '', ( -0.707106781186547, 0.707106781186548, 0.00000000000000 ) );
#8832 = DIRECTION( '', ( 0.00000000000000, 0.00000000000000, 1.00000000000000 ) );
#8833 = DIRECTION( '', ( 0.00000000000000, -1.00000000000000, 0.00000000000000 ) );
#8834 = DIRECTION( '', ( 0.00000000000000, -1.00000000000000, 0.00000000000000 ) );
#8835 = DIRECTION( '', ( -0.00000000000000, -0.00000000000000, -1.00000000000000 ) );
#8836 = DIRECTION( '', ( 0.707106781186547, 0.707106781186547, 0.00000000000000 ) );
#8837 = DIRECTION( '', ( -0.707106781186546, -0.707106781186550, 0.00000000000000 ) );
#8838 = DIRECTION( '', ( 0.00000000000000, 0.00000000000000, 1.00000000000000 ) );
#8839 = CARTESIAN_POINT( '', ( 0.00000000000000, 0.500000000000000, 20.0000000000000 ) );
#8840 = DIRECTION( '', ( 0.00000000000000, 1.00000000000000, 0.00000000000000 ) );
#8841 = DIRECTION( '', ( 0.00000000000000, -0.00000000000000, 1.00000000000000 ) );
#8842 = DIRECTION( '', ( -0.00000000000000, -0.00000000000000, -1.00000000000000 ) );
#8843 = DIRECTION( '', ( -0.707106781186550, 0.707106781186545, 0.00000000000000 ) );
#8844 = DIRECTION( '', ( 0.707106781186552, 0.707106781186543, 0.00000000000000 ) );
#8845 = DIRECTION( '', ( -0.707106781186538, 0.707106781186557, 0.00000000000000 ) );
#8846 = DIRECTION( '', ( 0.707106781186565, 0.707106781186530, 0.00000000000000 ) );
#8847 = DIRECTION( '', ( 0.707106781186543, 0.707106781186552, 0.00000000000000 ) );
#8848 = DIRECTION( '', ( 0.707106781186561, -0.707106781186534, 0.00000000000000 ) );
#8849 = DIRECTION( '', ( -0.707106781186543, -0.707106781186552, 0.00000000000000 ) );
#8850 = DIRECTION( '', ( 0.707106781186543, -0.707106781186552, 0.00000000000000 ) );
#8851 = CARTESIAN_POINT( '', ( -8.82881313140611, 3.05807300751971, 0.00000000000000 ) );
#8852 = DIRECTION( '', ( 0.00000000000000, 0.00000000000000, 1.00000000000000 ) );
#8853 = DIRECTION( '', ( 1.00000000000000, 0.00000000000000, 0.00000000000000 ) );
#8854 = DIRECTION( '', ( -0.00000000000000, -0.00000000000000, -1.00000000000000 ) );
#8855 = DIRECTION( '', ( 0.707106781186561, -0.707106781186534, 0.00000000000000 ) );
#8856 = DIRECTION( '', ( -0.00000000000000, -0.00000000000000, -1.00000000000000 ) );
#8857 = DIRECTION( '', ( -0.00000000000000, -0.00000000000000, -1.00000000000000 ) );
#8858 = DIRECTION( '', ( -0.707106781186551, 0.707106781186544, 0.00000000000000 ) );
#8859 = DIRECTION( '', ( -0.00000000000000, -0.00000000000000, -1.00000000000000 ) );
#8860 = DIRECTION( '', ( 0.00000000000000, 0.00000000000000, 1.00000000000000 ) );
#8861 = DIRECTION( '', ( 0.00000000000000, -1.00000000000000, 0.00000000000000 ) );
#8862 = DIRECTION( '', ( -0.00000000000000, -0.00000000000000, -1.00000000000000 ) );
#8863 = DIRECTION( '', ( 0.707106781186550, -0.707106781186545, 0.00000000000000 ) );
#8864 = DIRECTION( '', ( 0.00000000000000, 0.00000000000000, 1.00000000000000 ) );
#8865 = DIRECTION( '', ( 0.00000000000000, 0.00000000000000, 1.00000000000000 ) );
#8866 = CARTESIAN_POINT( '', ( -11.2000000000000, 5.28299333325930, 0.00000000000000 ) );
#8867 = DIRECTION( '', ( 0.00000000000000, 0.00000000000000, 1.00000000000000 ) );
#8868 = DIRECTION( '', ( 1.00000000000000, 0.00000000000000, 0.00000000000000 ) );
#8869 = DIRECTION( '', ( -0.00000000000000, -0.00000000000000, -1.00000000000000 ) );
#8870 = DIRECTION( '', ( 0.00000000000000, -1.00000000000000, 0.00000000000000 ) );
#8871 = DIRECTION( '', ( 0.707106781186551, -0.707106781186544, 0.00000000000000 ) );
#8872 = DIRECTION( '', ( 0.707106781186547, -0.707106781186548, 0.00000000000000 ) );
#8873 = DIRECTION( '', ( -0.707106781186547, -0.707106781186548, 0.00000000000000 ) );
#8874 = DIRECTION( '', ( -0.707106781186532, 0.707106781186563, 0.00000000000000 ) );
#8875 = DIRECTION( '', ( 1.00000000000000, 0.00000000000000, 0.00000000000000 ) );
#8876 = DIRECTION( '', ( 0.00000000000000, 1.00000000000000, -0.00000000000000 ) );
#8877 = DIRECTION( '', ( 0.500000000000000, -0.866025403784439, 0.00000000000000 ) );
#8878 = DIRECTION( '', ( 0.707106781186545, -0.707106781186550, 0.00000000000000 ) );
#8879 = DIRECTION( '', ( 0.707106781186561, 0.707106781186534, 0.00000000000000 ) );
#8880 = DIRECTION( '', ( 0.00000000000000, 0.00000000000000, 1.00000000000000 ) );
#8881 = DIRECTION( '', ( -0.707106781186547, -0.707106781186547, 0.00000000000000 ) );
#8882 = DIRECTION( '', ( -0.00000000000000, -0.00000000000000, -1.00000000000000 ) );
#8883 = DIRECTION( '', ( 1.00000000000000, 0.00000000000000, 0.00000000000000 ) );
#8884 = DIRECTION( '', ( 1.00000000000000, 0.00000000000000, 0.00000000000000 ) );
#8885 = DIRECTION( '', ( -0.707106781186548, -0.707106781186547, 0.00000000000000 ) );
#8886 = DIRECTION( '', ( 0.707106781186551, -0.707106781186544, 0.00000000000000 ) );
#8887 = DIRECTION( '', ( -0.707106781186547, 0.707106781186548, 0.00000000000000 ) );
#8888 = CARTESIAN_POINT( '', ( -20.0000000000000, 12.0000000000000, -1.00000000000000 ) );
#8889 = DIRECTION( '', ( 0.00000000000000, 0.00000000000000, 1.00000000000000 ) );
#8890 = DIRECTION( '', ( 1.00000000000000, 0.00000000000000, 0.00000000000000 ) );
#8891 = CARTESIAN_POINT( '', ( 0.00000000000000, 3.00000000000000, 20.0000000000000 ) );
#8892 = DIRECTION( '', ( 0.707106781186548, 0.707106781186548, 0.00000000000000 ) );
#8893 = DIRECTION( '', ( 0.707106781186548, -0.707106781186548, 0.00000000000000 ) );
#8894 = CARTESIAN_POINT( '', ( 0.00000000000000, 3.00000000000000, 20.0000000000000 ) );
#8895 = DIRECTION( '', ( -0.707106781186548, 0.707106781186548, 0.00000000000000 ) );
#8896 = DIRECTION( '', ( -0.707106781186548, -0.707106781186548, 0.00000000000000 ) );
#8897 = DIRECTION( '', ( -0.707106781186538, 0.707106781186557, 0.00000000000000 ) );
#8898 = DIRECTION( '', ( -0.00000000000000, -0.00000000000000, -1.00000000000000 ) );
#8899 = DIRECTION( '', ( -0.00000000000000, -0.00000000000000, -1.00000000000000 ) );
#8900 = CARTESIAN_POINT( '', ( -20.0000000000000, 12.0000000000000, 0.00000000000000 ) );
#8901 = DIRECTION( '', ( 0.00000000000000, 0.00000000000000, 1.00000000000000 ) );
#8902 = DIRECTION( '', ( 1.00000000000000, 0.00000000000000, 0.00000000000000 ) );
#8903 = DIRECTION( '', ( -0.00000000000000, -0.00000000000000, -1.00000000000000 ) );
#8904 = DIRECTION( '', ( -0.00000000000000, -0.00000000000000, -1.00000000000000 ) );
#8905 = CARTESIAN_POINT( '', ( 11.2000000000000, 6.71801500037505, 0.00000000000000 ) );
#8906 = DIRECTION( '', ( 0.00000000000000, 0.00000000000000, 1.00000000000000 ) );
#8907 = DIRECTION( '', ( 1.00000000000000, 0.00000000000000, 0.00000000000000 ) );
#8908 = DIRECTION( '', ( -0.00000000000000, -0.00000000000000, -1.00000000000000 ) );
#8909 = DIRECTION( '', ( -0.00000000000000, -0.00000000000000, -1.00000000000000 ) );
#8910 = DIRECTION( '', ( 0.00000000000000, 1.00000000000000, 0.00000000000000 ) );
#8911 = DIRECTION( '', ( -0.00000000000000, -0.00000000000000, -1.00000000000000 ) );
#8912 = DIRECTION( '', ( -0.707106781186565, 0.707106781186530, 0.00000000000000 ) );
#8913 = DIRECTION( '', ( 0.00000000000000, 0.00000000000000, 1.00000000000000 ) );
#8914 = DIRECTION( '', ( 0.00000000000000, 0.00000000000000, 1.00000000000000 ) );
#8915 = DIRECTION( '', ( -0.707106781186550, 0.707106781186545, 0.00000000000000 ) );
#8916 = CARTESIAN_POINT( '', ( 17.5000000000000, 17.6135000000000, 23.8000000000000 ) );
#8917 = DIRECTION( '', ( 0.00000000000000, -1.00000000000000, -0.00000000000000 ) );
#8918 = DIRECTION( '', ( 0.00000000000000, 0.00000000000000, -1.00000000000000 ) );
#8919 = DIRECTION( '', ( 0.707106781186552, 0.707106781186543, 0.00000000000000 ) );
#8920 = DIRECTION( '', ( -0.707106781186543, -0.707106781186552, 0.00000000000000 ) );
#8921 = CARTESIAN_POINT( '', ( 8.82873590042173, 8.94400003086640, 0.00000000000000 ) );
#8922 = DIRECTION( '', ( 0.00000000000000, 0.00000000000000, 1.00000000000000 ) );
#8923 = DIRECTION( '', ( 1.00000000000000, 0.00000000000000, 0.00000000000000 ) );
#8924 = DIRECTION( '', ( -0.00000000000000, -0.00000000000000, -1.00000000000000 ) );
#8925 = DIRECTION( '', ( -0.707106781186547, -0.707106781186547, 0.00000000000000 ) );
#8926 = DIRECTION( '', ( -0.707106781186550, 0.707106781186545, 0.00000000000000 ) );
#8927 = DIRECTION( '', ( -0.707106781186557, -0.707106781186538, 0.00000000000000 ) );
#8928 = DIRECTION( '', ( 0.707106781186543, 0.707106781186552, 0.00000000000000 ) );
#8929 = DIRECTION( '', ( 0.00000000000000, 0.00000000000000, 1.00000000000000 ) );
#8930 = DIRECTION( '', ( 0.00000000000000, 0.00000000000000, 1.00000000000000 ) );
#8931 = DIRECTION( '', ( 1.00000000000000, 0.00000000000000, 0.00000000000000 ) );
#8932 = DIRECTION( '', ( 1.00000000000000, 0.00000000000000, 0.00000000000000 ) );
#8933 = DIRECTION( '', ( -0.00000000000000, -0.00000000000000, -1.00000000000000 ) );
#8934 = CARTESIAN_POINT( '', ( 8.82873590042170, 3.05699996913362, 0.00000000000000 ) );
#8935 = DIRECTION( '', ( 0.00000000000000, 0.00000000000000, 1.00000000000000 ) );
#8936 = DIRECTION( '', ( 1.00000000000000, 0.00000000000000, 0.00000000000000 ) );
#8937 = CARTESIAN_POINT( '', ( 11.2224255740827, 9.11791015214260, 0.00000000000000 ) );
#8938 = DIRECTION( '', ( 0.00000000000000, 0.00000000000000, 1.00000000000000 ) );
#8939 = DIRECTION( '', ( 1.00000000000000, 0.00000000000000, 0.00000000000000 ) );
#8940 = CARTESIAN_POINT( '', ( -11.2224262673129, 2.88309934339650, 0.00000000000000 ) );
#8941 = DIRECTION( '', ( 0.00000000000000, 0.00000000000000, 1.00000000000000 ) );
#8942 = DIRECTION( '', ( 1.00000000000000, 0.00000000000000, 0.00000000000000 ) );
#8943 = CARTESIAN_POINT( '', ( -9.29999999999937, 1.68978531500303, 0.00000000000000 ) );
#8944 = DIRECTION( '', ( 0.00000000000000, 0.00000000000000, 1.00000000000000 ) );
#8945 = DIRECTION( '', ( 1.00000000000000, 0.00000000000000, 0.00000000000000 ) );
#8946 = DIRECTION( '', ( 0.00000000000000, 1.00000000000000, -0.00000000000000 ) );
#8947 = DIRECTION( '', ( 0.00000000000000, 1.00000000000000, 0.00000000000000 ) );
#8948 = DIRECTION( '', ( 0.707106781186543, 0.707106781186552, 0.00000000000000 ) );
#8949 = DIRECTION( '', ( -0.00000000000000, -0.00000000000000, -1.00000000000000 ) );
#8950 = CARTESIAN_POINT( '', ( 0.00000000000000, 9.00000000000000, 80.0000000000000 ) );
#8951 = DIRECTION( '', ( 0.00000000000000, -1.00000000000000, -0.00000000000000 ) );
#8952 = DIRECTION( '', ( 0.00000000000000, 0.00000000000000, -1.00000000000000 ) );
#8953 = DIRECTION( '', ( 0.500000000000000, 0.866025403784439, 0.00000000000000 ) );
#8954 = DIRECTION( '', ( -1.00000000000000, 0.00000000000000, 0.00000000000000 ) );
#8955 = CARTESIAN_POINT( '', ( 17.5000000000000, 17.0000000000000, 23.8000000000000 ) );
#8956 = DIRECTION( '', ( 0.00000000000000, -1.00000000000000, -0.00000000000000 ) );
#8957 = DIRECTION( '', ( 0.00000000000000, 0.00000000000000, -1.00000000000000 ) );
#8958 = DIRECTION( '', ( 0.707106781186565, 0.707106781186530, 0.00000000000000 ) );
#8959 = DIRECTION( '', ( 0.707106781186543, -0.707106781186552, 0.00000000000000 ) );
#8960 = DIRECTION( '', ( -0.00000000000000, -0.00000000000000, -1.00000000000000 ) );
#8961 = DIRECTION( '', ( 0.707106781186552, 0.707106781186543, 0.00000000000000 ) );
#8962 = CARTESIAN_POINT( '', ( -17.5000000000000, 26.0000000000000, 58.8000000000000 ) );
#8963 = DIRECTION( '', ( -0.00000000000000, 1.00000000000000, 0.00000000000000 ) );
#8964 = DIRECTION( '', ( 0.00000000000000, 0.00000000000000, 1.00000000000000 ) );
#8965 = DIRECTION( '', ( -0.707106781186543, -0.707106781186552, 0.00000000000000 ) );
#8966 = DIRECTION( '', ( 0.00000000000000, 0.00000000000000, 1.00000000000000 ) );
#8967 = DIRECTION( '', ( -0.00000000000000, -0.00000000000000, -1.00000000000000 ) );
#8968 = DIRECTION( '', ( 0.500000000000000, 0.866025403784439, -0.00000000000000 ) );
ENDSEC;
END-ISO-10303-21;
