# 盲孔面数不一致样本，共 5270 个
# 格式: 文件名 | graph面数 | label面数 | 差值
00026	38	37	1
00107_3	218	217	1
00178	28	27	1
00228_3	218	217	1
00436_1	43	42	1
00864_1	35	34	1
01228_2	128	127	1
01763_2	60	59	1
01763_4	60	59	1
01840_1	98	97	1
01840_2	133	132	1
02261_4	63	62	1
02336_1	181	180	1
02339_2	62	61	1
02339_4	62	61	1
02369_1	87	86	1
02624_2	75	74	1
02624_4	75	74	1
02656_2	134	133	1
02656_3	134	133	1
02910_1	393	392	1
02912_2	134	133	1
03851_1	37	36	1
03851_3	25	24	1
03851_5	37	36	1
03851_7	25	24	1
03875_5	19	18	1
03875_7	49	48	1
04062_1	66	65	1
04454_2	83	82	1
04914_1	28	27	1
05136_2	83	82	1
05136_3	83	82	1
05154_2	60	59	1
05930_2	160	159	1
06111	11	10	1
06161_1	22	21	1
06175_2	37	36	1
06175_4	31	30	1
06290_1	503	502	1
06339_1	10	9	1
06874	12	11	1
07030_1	22	21	1
07250_4	9	8	1
07250_5	9	8	1
07385_1	14	13	1
07670_3	238	237	1
07976_2	62	61	1
07987_1	24	23	1
08-全自动立式圆瓶贴标机_Part620	25	24	1
08037_1	46	45	1
08061_1	35	34	1
08092_4	14	13	1
08396_2	60	59	1
08423_1	82	81	1
08428_4	9	8	1
08428_5	9	8	1
08473_6	9	8	1
08473_7	9	8	1
08567_1	29	28	1
08600_2	22	21	1
08607_66	41	40	1
08607_68	41	40	1
08637_1	20	19	1
08838_2	62	61	1
08838_4	62	61	1
09274_1	14	13	1
09308	28	27	1
09348_2	283	282	1
09348_9	283	282	1
09364_2	83	82	1
09364_3	83	82	1
09391_3	238	237	1
09395_100	41	40	1
09395_102	41	40	1
09395_105	41	40	1
09395_107	41	40	1
09395_109	41	40	1
09395_111	41	40	1
09395_114	41	40	1
09395_116	41	40	1
09395_118	41	40	1
09395_120	41	40	1
09395_126	41	40	1
09395_127	41	40	1
09395_128	41	40	1
09395_129	41	40	1
09395_135	41	40	1
09395_136	41	40	1
09395_137	41	40	1
09395_138	41	40	1
09395_43	41	40	1
09395_45	41	40	1
09395_50	41	40	1
09395_52	41	40	1
09395_54	10	9	1
09395_56	10	9	1
09395_58	10	9	1
09395_60	10	9	1
09395_66	41	40	1
09395_68	41	40	1
09395_70	10	9	1
09395_72	10	9	1
09395_74	10	9	1
09395_76	10	9	1
09395_81	41	40	1
09395_83	41	40	1
09395_85	41	40	1
09395_88	41	40	1
09395_90	41	40	1
09395_92	41	40	1
09395_95	41	40	1
09395_97	41	40	1
09466_100	41	40	1
09466_102	41	40	1
09466_105	41	40	1
09466_107	41	40	1
09466_109	41	40	1
09466_111	41	40	1
09466_114	41	40	1
09466_116	41	40	1
09466_118	41	40	1
09466_120	41	40	1
09466_126	41	40	1
09466_127	41	40	1
09466_128	41	40	1
09466_129	41	40	1
09466_135	41	40	1
09466_136	41	40	1
09466_137	41	40	1
09466_138	41	40	1
09466_43	41	40	1
09466_45	41	40	1
09466_50	41	40	1
09466_52	41	40	1
09466_54	10	9	1
09466_56	10	9	1
09466_58	10	9	1
09466_60	10	9	1
09466_66	41	40	1
09466_68	41	40	1
09466_70	10	9	1
09466_72	10	9	1
09466_74	10	9	1
09466_76	10	9	1
09466_81	41	40	1
09466_83	41	40	1
09466_85	41	40	1
09466_88	41	40	1
09466_90	41	40	1
09466_92	41	40	1
09466_95	41	40	1
09466_97	41	40	1
09548_1	22	21	1
09603_2	134	133	1
09639	25	24	1
09710_2	134	133	1
09715_1	20	19	1
09806_4	9	8	1
09806_5	9	8	1
10315_3	37	36	1
10352_2	204	203	1
10353_3	218	217	1
10354_2	83	82	1
10397_2	37	36	1
10397_4	37	36	1
10436_1	37	36	1
10436_3	25	24	1
10654_2	62	61	1
10654_4	62	61	1
10838_2	50	49	1
10838_4	50	49	1
10米氢燃料车前桥_Part1	1131	1130	1
12005_2	37	36	1
12005_4	25	24	1
16-LR6-302QJNW-RYG_Part6	16	15	1
16-LR6-302QJNW-RYG_Part7	16	15	1
16-LR6-302QJNW-RYG_Part8	16	15	1
23-自动测试贴模机_Part1198	45	44	1
23-自动测试贴模机_Part1354	472	471	1
23-自动测试贴模机_Part1565	45	44	1
23-自动测试贴模机_Part1570	45	44	1
23-自动测试贴模机_Part1575	45	44	1
4x3.5 HDD Assembly_Part179	139	138	1
4x3.5 HDD Assembly_Part264	139	138	1
4x3.5 HDD Assembly_Part9	139	138	1
4x3.5 HDD Assembly_Part94	139	138	1
A16-框架式单斜臂机械手_Part14	341	340	1
ACM2L-1010B_part1	36	35	1
AGV移动运输小车_Part1028	57	56	1
AGV移动运输小车_Part1568	218	217	1
AGV移动运输小车_Part1681	218	217	1
AGV移动运输小车_Part896	19	18	1
AGV移动运输小车_Part897	19	18	1
B03-哈模框架机械手_Part269	100	99	1
B03-哈模框架机械手_Part270	100	99	1
B03-哈模框架机械手_Part271	100	99	1
B03-哈模框架机械手_Part274	100	99	1
B03-哈模框架机械手_Part90	8	7	1
B03-哈模框架机械手_Part91	8	7	1
B03-哈模框架机械手_Part92	8	7	1
B03-哈模框架机械手_Part93	8	7	1
Carburator-V8发动机_Part466	30	29	1
Carburator-V8发动机_Part488	30	29	1
Deutz-BF6M1013FC柴油发动机_Part341	58	57	1
FJEP-M04	15	14	1
GTC600C20S_part1	114	113	1
HAQ76-M6-D32	15	14	1
HFX79-197_part1	26	25	1
L298N Driver_Part96	24	23	1
LF-18E塑料轴	42	41	1
M-17-0_43g3e(130mb)_Part126	21	20	1
M-17-0_43g3e(130mb)_Part232	21	20	1
M-17-0_43g3e(130mb)_Part242	21	20	1
M-17-0_43g3e(130mb)_Part95	21	20	1
M-18_Part406	257	256	1
M-18_Part407	257	256	1
M-18_Part408	257	256	1
M-18_Part409	257	256	1
M-18_Part466	11	10	1
M-18_Part479	35	34	1
M-18_Part522	35	34	1
M-18_Part531	11	10	1
M-20_Part211	21	20	1
M-20_Part84	21	20	1
MIKROE-ETH-WIZ-Click-Ethernet-Module_part1	24	23	1
MKQP25_part4	102	101	1
P60H-1-3.56	47	46	1
PL3.2M3-M	44	43	1
QC3-301-AM_part4	39	38	1
SK1-315-1_part2	17	16	1
SK2-723L_part2	119	118	1
THR060-10-8-25-30-45-M3	909	908	1
TORNO_Part103	13	12	1
USB全自动装配机3D_Part424	174	173	1
XA2EW31B1_part2	135	134	1
ZB2BZ103C_Part10	92	91	1
ZB2BZ103C_Part24	92	91	1
ZHD40-1-W_Part1	15	14	1
g3512发动机_Part112	17	16	1
g3512发动机_Part423	144	143	1
g3512发动机_Part469	382	381	1
g3512发动机_Part472	382	381	1
g3512发动机_Part85	11	10	1
g3512发动机_Part87	11	10	1
khelifaoui-V6-Turbo发动机_Part188	40	39	1
khelifaoui-V6-Turbo发动机_Part189	40	39	1
rice-cooker-7_Part34	40	39	1
sheng kong_Part102	69	68	1
sheng kong_Part96	35	34	1
М-11L五缸星型发动机_Part11	193	192	1
发动机后置客车后悬架模型_Part1	620	619	1
发动机后置客车后悬架模型_Part178	119	118	1
四冲程发动机_Part26	18	17	1
四冲程发动机_Part27	18	17	1
四轴飞行器_Part420	27	26	1
四轴飞行器_Part422	27	26	1
奔驰4x4越野卡车_Part1173	41	40	1
奔驰4x4越野卡车_Part1183	41	40	1
奔驰4x4越野卡车_Part1243	41	40	1
奔驰4x4越野卡车_Part154	41	40	1
座椅冲切设备_Part238	13	12	1
座椅冲切设备_Part25	142	141	1
座椅冲切设备_Part273	12	11	1
座椅冲切设备_Part332	78	77	1
座椅冲切设备_Part333	48	47	1
座椅冲切设备_Part348	70	69	1
座椅冲切设备_Part374	5	4	1
座椅冲切设备_Part375	5	4	1
座椅冲切设备_Part380	26	25	1
座椅冲切设备_Part394	5	4	1
座椅冲切设备_Part50	142	141	1
微波炉_Part40	12	11	1
拖拉机_Part471	34	33	1
挤压颗粒粉碎机_Part281	89	88	1
挤压颗粒粉碎机_Part282	89	88	1
挤压颗粒粉碎机_Part283	89	88	1
挤压颗粒粉碎机_Part284	89	88	1
挤压颗粒粉碎机_Part29	34	33	1
挤压颗粒粉碎机_Part345	89	88	1
挤压颗粒粉碎机_Part347	100	99	1
挤压颗粒粉碎机_Part626	30	29	1
挤压颗粒粉碎机_Part627	30	29	1
挤压颗粒粉碎机_Part694	30	29	1
挤压颗粒粉碎机_Part753	30	29	1
挤压颗粒粉碎机_Part884	30	29	1
挤压颗粒粉碎机_Part889	89	88	1
插料路由器_Part103	70	69	1
插料路由器_Part104	70	69	1
插料路由器_Part123	70	69	1
插料路由器_Part124	70	69	1
插料路由器_Part143	70	69	1
插料路由器_Part144	70	69	1
插料路由器_Part163	70	69	1
插料路由器_Part164	70	69	1
施耐德断路器3D模型_Part3	176	175	1
无心磨龙门式送料机_Part123	18	17	1
无心磨龙门式送料机_Part161	34	33	1
无心磨龙门式送料机_Part619	19	18	1
晶体机组装机构装配_Part117	118	117	1
晶体机组装机构装配_Part120	7	6	1
晶体机组装机构装配_Part146	7	6	1
晶体机组装机构装配_Part153	118	117	1
晶体机组装机构装配_Part156	7	6	1
晶体机组装机构装配_Part190	7	6	1
晶体机组装机构装配_Part266	84	83	1
晶体机组装机构装配_Part294	38	37	1
晶体机组装机构装配_Part296	38	37	1
晶体机组装机构装配_Part298	38	37	1
晶体机组装机构装配_Part300	38	37	1
晶体机组装机构装配_Part302	38	37	1
晶体机组装机构装配_Part304	38	37	1
晶体机组装机构装配_Part306	38	37	1
晶体机组装机构装配_Part308	38	37	1
晶体机组装机构装配_Part310	38	37	1
晶体机组装机构装配_Part312	38	37	1
晶体机组装机构装配_Part314	38	37	1
晶体机组装机构装配_Part316	38	37	1
晶体机组装机构装配_Part318	38	37	1
晶体机组装机构装配_Part320	38	37	1
晶体机组装机构装配_Part322	38	37	1
晶体机组装机构装配_Part324	38	37	1
晶体机组装机构装配_Part326	38	37	1
晶体机组装机构装配_Part328	38	37	1
晶体机组装机构装配_Part330	38	37	1
晶体机组装机构装配_Part332	38	37	1
晶体机组装机构装配_Part334	38	37	1
晶体机组装机构装配_Part336	38	37	1
晶体机组装机构装配_Part338	38	37	1
晶体机组装机构装配_Part340	38	37	1
晶体机组装机构装配_Part342	38	37	1
晶体机组装机构装配_Part344	38	37	1
晶体机组装机构装配_Part346	38	37	1
晶体机组装机构装配_Part348	38	37	1
晶体机组装机构装配_Part350	38	37	1
晶体机组装机构装配_Part352	38	37	1
晶体机组装机构装配_Part354	38	37	1
晶体机组装机构装配_Part356	38	37	1
晶体机组装机构装配_Part358	38	37	1
晶体机组装机构装配_Part360	38	37	1
晶体机组装机构装配_Part362	38	37	1
晶体机组装机构装配_Part364	38	37	1
晶体机组装机构装配_Part366	38	37	1
晶体机组装机构装配_Part368	38	37	1
晶体机组装机构装配_Part370	38	37	1
晶体机组装机构装配_Part372	38	37	1
晶体机组装机构装配_Part378	38	37	1
晶体机组装机构装配_Part408	38	37	1
晶体机组装机构装配_Part416	7	6	1
晶体机组装机构装配_Part419	7	6	1
晶体机组装机构装配_Part497	84	83	1
晶体机组装机构装配_Part525	38	37	1
晶体机组装机构装配_Part527	38	37	1
晶体机组装机构装配_Part529	38	37	1
晶体机组装机构装配_Part531	38	37	1
晶体机组装机构装配_Part533	38	37	1
晶体机组装机构装配_Part535	38	37	1
晶体机组装机构装配_Part537	38	37	1
晶体机组装机构装配_Part539	38	37	1
晶体机组装机构装配_Part541	38	37	1
晶体机组装机构装配_Part543	38	37	1
晶体机组装机构装配_Part545	38	37	1
晶体机组装机构装配_Part547	38	37	1
晶体机组装机构装配_Part549	38	37	1
晶体机组装机构装配_Part551	38	37	1
晶体机组装机构装配_Part553	38	37	1
晶体机组装机构装配_Part555	38	37	1
晶体机组装机构装配_Part557	38	37	1
晶体机组装机构装配_Part559	38	37	1
晶体机组装机构装配_Part561	38	37	1
晶体机组装机构装配_Part563	38	37	1
晶体机组装机构装配_Part565	38	37	1
晶体机组装机构装配_Part567	38	37	1
晶体机组装机构装配_Part569	38	37	1
晶体机组装机构装配_Part571	38	37	1
晶体机组装机构装配_Part573	38	37	1
晶体机组装机构装配_Part575	38	37	1
晶体机组装机构装配_Part577	38	37	1
晶体机组装机构装配_Part579	38	37	1
晶体机组装机构装配_Part581	38	37	1
晶体机组装机构装配_Part583	38	37	1
晶体机组装机构装配_Part585	38	37	1
晶体机组装机构装配_Part587	38	37	1
晶体机组装机构装配_Part589	38	37	1
晶体机组装机构装配_Part591	38	37	1
晶体机组装机构装配_Part593	38	37	1
晶体机组装机构装配_Part595	38	37	1
晶体机组装机构装配_Part597	38	37	1
晶体机组装机构装配_Part599	38	37	1
晶体机组装机构装配_Part601	38	37	1
晶体机组装机构装配_Part603	38	37	1
晶体机组装机构装配_Part609	38	37	1
晶体机组装机构装配_Part639	38	37	1
晶体机组装机构装配_Part647	7	6	1
晶体机组装机构装配_Part650	7	6	1
机器人搬运自动检测包装机_Part133	56	55	1
机器人搬运自动检测包装机_Part134	37	36	1
机器人搬运自动检测包装机_Part135	52	51	1
机器人搬运自动检测包装机_Part149	15	14	1
机器人搬运自动检测包装机_Part56	56	55	1
机器人搬运自动检测包装机_Part57	37	36	1
机器人搬运自动检测包装机_Part58	52	51	1
机器人搬运自动检测包装机_Part71	15	14	1
比赛履带小车_Part1034	45	44	1
比赛履带小车_Part1043	45	44	1
比赛履带小车_Part11	92	91	1
比赛履带小车_Part1110	92	91	1
比赛履带小车_Part487	228	227	1
水陆麦克纳姆轮四轮小车_Part1017	25	24	1
水陆麦克纳姆轮四轮小车_Part1282	49	48	1
水陆麦克纳姆轮四轮小车_Part1433	138	137	1
水陆麦克纳姆轮四轮小车_Part1443	138	137	1
水陆麦克纳姆轮四轮小车_Part422	32	31	1
水陆麦克纳姆轮四轮小车_Part431	32	31	1
水陆麦克纳姆轮四轮小车_Part440	32	31	1
水陆麦克纳姆轮四轮小车_Part449	32	31	1
水陆麦克纳姆轮四轮小车_Part957	25	24	1
水陆麦克纳姆轮四轮小车_Part987	25	24	1
汽车空调-02_Part6	473	472	1
汽车空调-02_Part7	473	472	1
汽车空调-04_Part21	403	402	1
油浸式变压器_Part109	62	61	1
油浸式变压器_Part110	62	61	1
油浸式变压器_Part111	62	61	1
油浸式变压器_Part112	62	61	1
注胶机_Part299	18	17	1
注胶机_Part300	18	17	1
注胶机_Part301	18	17	1
注胶机_Part302	18	17	1
注胶机_Part573	77	76	1
洗衣机_Part288	18	17	1
混合机_Part1037	20	19	1
混合机_Part1152	75	74	1
混合机_Part1199	20	19	1
混合机_Part1281	20	19	1
混合机_Part1309	75	74	1
混合机_Part240	20	19	1
混合机_Part325	75	74	1
混合机_Part506	20	19	1
混合机_Part787	75	74	1
滚筒式搅拌机_Part333	23	22	1
滚筒式搅拌机_Part456	14	13	1
滚筒式搅拌机_Part457	14	13	1
滚筒式搅拌机_Part458	14	13	1
滚筒式搅拌机_Part459	14	13	1
滚筒式搅拌机_Part460	14	13	1
滚筒式搅拌机_Part461	14	13	1
滚筒式搅拌机_Part462	14	13	1
滚筒式搅拌机_Part463	14	13	1
滚筒式搅拌机_Part68	17	16	1
玩具越野车拼装模型_Part1	31	30	1
玩具越野车拼装模型_Part102	31	30	1
玩具越野车拼装模型_Part123	76	75	1
玩具越野车拼装模型_Part14	23	22	1
玩具越野车拼装模型_Part15	47	46	1
玩具越野车拼装模型_Part16	47	46	1
玩具越野车拼装模型_Part19	71	70	1
玩具越野车拼装模型_Part2	23	22	1
玩具越野车拼装模型_Part20	71	70	1
玩具越野车拼装模型_Part34	23	22	1
玩具越野车拼装模型_Part35	35	34	1
玩具越野车拼装模型_Part36	35	34	1
玩具越野车拼装模型_Part38	23	22	1
玩具越野车拼装模型_Part56	76	75	1
玩具越野车拼装模型_Part8	43	42	1
玩具越野车拼装模型_Part84	43	42	1
玩具越野车拼装模型_Part86	39	38	1
玩具越野车拼装模型_Part87	43	42	1
玩具越野车拼装模型_Part93	39	38	1
玩具越野车拼装模型_Part98	40	39	1
玩具越野车拼装模型_Part99	40	39	1
电子钓鱼杆_Part2	10	9	1
电池包装机_Part117	7	6	1
电池包装机_Part118	7	6	1
电池包装机_Part119	7	6	1
电池包装机_Part120	7	6	1
电池包装机_Part178	7	6	1
电池包装机_Part179	7	6	1
电池包装机_Part180	7	6	1
电池包装机_Part181	7	6	1
电池包装机_Part243	16	15	1
电池包装机_Part401	13	12	1
电池包装机_Part407	7	6	1
电池包装机_Part408	7	6	1
电池包装机_Part409	7	6	1
电池包装机_Part410	7	6	1
电池包装机_Part411	7	6	1
电池包装机_Part412	7	6	1
电池包装机_Part413	7	6	1
电池包装机_Part414	7	6	1
电池包装机_Part415	7	6	1
电池包装机_Part416	7	6	1
电池包装机_Part417	7	6	1
电池包装机_Part418	7	6	1
电池包装机_Part419	7	6	1
电池包装机_Part420	7	6	1
电池包装机_Part421	16	15	1
电池包装机_Part422	16	15	1
电池包装机_Part423	7	6	1
电池包装机_Part424	7	6	1
电池包装机_Part698	19	18	1
电池包装机_Part71	13	12	1
电池包装机_Part743	14	13	1
电池包装机_Part744	14	13	1
电池包装机_Part745	14	13	1
电池包装机_Part746	14	13	1
电池包装机_Part83	7	6	1
电池包装机_Part84	7	6	1
电池开关6_Part271	300	299	1
空调内机_Part6	23	22	1
经典大众发动机_Part240	701	700	1
经典大众发动机_Part241	701	700	1
自动绕线机_Part662	22	21	1
自动绕线机_Part665	22	21	1
自动绕线机_Part758	30	29	1
自动绕线机_Part788	12	11	1
自动绕线机_Part796	12	11	1
自动锁螺丝机_Part536	77	76	1
自动锁螺丝机_Part572	77	76	1
自动锁螺丝机_Part708	113	112	1
自动锁螺丝机_Part71	26	25	1
自动锁螺丝机_Part887	21	20	1
花生包装机_Part44	469	468	1
花生包装机_Part60	469	468	1
车辆动力转向架_Part26	8	7	1
雅马哈摩托车拼装_Part1014	8	7	1
雅马哈摩托车拼装_Part1016	8	7	1
雅马哈摩托车拼装_Part1021	8	7	1
雅马哈摩托车拼装_Part1023	8	7	1
雅马哈摩托车拼装_Part1051	83	82	1
雅马哈摩托车拼装_Part1054	83	82	1
雅马哈摩托车拼装_Part1152	8	7	1
雅马哈摩托车拼装_Part1155	8	7	1
雅马哈摩托车拼装_Part1216	8	7	1
雅马哈摩托车拼装_Part1219	103	102	1
雅马哈摩托车拼装_Part1224	8	7	1
雅马哈摩托车拼装_Part1227	103	102	1
雅马哈摩托车拼装_Part1276	8	7	1
雅马哈摩托车拼装_Part1280	8	7	1
雅马哈摩托车拼装_Part388	47	46	1
雅马哈摩托车拼装_Part864	8	7	1
00173_3	42	40	2
00194	31	29	2
01007_1	53	51	2
01228_1	117	115	2
01333_2	61	59	2
01397_13	57	55	2
01397_14	57	55	2
01397_16	57	55	2
01397_17	57	55	2
01397_5	57	55	2
01397_7	57	55	2
02095_6	474	472	2
02262	61	59	2
02363_1	34	32	2
02544_2	129	127	2
02686_3	42	40	2
02910_2	129	127	2
02910_3	129	127	2
02910_4	129	127	2
03182	45	43	2
05046_1	22	20	2
05319_4	94	92	2
06280_4	77	75	2
06364_2	129	127	2
06628_9	474	472	2
06644_2	96	94	2
07008	31	29	2
07234_1	8	6	2
08-全自动立式圆瓶贴标机_Part863	47	45	2
08403_2	129	127	2
08451_8	85	83	2
08568_3	42	40	2
08728_1	46	44	2
08748_4	89	87	2
09498_9	474	472	2
09622_9	41	39	2
09653_2	129	127	2
09696_17	57	55	2
09696_18	57	55	2
09696_20	57	55	2
09696_21	57	55	2
09696_6	57	55	2
09696_8	57	55	2
09697_1	20	18	2
09700_1	54	52	2
09768	47	45	2
10-手机贴标设备_Part107	15	13	2
10-手机贴标设备_Part108	15	13	2
10-手机贴标设备_Part578	12	10	2
10-手机贴标设备_Part579	12	10	2
10-手机贴标设备_Part594	12	10	2
10-手机贴标设备_Part595	12	10	2
10-手机贴标设备_Part664	12	10	2
10-手机贴标设备_Part665	12	10	2
10725_1	42	40	2
10米氢燃料车动力转向泵_Part29	26	24	2
1300切纸机_Part1	344	342	2
1300切纸机_Part138	116	114	2
1300切纸机_Part139	116	114	2
1300切纸机_Part30	77	75	2
16-LR6-302QJNW-RYG_Part5	13	11	2
23-自动测试贴模机_Part1311	18	16	2
23-自动测试贴模机_Part1312	18	16	2
23-自动测试贴模机_Part1313	18	16	2
23-自动测试贴模机_Part1314	18	16	2
23-自动测试贴模机_Part1533	28	26	2
23-自动测试贴模机_Part1534	28	26	2
23-自动测试贴模机_Part1535	28	26	2
23-自动测试贴模机_Part704	18	16	2
23-自动测试贴模机_Part705	18	16	2
23-自动测试贴模机_Part706	18	16	2
23-自动测试贴模机_Part707	18	16	2
23-自动测试贴模机_Part825	49	47	2
23-自动测试贴模机_Part931	38	36	2
23-自动测试贴模机_Part932	38	36	2
A16-框架式单斜臂机械手_Part28	38	36	2
AGV移动运输小车_Part1319	16	14	2
AGV移动运输小车_Part1339	16	14	2
AGV移动运输小车_Part885	19	17	2
AGV移动运输小车_Part889	19	17	2
B03-哈模框架机械手_Part103	23	21	2
B03-哈模框架机械手_Part110	23	21	2
B03-哈模框架机械手_Part140	23	21	2
B03-哈模框架机械手_Part245	178	176	2
BAACK-D25	73	71	2
DOHC-12V发动机模型_Part53	75	73	2
DOHC-12V发动机模型_Part55	75	73	2
DOHC-12V发动机模型_Part57	75	73	2
DOHC-12V发动机模型_Part59	75	73	2
DOHC-12V发动机模型_Part61	75	73	2
DOHC-12V发动机模型_Part62	75	73	2
DOHC-12V发动机模型_Part63	75	73	2
DOHC-12V发动机模型_Part64	75	73	2
DOHC-12V发动机模型_Part65	75	73	2
DOHC-12V发动机模型_Part66	75	73	2
DOHC-12V发动机模型_Part67	75	73	2
DOHC-12V发动机模型_Part68	75	73	2
DPSN110020T	144	142	2
Deutz-BF6M1013FC柴油发动机_Part108	48	46	2
Deutz-BF6M1013FC柴油发动机_Part121	48	46	2
Deutz-BF6M1013FC柴油发动机_Part146	48	46	2
Deutz-BF6M1013FC柴油发动机_Part32	48	46	2
Deutz-BF6M1013FC柴油发动机_Part51	48	46	2
Deutz-BF6M1013FC柴油发动机_Part88	48	46	2
FF1501A_part1	279	277	2
HAJ41-M5-D16-E	5	3	2
LJ-A01_part6	85	83	2
MHR25_part2	44	42	2
PSF002A001_Part357	329	327	2
SCA02-D65-d10-I-10	85	83	2
USB全自动装配机3D_Part123	12	10	2
USB全自动装配机3D_Part670	12	10	2
WCRJ10X10S_part1	153	151	2
XDF31-2_part1	128	126	2
g3512发动机_Part104	29	27	2
g3512发动机_Part347	262	260	2
g3512发动机_Part482	110	108	2
g3512发动机_Part94	58	56	2
sheng kong_Part177	9	7	2
sheng kong_Part178	25	23	2
全自动攻牙机双向多头_Part167	19	17	2
全自动攻牙机双向多头_Part170	28	26	2
全自动攻牙机双向多头_Part172	19	17	2
全自动攻牙机双向多头_Part175	19	17	2
全自动攻牙机双向多头_Part178	19	17	2
全自动攻牙机双向多头_Part180	19	17	2
全自动攻牙机双向多头_Part181	22	20	2
全自动攻牙机双向多头_Part191	19	17	2
全自动攻牙机双向多头_Part192	19	17	2
全自动攻牙机双向多头_Part195	19	17	2
全自动攻牙机双向多头_Part196	19	17	2
全自动攻牙机双向多头_Part197	19	17	2
全自动攻牙机双向多头_Part207	19	17	2
全自动攻牙机双向多头_Part212	19	17	2
全自动攻牙机双向多头_Part215	19	17	2
全自动攻牙机双向多头_Part223	19	17	2
全自动攻牙机双向多头_Part230	19	17	2
全自动攻牙机双向多头_Part231	19	17	2
全自动攻牙机双向多头_Part232	19	17	2
全自动攻牙机双向多头_Part233	19	17	2
发动机部件加工机_Part43	27	25	2
发动机部件加工机_Part73	27	25	2
四冲程发动机_Part17	552	550	2
山地自行车3D_Part11351	17	15	2
山地自行车3D_Part237	59	57	2
山地自行车3D_Part96	59	57	2
工装装配_Part1	438	436	2
市政下水道疏通机器人_Part20	42	40	2
市政下水道疏通机器人_Part23	30	28	2
市政下水道疏通机器人_Part24	30	28	2
市政下水道疏通机器人_Part34	33	31	2
座椅冲切设备_Part272	12	10	2
座椅冲切设备_Part339	173	171	2
座椅冲切设备_Part352	129	127	2
座椅冲切设备_Part359	187	185	2
座椅冲切设备_Part499	73	71	2
座椅冲切设备_Part508	5	3	2
座椅冲切设备_Part509	5	3	2
座椅冲切设备_Part531	85	83	2
座椅冲切设备_Part538	5	3	2
座椅冲切设备_Part541	187	185	2
座椅冲切设备_Part560	78	76	2
座椅冲切设备_Part69	180	178	2
座椅冲切设备_Part70	180	178	2
挤压颗粒粉碎机_Part101	79	77	2
挤压颗粒粉碎机_Part15	31	29	2
挤压颗粒粉碎机_Part16	31	29	2
挤压颗粒粉碎机_Part162	79	77	2
挤压颗粒粉碎机_Part223	79	77	2
挤压颗粒粉碎机_Part288	79	77	2
挤压颗粒粉碎机_Part370	18	16	2
挤压颗粒粉碎机_Part40	79	77	2
无心磨龙门式送料机_Part109	240	238	2
无心磨龙门式送料机_Part110	31	29	2
无心磨龙门式送料机_Part373	82	80	2
无心磨龙门式送料机_Part439	158	156	2
晶体机组装机构装配_Part119	25	23	2
晶体机组装机构装配_Part125	63	61	2
晶体机组装机构装配_Part155	25	23	2
晶体机组装机构装配_Part161	63	61	2
晶体机组装机构装配_Part274	38	36	2
晶体机组装机构装配_Part281	74	72	2
晶体机组装机构装配_Part282	45	43	2
晶体机组装机构装配_Part505	38	36	2
晶体机组装机构装配_Part512	74	72	2
晶体机组装机构装配_Part513	45	43	2
机器人搬运自动检测包装机_Part115	29	27	2
机器人搬运自动检测包装机_Part116	29	27	2
机器人搬运自动检测包装机_Part136	32	30	2
机器人搬运自动检测包装机_Part174	22	20	2
机器人搬运自动检测包装机_Part193	29	27	2
机器人搬运自动检测包装机_Part194	29	27	2
机器人搬运自动检测包装机_Part252	50	48	2
机器人搬运自动检测包装机_Part303	70	68	2
机器人搬运自动检测包装机_Part334	70	68	2
机器人搬运自动检测包装机_Part374	70	68	2
机器人搬运自动检测包装机_Part405	70	68	2
机器人搬运自动检测包装机_Part59	32	30	2
机器人搬运自动检测包装机_Part96	22	20	2
桁架式搬运机_Part204	12	10	2
桁架式搬运机_Part205	12	10	2
桁架式搬运机_Part206	12	10	2
桁架式搬运机_Part207	12	10	2
桁架式搬运机_Part315	42	40	2
水陆麦克纳姆轮四轮小车_Part1337	17	15	2
水陆麦克纳姆轮四轮小车_Part1338	17	15	2
水陆麦克纳姆轮四轮小车_Part216	17	15	2
水陆麦克纳姆轮四轮小车_Part217	17	15	2
水陆麦克纳姆轮四轮小车_Part218	17	15	2
水陆麦克纳姆轮四轮小车_Part219	17	15	2
水陆麦克纳姆轮四轮小车_Part853	17	15	2
水陆麦克纳姆轮四轮小车_Part854	17	15	2
水陆麦克纳姆轮四轮小车_Part855	17	15	2
水陆麦克纳姆轮四轮小车_Part856	17	15	2
注胶机_Part133	45	43	2
注胶机_Part137	45	43	2
注胶机_Part171	45	43	2
注胶机_Part199	45	43	2
注胶机_Part486	45	43	2
注胶机_Part488	45	43	2
注胶机_Part489	45	43	2
注胶机_Part490	45	43	2
注胶机_Part530	232	230	2
混合机_Part1235	911	909	2
混合机_Part168	911	909	2
混合机_Part654	911	909	2
混合机_Part894	911	909	2
玩具越野车拼装模型_Part103	55	53	2
玩具越野车拼装模型_Part125	49	47	2
玩具越野车拼装模型_Part146	55	53	2
玩具越野车拼装模型_Part91	31	29	2
玩具越野车拼装模型_Part92	31	29	2
电子钓鱼杆_Part44	9	7	2
电池包装机_Part317	112	110	2
电池包装机_Part431	14	12	2
电池包装机_Part432	14	12	2
电池包装机_Part433	14	12	2
电池包装机_Part434	14	12	2
电池包装机_Part435	14	12	2
电池包装机_Part436	14	12	2
电池包装机_Part437	14	12	2
电池包装机_Part438	14	12	2
电池包装机_Part439	14	12	2
电池包装机_Part681	27	25	2
电池包装机_Part90	10	8	2
自动绕线机_Part335	66	64	2
自动绕线机_Part370	66	64	2
自动绕线机_Part492	21	19	2
自动绕线机_Part493	21	19	2
自动绕线机_Part590	21	19	2
自动绕线机_Part591	21	19	2
自动绕线机_Part708	11	9	2
自动锁螺丝机_Part886	12	10	2
锻压成型机_Part127	187	185	2
雅马哈摩托车拼装_Part43	47	45	2
雅马哈摩托车拼装_Part44	47	45	2
雅马哈摩托车拼装_Part46	47	45	2
雅马哈摩托车拼装_Part47	47	45	2
雅马哈摩托车拼装_Part64	212	210	2
00011_1	16	13	3
00120_1	20	17	3
00997_1	29	26	3
01409_6	131	128	3
01548_1	29	26	3
02129_1	23	20	3
02154_7	131	128	3
03874_4	14	11	3
05930_1	151	148	3
05958_1	111	108	3
06397	16	13	3
06543_1	196	193	3
06805_1	28	25	3
06816	8	5	3
06869_6	509	506	3
07096_1	85	82	3
07096_2	53	50	3
07123_1	19	16	3
07207_1	28	25	3
07252	8	5	3
08035_1	31	28	3
08098_1	34	31	3
08111_6	509	506	3
08423_3	127	124	3
08451_21	85	82	3
08502_1	19	16	3
08576_12	131	128	3
08577_1	196	193	3
08827_9	191	188	3
08885_1	29	26	3
08954_4	19	16	3
09304	22	19	3
09367_1	29	26	3
09705_4	32	29	3
10-手机贴标设备_Part263	24	21	3
10-手机贴标设备_Part264	24	21	3
10-手机贴标设备_Part268	12	9	3
10-手机贴标设备_Part269	12	9	3
10-手机贴标设备_Part270	12	9	3
10-手机贴标设备_Part271	12	9	3
10-手机贴标设备_Part348	12	9	3
10-手机贴标设备_Part518	24	21	3
10-手机贴标设备_Part519	24	21	3
10-手机贴标设备_Part523	12	9	3
10-手机贴标设备_Part524	12	9	3
10-手机贴标设备_Part525	12	9	3
10-手机贴标设备_Part526	12	9	3
10-手机贴标设备_Part569	35	32	3
10-手机贴标设备_Part592	12	9	3
10-手机贴标设备_Part593	12	9	3
10-手机贴标设备_Part620	20	17	3
10-手机贴标设备_Part621	20	17	3
10-手机贴标设备_Part622	20	17	3
10-手机贴标设备_Part623	20	17	3
10-手机贴标设备_Part677	20	17	3
10-手机贴标设备_Part678	20	17	3
10-手机贴标设备_Part679	20	17	3
10-手机贴标设备_Part680	20	17	3
10-手机贴标设备_Part727	12	9	3
10-手机贴标设备_Part728	12	9	3
10-手机贴标设备_Part749	12	9	3
10-手机贴标设备_Part750	12	9	3
10-手机贴标设备_Part758	8	5	3
10-手机贴标设备_Part816	8	5	3
10135_1	196	193	3
10171_1	19	16	3
10326_1	16	13	3
10336_4	356	353	3
10336_8	356	353	3
10340_1	20	17	3
10429_1	20	17	3
10432	11	8	3
10455_4	32	29	3
11549_4	18	15	3
11959_5	14	11	3
1300切纸机_Part33	20	17	3
1300切纸机_Part35	19	16	3
1300切纸机_Part9	7	4	3
16674.1(F) M10×40-不锈钢-简单处理-A2-70	28	25	3
23-自动测试贴模机_Part765	155	152	3
A16-框架式单斜臂机械手_Part66	39	36	3
AGV移动运输小车_Part1323	18	15	3
AGV移动运输小车_Part1343	18	15	3
Airtank35_Part111	343	340	3
B03-哈模框架机械手_Part158	17	14	3
B03-哈模框架机械手_Part166	17	14	3
B03-哈模框架机械手_Part207	17	14	3
B03-哈模框架机械手_Part213	17	14	3
BWST-10	75	72	3
Carburator-V8发动机_Part439	363	360	3
Deutz-BF6M1013FC柴油发动机_Part288	38	35	3
Deutz-BF6M1013FC柴油发动机_Part300	15	12	3
FAW21-D8	34	31	3
G27 Pedal_Part11	26	23	3
Garrett-GTCP85-98D燃气涡轮发动机_Part19	187	184	3
Garrett-GTCP85-98D燃气涡轮发动机_Part493	673	670	3
Royal Enfield_Part49	36	33	3
Royal Enfield_Part50	34	31	3
Royal Enfield_Part51	36	33	3
Royal Enfield_Part52	34	31	3
SHF10	25	22	3
SJF-LB6M5-M4	41	38	3
SK1-606R_part1	152	149	3
SK1-9012_part1	35	32	3
WIY01-D12	13	10	3
g3512发动机_Part119	130	127	3
传感器机器人小车_Part140	17	14	3
传感器机器人小车_Part190	17	14	3
传感器机器人小车_Part40	17	14	3
传感器机器人小车_Part90	17	14	3
全自动攻牙机双向多头_Part1	241	238	3
全自动攻牙机双向多头_Part200	93	90	3
全自动攻牙机双向多头_Part403	241	238	3
奔驰4x4越野卡车_Part259	293	290	3
奔驰4x4越野卡车_Part263	293	290	3
奔驰4x4越野卡车_Part397	284	281	3
奔驰4x4越野卡车_Part402	284	281	3
定制摩托车_Part19	38	35	3
工装装配_Part697	21	18	3
工装装配_Part700	21	18	3
座椅冲切设备_Part241	13	10	3
座椅冲切设备_Part271	5	2	3
座椅冲切设备_Part39	25	22	3
座椅冲切设备_Part403	24	21	3
座椅冲切设备_Part478	24	21	3
座椅冲切设备_Part501	129	126	3
无心磨龙门式送料机_Part145	289	286	3
无心磨龙门式送料机_Part680	70	67	3
晶体机组装机构装配_Part246	22	19	3
晶体机组装机构装配_Part256	15	12	3
晶体机组装机构装配_Part259	14	11	3
晶体机组装机构装配_Part273	21	18	3
晶体机组装机构装配_Part35	15	12	3
晶体机组装机构装配_Part36	15	12	3
晶体机组装机构装配_Part37	15	12	3
晶体机组装机构装配_Part38	15	12	3
晶体机组装机构装配_Part40	15	12	3
晶体机组装机构装配_Part41	15	12	3
晶体机组装机构装配_Part42	15	12	3
晶体机组装机构装配_Part43	15	12	3
晶体机组装机构装配_Part45	15	12	3
晶体机组装机构装配_Part46	15	12	3
晶体机组装机构装配_Part47	15	12	3
晶体机组装机构装配_Part477	22	19	3
晶体机组装机构装配_Part48	15	12	3
晶体机组装机构装配_Part487	15	12	3
晶体机组装机构装配_Part490	14	11	3
晶体机组装机构装配_Part50	15	12	3
晶体机组装机构装配_Part504	21	18	3
晶体机组装机构装配_Part51	15	12	3
晶体机组装机构装配_Part52	15	12	3
晶体机组装机构装配_Part53	15	12	3
机器人搬运自动检测包装机_Part139	54	51	3
机器人搬运自动检测包装机_Part148	28	25	3
机器人搬运自动检测包装机_Part154	54	51	3
机器人搬运自动检测包装机_Part61	54	51	3
机器人搬运自动检测包装机_Part70	28	25	3
机器人搬运自动检测包装机_Part76	54	51	3
比赛履带小车_Part617	5	2	3
比赛履带小车_Part618	5	2	3
比赛履带小车_Part641	5	2	3
比赛履带小车_Part642	5	2	3
水陆麦克纳姆轮四轮小车_Part170	52	49	3
汽车空调-03_Part13	461	458	3
汽车空调-03_Part14	461	458	3
油浸式变压器_Part126	66	63	3
油浸式变压器_Part137	66	63	3
注胶机_Part41	24	21	3
注胶机_Part521	33	30	3
注胶机_Part55	24	21	3
混合机_Part1338	73	70	3
混合机_Part1504	60	57	3
混合机_Part285	60	57	3
混合机_Part286	60	57	3
混合机_Part306	73	70	3
混合机_Part308	73	70	3
混合机_Part698	60	57	3
混合机_Part699	60	57	3
混合机_Part719	73	70	3
混合机_Part721	73	70	3
混合机_Part888	73	70	3
玩具越野车拼装模型_Part108	52	49	3
电子元器件_Part66	88	85	3
电池包装机_Part241	20	17	3
电池包装机_Part242	20	17	3
电池包装机_Part285	12	9	3
电池包装机_Part287	12	9	3
电池包装机_Part294	17	14	3
电池包装机_Part298	17	14	3
电池包装机_Part302	17	14	3
电池包装机_Part306	17	14	3
电池包装机_Part310	17	14	3
电池包装机_Part314	17	14	3
电池包装机_Part350	17	14	3
电池包装机_Part351	17	14	3
电池包装机_Part352	17	14	3
电池包装机_Part353	17	14	3
电池包装机_Part354	17	14	3
电池包装机_Part355	17	14	3
电池包装机_Part680	95	92	3
电池包装机_Part685	22	19	3
电池包装机_Part699	12	9	3
电池包装机_Part702	20	17	3
电池包装机_Part703	17	14	3
电池包装机_Part729	18	15	3
电池开关6_Part283	23	20	3
电池开关6_Part284	23	20	3
电脑主板散热器_Part77	51	48	3
自动锁螺丝机_Part241	68	65	3
自动锁螺丝机_Part281	68	65	3
自动锁螺丝机_Part321	68	65	3
自动锁螺丝机_Part361	68	65	3
自动锁螺丝机_Part401	68	65	3
自动锁螺丝机_Part441	68	65	3
自动锁螺丝机_Part481	68	65	3
自动锁螺丝机_Part521	68	65	3
自动锁螺丝机_Part644	16	13	3
自动锁螺丝机_Part656	8	5	3
自动锁螺丝机_Part724	135	132	3
自动锁螺丝机_Part742	135	132	3
自动锁螺丝机_Part760	135	132	3
自动锁螺丝机_Part778	135	132	3
自动锁螺丝机_Part796	135	132	3
自动锁螺丝机_Part814	135	132	3
花生包装机_Part328	28	25	3
花生包装机_Part329	28	25	3
花生包装机_Part330	28	25	3
花生包装机_Part331	28	25	3
花生包装机_Part332	28	25	3
花生包装机_Part333	28	25	3
花生包装机_Part334	28	25	3
花生包装机_Part335	28	25	3
花生包装机_Part336	28	25	3
花生包装机_Part337	28	25	3
花生包装机_Part338	28	25	3
花生包装机_Part339	28	25	3
花生包装机_Part344	28	25	3
花生包装机_Part345	28	25	3
花生包装机_Part346	28	25	3
花生包装机_Part347	28	25	3
花生包装机_Part348	28	25	3
花生包装机_Part349	28	25	3
花生包装机_Part350	28	25	3
花生包装机_Part351	28	25	3
花生包装机_Part352	28	25	3
花生包装机_Part353	28	25	3
花生包装机_Part354	28	25	3
花生包装机_Part355	28	25	3
雅马哈摩托车拼装_Part1104	93	90	3
雅马哈摩托车拼装_Part1105	93	90	3
雅马哈摩托车拼装_Part1191	127	124	3
雅马哈摩托车拼装_Part1195	127	124	3
雅马哈摩托车拼装_Part1248	40	37	3
雅马哈摩托车拼装_Part1270	36	33	3
雅马哈摩托车拼装_Part1406	93	90	3
雅马哈摩托车拼装_Part1409	93	90	3
00045_2	12	8	4
00130_2	27	23	4
00179_13	150	146	4
00271	12	8	4
00317	20	16	4
00413	17	13	4
00549_6	150	146	4
00739_2	12	8	4
00858	20	16	4
01579_1	239	235	4
01741_1	115	111	4
01741_3	130	126	4
02043	20	16	4
02095_1	402	398	4
02347_1	26	22	4
02430_13	150	146	4
02520_17	102	98	4
02520_18	102	98	4
02520_20	102	98	4
02520_21	102	98	4
02520_6	102	98	4
02520_8	102	98	4
02702_2	38	34	4
03891_3	94	90	4
04564_2	152	148	4
04579_2	98	94	4
05015_8	29	25	4
05300_2	92	88	4
05300_4	87	83	4
05823_1	60	56	4
05958_2	161	157	4
06252	20	16	4
06253	18	14	4
06436	20	16	4
06537_2	12	8	4
06869_1	402	398	4
07093_1	15	11	4
07120_2	12	8	4
07244_13	102	98	4
07244_14	102	98	4
07244_16	102	98	4
07244_17	102	98	4
07244_5	102	98	4
07244_7	102	98	4
07399	18	14	4
07431_17	102	98	4
07431_18	102	98	4
07431_20	102	98	4
07431_21	102	98	4
07431_6	102	98	4
07431_8	102	98	4
07665_3	150	146	4
07855	20	16	4
08-全自动立式圆瓶贴标机_Part576	17	13	4
08-全自动立式圆瓶贴标机_Part845	59	55	4
08044	20	16	4
08083_2	12	8	4
08090_3	27	23	4
08111_1	402	398	4
08140_15	221	217	4
08399_1	38	34	4
08451_16	184	180	4
08451_3	127	123	4
08451_6	469	465	4
08539_1	13	9	4
08553	366	362	4
08620_1	15	11	4
08809_17	102	98	4
08809_18	102	98	4
08809_20	102	98	4
08809_21	102	98	4
08809_6	102	98	4
08809_8	102	98	4
08816	20	16	4
08827_1	650	646	4
09456	20	16	4
09467_3	27	23	4
09535_2	11	7	4
09632_2	11	7	4
10-手机贴标设备_Part221	26	22	4
10-手机贴标设备_Part222	26	22	4
10-手机贴标设备_Part284	15	11	4
10-手机贴标设备_Part476	26	22	4
10-手机贴标设备_Part477	26	22	4
10-手机贴标设备_Part539	15	11	4
10-手机贴标设备_Part795	64	60	4
10-手机贴标设备_Part796	64	60	4
10-手机贴标设备_Part797	64	60	4
10-手机贴标设备_Part798	64	60	4
10-手机贴标设备_Part799	64	60	4
10-手机贴标设备_Part800	64	60	4
10-手机贴标设备_Part801	64	60	4
10-手机贴标设备_Part802	64	60	4
10-手机贴标设备_Part803	64	60	4
10-手机贴标设备_Part804	64	60	4
10-手机贴标设备_Part805	64	60	4
10194	20	16	4
10286	20	16	4
10312_1	15	11	4
10318_22	221	217	4
10347	18	14	4
10348	26	22	4
10364_1	17	13	4
10372	18	14	4
10387_3	150	146	4
10387_4	150	146	4
10459_1	22	18	4
10588_1	15	11	4
10705_1	24	20	4
10877_3	27	23	4
10米氢燃料车前桥_Part46	11	7	4
10米氢燃料车前桥_Part47	11	7	4
11225	37	33	4
23-自动测试贴模机_Part1021	58	54	4
23-自动测试贴模机_Part1022	58	54	4
23-自动测试贴模机_Part1265	99	95	4
23-自动测试贴模机_Part1333	47	43	4
23-自动测试贴模机_Part1553	89	85	4
23-自动测试贴模机_Part1556	89	85	4
23-自动测试贴模机_Part567	58	54	4
23-自动测试贴模机_Part568	58	54	4
23-自动测试贴模机_Part658	99	95	4
3D打印机_Part173	181	177	4
3D打印机_Part174	181	177	4
3D打印机_Part239	181	177	4
3D打印机_Part282	181	177	4
3D打印机_Part60	181	177	4
A16-框架式单斜臂机械手_Part2	137	133	4
A16-框架式单斜臂机械手_Part54	50	46	4
A16-框架式单斜臂机械手_Part57	30	26	4
ADU48-206	115	111	4
AGV移动运输小车_Part133	59	55	4
BSQ-5RS	29	25	4
Deutz-BF6M1013FC柴油发动机_Part284	383	379	4
Hermit-Crab-V2-assy_part11	69	65	4
INDO四冲程单缸发动机模型_Part44	16	12	4
LJ-A01_part2	187	183	4
NXMLE-250S_4300A-250A-A_part3	45	41	4
QC1-10247-A_part2	87	83	4
Royal Enfield_Part24	6	2	4
Royal Enfield_Part31	6	2	4
TORNO_Part247	10	6	4
USB全自动装配机3D_Part117	37	33	4
USB全自动装配机3D_Part350	30	26	4
USB全自动装配机3D_Part355	30	26	4
USB全自动装配机3D_Part497	30	26	4
USB全自动装配机3D_Part664	37	33	4
V8-Engine-8缸发动机模型_Part203	158	154	4
WSA61-25-E-5-N-A	48	44	4
ZM104-M3-03	60	56	4
arduino电子元件_Part71	14	10	4
g3512发动机_Part148	314	310	4
g3512发动机_Part485	124	120	4
khelifaoui-V6-Turbo发动机_Part178	130	126	4
全自动攻牙机双向多头_Part189	61	57	4
全自动攻牙机双向多头_Part235	42	38	4
发动机后置客车后悬架模型_Part176	119	115	4
定制摩托车_Part15	19	15	4
定制摩托车_Part32	21	17	4
工装装配_Part311	68	64	4
工装装配_Part513	68	64	4
工装装配_Part547	68	64	4
工装装配_Part550	68	64	4
工装装配_Part612	68	64	4
工装装配_Part626	68	64	4
工装装配_Part742	68	64	4
市政下水道疏通机器人_Part54	105	101	4
座椅冲切设备_Part336	48	44	4
座椅冲切设备_Part393	29	25	4
挤出机_Part3	23	19	4
无心磨龙门式送料机_Part193	71	67	4
无心磨龙门式送料机_Part54	308	304	4
无心磨龙门式送料机_Part556	195	191	4
晶体机组装机构装配_Part118	36	32	4
晶体机组装机构装配_Part154	36	32	4
机器人搬运自动检测包装机_Part215	54	50	4
桁架式搬运机_Part319	16	12	4
水陆麦克纳姆轮四轮小车_Part1331	47	43	4
注胶机_Part102	59	55	4
注胶机_Part154	175	171	4
注胶机_Part158	59	55	4
注胶机_Part188	175	171	4
注胶机_Part192	59	55	4
注胶机_Part215	175	171	4
注胶机_Part219	59	55	4
注胶机_Part586	95	91	4
注胶机_Part86	175	171	4
滚筒式搅拌机_Part244	46	42	4
滚筒式搅拌机_Part80	28	24	4
玩具越野车拼装模型_Part7	91	87	4
电池包装机_Part235	16	12	4
电池包装机_Part236	16	12	4
电池包装机_Part531	17	13	4
电池包装机_Part532	17	13	4
电池包装机_Part616	17	13	4
电池包装机_Part617	17	13	4
电池包装机_Part628	17	13	4
电池包装机_Part629	17	13	4
电池包装机_Part660	17	13	4
电池包装机_Part661	17	13	4
电池包装机_Part672	17	13	4
电池包装机_Part673	17	13	4
经典大众发动机_Part4	12	8	4
经典大众发动机_Part76	12	8	4
自动绕线机_Part678	35	31	4
自动绕线机_Part679	37	33	4
自动绕线机_Part687	35	31	4
自动绕线机_Part688	37	33	4
自动绕线机_Part695	55	51	4
自动绕线机_Part754	52	48	4
花生包装机_Part168	135	131	4
花生包装机_Part8	48	44	4
锻压成型机_Part18	127	123	4
锻压成型机_Part19	127	123	4
锻压成型机_Part20	127	123	4
锻压成型机_Part21	127	123	4
锻压成型机_Part31	121	117	4
锻压成型机_Part32	121	117	4
齿轮齿条式转向系统_Part25	19	15	4
01701_1	14	9	5
02900_3	129	124	5
06110	139	134	5
06172_3	42	37	5
06251_3	42	37	5
06265_3	42	37	5
06282_3	42	37	5
06379_3	42	37	5
06469	135	130	5
06501_3	42	37	5
06514_3	42	37	5
06540_3	42	37	5
06577_3	42	37	5
06586_3	42	37	5
06662_3	42	37	5
07364	135	130	5
07620	135	130	5
07957_3	42	37	5
08527_2	131	126	5
09294	135	130	5
09570	135	130	5
09766	135	130	5
09778	135	130	5
10-手机贴标设备_Part117	20	15	5
10-手机贴标设备_Part118	20	15	5
10-手机贴标设备_Part119	20	15	5
10-手机贴标设备_Part120	20	15	5
10-手机贴标设备_Part226	26	21	5
10-手机贴标设备_Part227	26	21	5
10-手机贴标设备_Part228	26	21	5
10-手机贴标设备_Part229	26	21	5
10-手机贴标设备_Part230	26	21	5
10-手机贴标设备_Part231	26	21	5
10-手机贴标设备_Part232	26	21	5
10-手机贴标设备_Part233	26	21	5
10-手机贴标设备_Part481	26	21	5
10-手机贴标设备_Part482	26	21	5
10-手机贴标设备_Part483	26	21	5
10-手机贴标设备_Part484	26	21	5
10-手机贴标设备_Part485	26	21	5
10-手机贴标设备_Part486	26	21	5
10-手机贴标设备_Part487	26	21	5
10-手机贴标设备_Part488	26	21	5
10186	135	130	5
10250_3	42	37	5
10289_3	42	37	5
10365_6	80	75	5
10437_3	42	37	5
10472_3	42	37	5
10570_3	42	37	5
10627	135	130	5
10651_3	42	37	5
10695_3	42	37	5
10717_3	42	37	5
10米氢燃料车前围骨架_Part204	19	14	5
10米氢燃料车前围骨架_Part209	19	14	5
10米氢燃料车前围骨架_Part213	19	14	5
10米氢燃料车前围骨架_Part215	19	14	5
10米氢燃料车前围骨架_Part216	19	14	5
10米氢燃料车前围骨架_Part218	19	14	5
10米氢燃料车前围骨架_Part225	19	14	5
10米氢燃料车前围骨架_Part226	19	14	5
11648_2	131	126	5
11648_4	131	126	5
11853_2	131	126	5
1300切纸机_Part322	30	25	5
13R-AS	68	63	5
23-自动测试贴模机_Part1468	38	33	5
4013贴片	32	27	5
Airtank35_Part238	7	2	5
Airtank35_Part276	7	2	5
Airtank35_Part314	7	2	5
Airtank35_Part38	7	2	5
B03-哈模框架机械手_Part105	26	21	5
B03-哈模框架机械手_Part176	23	18	5
B03-哈模框架机械手_Part228	23	18	5
B03-哈模框架机械手_Part96	26	21	5
Deutz-BF6M1013FC柴油发动机_Part56	24	19	5
E-EIC01-40	204	199	5
G27 Pedal_Part12	129	124	5
Garrett-GTCP85-98D燃气涡轮发动机_Part1001	62	57	5
HFK41-50	49	44	5
HPTFDB8-20-M3-N3-2-2-6-6	31	26	5
HRQ2_part2	71	66	5
Knee Paddle Switch_Part15	105	100	5
Knee Paddle Switch_Part45	105	100	5
Knee Paddle Switch_Part61	105	100	5
NS2-25 0.1-0.16A_part19	76	71	5
Remote relay module - 4 relays	260	255	5
TORNO_Part89	38	33	5
USB全自动装配机3D_Part530	205	200	5
g3512发动机_Part140	14	9	5
g3512发动机_Part141	11	6	5
g3512发动机_Part142	11	6	5
g3512发动机_Part143	11	6	5
g3512发动机_Part333	14	9	5
g3512发动机_Part447	17	12	5
rice-cooker_Part4	15	10	5
sheng kong_Part110	600	595	5
sheng kong_Part111	600	595	5
sheng kong_Part112	600	595	5
全自动攻牙机双向多头_Part44	28	23	5
市政下水道疏通机器人_Part37	72	67	5
市政下水道疏通机器人_Part68	159	154	5
座椅冲切设备_Part274	36	31	5
座椅冲切设备_Part335	48	43	5
座椅冲切设备_Part358	56	51	5
座椅冲切设备_Part40	25	20	5
座椅冲切设备_Part452	29	24	5
座椅冲切设备_Part542	56	51	5
座椅冲切设备_Part68	36	31	5
座椅冲切设备_Part71	36	31	5
挤出机_Part58	30	25	5
无心磨龙门式送料机_Part136	172	167	5
无心磨龙门式送料机_Part171	21	16	5
晶体机组装机构装配_Part145	15	10	5
晶体机组装机构装配_Part189	15	10	5
机器人搬运自动检测包装机_Part287	57	52	5
比赛履带小车_Part1051	37	32	5
比赛履带小车_Part1057	37	32	5
比赛履带小车_Part1063	37	32	5
比赛履带小车_Part1069	37	32	5
比赛履带小车_Part651	7	2	5
水陆麦克纳姆轮四轮小车_Part1395	63	58	5
水陆麦克纳姆轮四轮小车_Part3	51	46	5
水陆麦克纳姆轮四轮小车_Part68	51	46	5
水陆麦克纳姆轮四轮小车_Part78	51	46	5
水陆麦克纳姆轮四轮小车_Part87	51	46	5
汽车空调-04_Part10	207	202	5
汽车空调-04_Part32	124	119	5
汽车空调-04_Part34	124	119	5
汽车转向系统总成_Part100	19	14	5
注胶机_Part579	58	53	5
洗衣机_Part285	77	72	5
混合机_Part1151	20	15	5
混合机_Part1308	20	15	5
混合机_Part1488	102	97	5
混合机_Part1508	10	5	5
混合机_Part265	102	97	5
混合机_Part291	10	5	5
混合机_Part324	20	15	5
混合机_Part678	102	97	5
混合机_Part704	10	5	5
混合机_Part786	20	15	5
滚筒式搅拌机_Part25	8	3	5
滚筒式搅拌机_Part259	12	7	5
滚筒式搅拌机_Part26	8	3	5
滚筒式搅拌机_Part27	8	3	5
滚筒式搅拌机_Part28	8	3	5
滚筒式搅拌机_Part419	8	3	5
滚筒式搅拌机_Part420	8	3	5
滚筒式搅拌机_Part421	8	3	5
滚筒式搅拌机_Part422	8	3	5
玩具越野车拼装模型_Part124	45	40	5
玩具越野车拼装模型_Part149	69	64	5
玩具越野车拼装模型_Part52	45	40	5
电池包装机_Part115	38	33	5
电池包装机_Part116	38	33	5
电池包装机_Part176	38	33	5
电池包装机_Part177	38	33	5
电池包装机_Part636	95	90	5
电池包装机_Part91	11	6	5
自动绕线机_Part402	52	47	5
自动锁螺丝机_Part610	26	21	5
自动锁螺丝机_Part612	26	21	5
自动锁螺丝机_Part615	26	21	5
自动锁螺丝机_Part616	26	21	5
自动锁螺丝机_Part619	26	21	5
自动锁螺丝机_Part621	26	21	5
自动锁螺丝机_Part629	26	21	5
自动锁螺丝机_Part630	26	21	5
自动锁螺丝机_Part637	26	21	5
自动锁螺丝机_Part638	26	21	5
自动锁螺丝机_Part639	26	21	5
自动锁螺丝机_Part640	26	21	5
自动锁螺丝机_Part655	15	10	5
自动锁螺丝机_Part722	26	21	5
自动锁螺丝机_Part740	26	21	5
自动锁螺丝机_Part758	26	21	5
自动锁螺丝机_Part776	26	21	5
自动锁螺丝机_Part794	26	21	5
自动锁螺丝机_Part812	26	21	5
自动锁螺丝机_Part94	26	21	5
螺柱GBT 902.4(IS) M3×10 钢 电镀铜	13	8	5
装配体台钻_Part14	136	131	5
转盘式铆接机_Part100	29	24	5
转盘式铆接机_Part13	12	7	5
转盘式铆接机_Part24	29	24	5
转盘式铆接机_Part36	29	24	5
转盘式铆接机_Part37	29	24	5
转盘式铆接机_Part5	12	7	5
转盘式铆接机_Part51	29	24	5
转盘式铆接机_Part52	29	24	5
转盘式铆接机_Part61	29	24	5
转盘式铆接机_Part68	29	24	5
转盘式铆接机_Part72	29	24	5
转盘式铆接机_Part90	29	24	5
转盘式铆接机_Part91	29	24	5
铆钉GBT 876 1.4x1.5 钢碳素 不经处理	15	10	5
阿克曼汽车转向传动系统_Part1	37	32	5
阿克曼汽车转向传动系统_Part2	37	32	5
阿克曼汽车转向传动系统_Part3	37	32	5
阿克曼汽车转向传动系统_Part4	37	32	5
00263_4	17	11	6
00300_1	28	22	6
00752_1	17	11	6
00823_1	171	165	6
00823_3	171	165	6
01094_1	171	165	6
03314_2	48	42	6
03314_4	48	42	6
03710_1	28	22	6
03821_2	58	52	6
04372_1	16	10	6
04372_2	74	68	6
05061_1	238	232	6
05930_3	75	69	6
05969_2	171	165	6
06128_4	26	20	6
06144_4	26	20	6
06162_4	26	20	6
06192_4	26	20	6
06237_4	26	20	6
06254_4	26	20	6
06267_4	26	20	6
06372_4	26	20	6
06384_4	26	20	6
06432_4	26	20	6
06489_4	26	20	6
06499_4	26	20	6
06509_4	26	20	6
06515_4	26	20	6
06535_4	26	20	6
06585_1	28	22	6
06622_4	26	20	6
06806_4	26	20	6
06828_2	127	121	6
06828_4	127	121	6
06848_3	48	42	6
07239	20	14	6
07979_1	28	22	6
08037_4	17	11	6
08318_3	17	11	6
08323	20	14	6
08402_2	19	13	6
08451_17	107	101	6
08826_4	17	11	6
08907	20	14	6
09285	20	14	6
09346_1	18	12	6
09410_3	17	11	6
09457_2	231	225	6
09559_1	20	14	6
09712_3	17	11	6
09717_1	17	11	6
10-手机贴标设备_Part114	22	16	6
10-手机贴标设备_Part115	22	16	6
10-手机贴标设备_Part302	38	32	6
10-手机贴标设备_Part312	30	24	6
10-手机贴标设备_Part347	26	20	6
10-手机贴标设备_Part356	38	32	6
10-手机贴标设备_Part366	30	24	6
10-手机贴标设备_Part378	26	20	6
10171_2	32	26	6
10301_4	26	20	6
10327_2	195	189	6
10386_7	127	121	6
10454_2	102	96	6
10530_4	26	20	6
10600_4	26	20	6
10647_4	26	20	6
10741_1	28	22	6
10749_4	26	20	6
10750_4	26	20	6
10米氢燃料车动力转向泵_Part7	46	40	6
11329_2	102	96	6
11329_4	102	96	6
1300切纸机_Part62	49	43	6
23-自动测试贴模机_Part1114	162	156	6
23-自动测试贴模机_Part153	162	156	6
23-自动测试贴模机_Part171	162	156	6
23-自动测试贴模机_Part189	162	156	6
23-自动测试贴模机_Part20	162	156	6
23-自动测试贴模机_Part207	162	156	6
23-自动测试贴模机_Part225	162	156	6
23-自动测试贴模机_Part243	162	156	6
23-自动测试贴模机_Part261	162	156	6
23-自动测试贴模机_Part279	162	156	6
23-自动测试贴模机_Part297	162	156	6
23-自动测试贴模机_Part315	162	156	6
23-自动测试贴模机_Part333	162	156	6
23-自动测试贴模机_Part351	162	156	6
23-自动测试贴模机_Part369	162	156	6
23-自动测试贴模机_Part387	162	156	6
23-自动测试贴模机_Part405	162	156	6
23-自动测试贴模机_Part423	162	156	6
23-自动测试贴模机_Part441	162	156	6
23-自动测试贴模机_Part45	162	156	6
23-自动测试贴模机_Part459	162	156	6
23-自动测试贴模机_Part477	162	156	6
23-自动测试贴模机_Part495	162	156	6
23-自动测试贴模机_Part513	162	156	6
23-自动测试贴模机_Part531	162	156	6
23-自动测试贴模机_Part64	162	156	6
23-自动测试贴模机_Part799	162	156	6
23-自动测试贴模机_Part913	162	156	6
6JD-971-845A_Part5	131	125	6
AGV移动运输小车_Part1851	32	26	6
AGV移动运输小车_Part1852	32	26	6
AGV移动运输小车_Part1853	32	26	6
AGV移动运输小车_Part1854	32	26	6
AGV移动运输小车_Part1865	32	26	6
AGV移动运输小车_Part1866	32	26	6
AGV移动运输小车_Part1868	32	26	6
AGV移动运输小车_Part1869	32	26	6
AGV移动运输小车_Part1870	32	26	6
AGV移动运输小车_Part1871	32	26	6
Arduino主板_Part10	12	6	6
Arduino主板_Part11	12	6	6
Arduino主板_Part18	12	6	6
Arduino主板_Part19	12	6	6
Arduino主板_Part20	12	6	6
Arduino主板_Part21	12	6	6
Arduino主板_Part22	12	6	6
Arduino主板_Part7	12	6	6
Arduino主板_Part8	12	6	6
Arduino主板_Part9	12	6	6
Garrett-GTCP85-98D燃气涡轮发动机_Part629	87	81	6
LJ-BA40-1(竖安装板)_part1	34	28	6
LJ-LYI04(6屏700mm立杆)_part2	100	94	6
MKQP25_part3	151	145	6
OT-SM15P-290	153	147	6
REBC-5	25	19	6
SK1-1009B_part1	178	172	6
USB全自动装配机3D_Part423	14	8	6
XDF31-2_part2	121	115	6
XTSLM-M5	121	115	6
arduino电子元件_Part70	34	28	6
g3512发动机_Part10	191	185	6
g3512发动机_Part11	191	185	6
g3512发动机_Part12	191	185	6
g3512发动机_Part13	191	185	6
g3512发动机_Part14	191	185	6
g3512发动机_Part3	191	185	6
g3512发动机_Part336	33	27	6
g3512发动机_Part4	191	185	6
g3512发动机_Part408	700	694	6
g3512发动机_Part5	191	185	6
g3512发动机_Part6	191	185	6
g3512发动机_Part7	191	185	6
g3512发动机_Part8	191	185	6
g3512发动机_Part9	191	185	6
khelifaoui-V6-Turbo发动机_Part205	518	512	6
sheng kong_Part180	14	8	6
医疗瓶灌装线_Part110	22	16	6
医疗瓶灌装线_Part114	22	16	6
医疗瓶灌装线_Part482	178	172	6
医疗瓶灌装线_Part529	178	172	6
宝马汽车发动机模型_Part40	29	23	6
宝马汽车发动机模型_Part41	29	23	6
宝马汽车发动机模型_Part42	29	23	6
宝马汽车发动机模型_Part43	29	23	6
宝马汽车发动机模型_Part44	29	23	6
宝马汽车发动机模型_Part45	29	23	6
宝马汽车发动机模型_Part46	29	23	6
宝马汽车发动机模型_Part47	29	23	6
宝马汽车发动机模型_Part48	29	23	6
宝马汽车发动机模型_Part49	29	23	6
宝马汽车发动机模型_Part50	29	23	6
宝马汽车发动机模型_Part51	29	23	6
工装装配_Part517	69	63	6
工装装配_Part593	69	63	6
座椅冲切设备_Part240	106	100	6
座椅冲切设备_Part390	24	18	6
挤压颗粒粉碎机_Part372	33	27	6
无心磨龙门式送料机_Part239	77	71	6
机器人搬运自动检测包装机_Part219	26	20	6
桁架式搬运机_Part160	36	30	6
桁架式搬运机_Part168	36	30	6
比赛履带小车_Part52	8	2	6
比赛履带小车_Part719	8	2	6
水陆麦克纳姆轮四轮小车_Part1345	50	44	6
水陆麦克纳姆轮四轮小车_Part1346	50	44	6
水陆麦克纳姆轮四轮小车_Part1404	73	67	6
汽车空调-03_Part39	165	159	6
汽车空调-03_Part41	161	155	6
注胶机_Part111	345	339	6
注胶机_Part556	88	82	6
混合机_Part1026	102	96	6
混合机_Part1188	102	96	6
混合机_Part1270	102	96	6
混合机_Part229	102	96	6
混合机_Part495	102	96	6
电池包装机_Part148	22	16	6
电池包装机_Part151	22	16	6
电池包装机_Part209	22	16	6
电池包装机_Part212	22	16	6
电池包装机_Part255	14	8	6
电池包装机_Part333	18	12	6
电池包装机_Part334	18	12	6
电池包装机_Part335	18	12	6
电池包装机_Part336	18	12	6
电池包装机_Part371	14	8	6
电池包装机_Part399	16	10	6
电池包装机_Part400	16	10	6
电池包装机_Part541	15	9	6
电池包装机_Part542	15	9	6
电池包装机_Part551	13	7	6
电池包装机_Part552	13	7	6
电池包装机_Part553	13	7	6
电池包装机_Part554	13	7	6
电池包装机_Part556	15	9	6
电池包装机_Part557	15	9	6
电池包装机_Part583	22	16	6
电池包装机_Part641	22	16	6
电池包装机_Part69	16	10	6
电池包装机_Part695	20	14	6
电池包装机_Part70	16	10	6
电池包装机_Part761	18	12	6
自动绕线机_Part670	48	42	6
自动锁螺丝机_Part197	218	212	6
自动锁螺丝机_Part201	218	212	6
自动锁螺丝机_Part205	218	212	6
自动锁螺丝机_Part209	218	212	6
自动锁螺丝机_Part700	39	33	6
花生包装机_Part264	26	20	6
花生包装机_Part265	26	20	6
花生包装机_Part266	26	20	6
花生包装机_Part267	26	20	6
花生包装机_Part268	26	20	6
花生包装机_Part269	26	20	6
花生包装机_Part270	26	20	6
花生包装机_Part271	26	20	6
花生包装机_Part272	26	20	6
花生包装机_Part273	26	20	6
花生包装机_Part274	26	20	6
花生包装机_Part275	26	20	6
花生包装机_Part276	26	20	6
花生包装机_Part277	26	20	6
花生包装机_Part278	26	20	6
花生包装机_Part279	26	20	6
花生包装机_Part280	26	20	6
花生包装机_Part281	26	20	6
花生包装机_Part288	26	20	6
花生包装机_Part289	26	20	6
花生包装机_Part290	26	20	6
花生包装机_Part291	26	20	6
转盘式铆接机_Part181	38	32	6
转盘式铆接机_Part208	14	8	6
转盘式铆接机_Part54	22	16	6
00005	18	11	7
00275	14	7	7
00463_2	54	47	7
01083_2	48	41	7
01922_1	43	36	7
02169_3	76	69	7
04250_3	48	41	7
06266	131	124	7
06460	131	124	7
06494	131	124	7
06735	131	124	7
07886	12	5	7
07991	131	124	7
08-全自动立式圆瓶贴标机_Part253	31	24	7
08-全自动立式圆瓶贴标机_Part258	31	24	7
08-全自动立式圆瓶贴标机_Part263	31	24	7
08-全自动立式圆瓶贴标机_Part268	31	24	7
08-全自动立式圆瓶贴标机_Part273	31	24	7
08-全自动立式圆瓶贴标机_Part278	31	24	7
08-全自动立式圆瓶贴标机_Part283	31	24	7
08014	131	124	7
08018	131	124	7
08536	131	124	7
09335	131	124	7
09546	131	124	7
09585_3	144	137	7
10-手机贴标设备_Part286	27	20	7
10-手机贴标设备_Part287	27	20	7
10-手机贴标设备_Part289	18	11	7
10-手机贴标设备_Part290	18	11	7
10-手机贴标设备_Part294	18	11	7
10-手机贴标设备_Part541	27	20	7
10-手机贴标设备_Part542	27	20	7
10-手机贴标设备_Part544	18	11	7
10-手机贴标设备_Part545	18	11	7
10-手机贴标设备_Part549	18	11	7
10-手机贴标设备_Part791	20	13	7
10-手机贴标设备_Part792	20	13	7
10-手机贴标设备_Part793	20	13	7
10-手机贴标设备_Part794	20	13	7
10172	131	124	7
10195	131	124	7
10214	131	124	7
10346	131	124	7
10490_3	82	75	7
10518	131	124	7
10522	131	124	7
10619	131	124	7
10670	131	124	7
10692	14	7	7
10米氢燃料车前桥_Part311	586	579	7
10米氢燃料车前桥_Part376	586	579	7
10米氢燃料车集中润滑_Part2	537	530	7
11395_2	48	41	7
11395_4	48	41	7
11732_3	144	137	7
1300切纸机_Part18	124	117	7
1300切纸机_Part19	124	117	7
1300切纸机_Part49	66	59	7
ACM1M-1309_part2	169	162	7
DOHC-12V发动机模型_Part172	196	189	7
E-HAE47-W8	48	41	7
EMMZC-D20-H25	10	3	7
Knee Paddle Switch_Part1	148	141	7
Knee Paddle Switch_Part31	148	141	7
LEC-1-B-E	22	15	7
LJ-A01_part5	37	30	7
M-38-tv1_Part137	768	761	7
SK2-007-1_part1	25	18	7
V8-Engine-8缸发动机模型_Part204	171	164	7
VPU03A11	221	214	7
g3512发动机_Part343	139	132	7
全自动攻牙机双向多头_Part198	16	9	7
外骨骼装备_Part105	383	376	7
外骨骼装备_Part112	384	377	7
奔驰4x4越野卡车_Part446	126	119	7
奔驰4x4越野卡车_Part452	126	119	7
奔驰4x4越野卡车_Part905	126	119	7
工装装配_Part539	33	26	7
工装装配_Part589	33	26	7
工装装配_Part797	33	26	7
座椅冲切设备_Part115	67	60	7
座椅冲切设备_Part513	173	166	7
微波炉_Part17	14	7	7
微波炉_Part18	14	7	7
挤压颗粒粉碎机_Part499	414	407	7
无心磨龙门式送料机_Part191	21	14	7
无心磨龙门式送料机_Part249	23	16	7
无心磨龙门式送料机_Part318	28	21	7
无心磨龙门式送料机_Part340	28	21	7
无心磨龙门式送料机_Part342	29	22	7
无心磨龙门式送料机_Part661	39	32	7
晶体机组装机构装配_Part239	38	31	7
晶体机组装机构装配_Part240	38	31	7
晶体机组装机构装配_Part241	94	87	7
晶体机组装机构装配_Part243	38	31	7
晶体机组装机构装配_Part244	38	31	7
晶体机组装机构装配_Part288	38	31	7
晶体机组装机构装配_Part289	38	31	7
晶体机组装机构装配_Part379	34	27	7
晶体机组装机构装配_Part412	38	31	7
晶体机组装机构装配_Part470	38	31	7
晶体机组装机构装配_Part471	38	31	7
晶体机组装机构装配_Part472	94	87	7
晶体机组装机构装配_Part474	38	31	7
晶体机组装机构装配_Part475	38	31	7
晶体机组装机构装配_Part519	38	31	7
晶体机组装机构装配_Part520	38	31	7
晶体机组装机构装配_Part610	34	27	7
晶体机组装机构装配_Part643	38	31	7
桁架式搬运机_Part218	31	24	7
洗衣机_Part254	11	4	7
洗衣机_Part255	11	4	7
洗衣机_Part30	11	4	7
洗衣机_Part31	11	4	7
洗衣机_Part330	11	4	7
洗衣机_Part331	11	4	7
洗衣机_Part383	11	4	7
洗衣机_Part384	11	4	7
洗衣机_Part395	11	4	7
洗衣机_Part396	11	4	7
洗衣机_Part42	11	4	7
洗衣机_Part43	11	4	7
洗衣机_Part59	11	4	7
洗衣机_Part60	11	4	7
洗衣机_Part630	11	4	7
洗衣机_Part631	11	4	7
洗衣机_Part66	11	4	7
洗衣机_Part660	11	4	7
洗衣机_Part661	11	4	7
洗衣机_Part67	11	4	7
洗衣机_Part672	11	4	7
洗衣机_Part673	11	4	7
洗衣机_Part678	11	4	7
洗衣机_Part679	11	4	7
滚筒式搅拌机_Part187	45	38	7
滚筒式搅拌机_Part283	45	38	7
电子钓鱼杆_Part12	10	3	7
电工电子器件模型_Part78	9	2	7
电池包装机_Part149	17	10	7
电池包装机_Part152	17	10	7
电池包装机_Part210	17	10	7
电池包装机_Part213	17	10	7
电池包装机_Part266	18	11	7
电池包装机_Part276	18	11	7
电池包装机_Part277	18	11	7
电池包装机_Part279	18	11	7
电池包装机_Part280	18	11	7
电池包装机_Part282	18	11	7
电池包装机_Part288	18	11	7
电池包装机_Part290	18	11	7
电池包装机_Part325	17	10	7
电池包装机_Part326	17	10	7
电池包装机_Part328	17	10	7
电池包装机_Part329	17	10	7
电池包装机_Part357	15	8	7
电池包装机_Part374	18	11	7
电池包装机_Part375	18	11	7
电池包装机_Part377	18	11	7
电池包装机_Part378	18	11	7
电池包装机_Part404	19	12	7
电池包装机_Part405	19	12	7
电池包装机_Part449	18	11	7
电池包装机_Part450	18	11	7
电池包装机_Part452	18	11	7
电池包装机_Part453	18	11	7
电池包装机_Part52	15	8	7
电池包装机_Part523	13	6	7
电池包装机_Part524	13	6	7
电池包装机_Part58	18	11	7
电池包装机_Part59	18	11	7
电池包装机_Part61	18	11	7
电池包装机_Part62	18	11	7
电池包装机_Part700	15	8	7
电池包装机_Part74	19	12	7
电池包装机_Part748	11	4	7
电池包装机_Part75	19	12	7
电池包装机_Part76	21	14	7
电池包装机_Part77	21	14	7
经典大众发动机_Part150	96	89	7
自动绕线机_Part800	19	12	7
自动绕线机_Part801	19	12	7
自动锁螺丝机_Part62	36	29	7
自动锁螺丝机_Part63	36	29	7
花生包装机_Part17	26	19	7
花生包装机_Part24	26	19	7
花生包装机_Part31	26	19	7
花生包装机_Part324	469	462	7
花生包装机_Part340	469	462	7
花生包装机_Part38	26	19	7
雅马哈摩托车拼装_Part1215	27	20	7
雅马哈摩托车拼装_Part1223	27	20	7
00512_1	37	29	8
00687	25	17	8
01920_3	135	127	8
02362_1	41	33	8
05176_1	223	215	8
05472_2	73	65	8
06096	13	5	8
06151	13	5	8
06171	13	5	8
06227	95	87	8
06230	109	101	8
06456	93	85	8
06821_1	20	12	8
06822	79	71	8
07007	75	67	8
07070	109	101	8
07097	95	87	8
07623	95	87	8
07981	109	101	8
08-全自动立式圆瓶贴标机_Part989	56	48	8
08367_2	91	83	8
08371	83	75	8
08423_2	71	63	8
08948_2	73	65	8
09318	109	101	8
09342	95	87	8
09363	109	101	8
09493	109	101	8
09549	89	81	8
09554	95	87	8
09571_4	158	150	8
09651	13	5	8
09673	95	87	8
09792	109	101	8
10228	95	87	8
10477	95	87	8
10485	95	87	8
10534	95	87	8
10693	109	101	8
10700	109	101	8
10818	109	101	8
10米氢燃料车前桥_Part306	23	15	8
10米氢燃料车前桥_Part307	23	15	8
10米氢燃料车前桥_Part308	23	15	8
10米氢燃料车前桥_Part309	23	15	8
10米氢燃料车前桥_Part377	23	15	8
10米氢燃料车前桥_Part378	23	15	8
10米氢燃料车前桥_Part379	23	15	8
10米氢燃料车前桥_Part380	23	15	8
10米氢燃料车前桥_Part66	65	57	8
10米氢燃料车前桥_Part67	65	57	8
10米氢燃料车前桥_Part68	65	57	8
10米氢燃料车前桥_Part69	65	57	8
10米氢燃料车后桥_Part242	23	15	8
10米氢燃料车后桥_Part243	23	15	8
10米氢燃料车后桥_Part244	23	15	8
10米氢燃料车后桥_Part245	23	15	8
10米氢燃料车后桥_Part313	23	15	8
10米氢燃料车后桥_Part314	23	15	8
10米氢燃料车后桥_Part315	23	15	8
10米氢燃料车后桥_Part316	23	15	8
1300切纸机_Part31	44	36	8
1300切纸机_Part323	100	92	8
23-自动测试贴模机_Part1472	29	21	8
5A110M5	46	38	8
AX65-30-11-80_part1	640	632	8
Carburator-V8发动机_Part143	500	492	8
Carburator-V8发动机_Part297	500	492	8
DMSX-D50-t1.5-d12-L184.5-T11-08B	57	49	8
Deutz-BF6M1013FC柴油发动机_Part339	102	94	8
HRQ2_part1	263	255	8
MS116-16_part2	36	28	8
NXM-250S_3300-125A_part3	242	234	8
Royal Enfield_Part65	20	12	8
Royal Enfield_Part69	20	12	8
UBWR-110	55	47	8
全自动攻牙机双向多头_Part174	32	24	8
动力转向架_Part87	18	10	8
动力转向架_Part88	18	10	8
动力转向架_Part89	18	10	8
动力转向架_Part90	18	10	8
医疗瓶灌装线_Part115	498	490	8
医疗瓶灌装线_Part148	498	490	8
医疗瓶灌装线_Part153	215	207	8
卧式冰箱内胆绕管机_Part78	23	15	8
座椅冲切设备_Part439	29	21	8
挤压颗粒粉碎机_Part103	33	25	8
挤压颗粒粉碎机_Part104	33	25	8
挤压颗粒粉碎机_Part105	33	25	8
挤压颗粒粉碎机_Part106	33	25	8
挤压颗粒粉碎机_Part107	33	25	8
挤压颗粒粉碎机_Part108	33	25	8
挤压颗粒粉碎机_Part109	33	25	8
挤压颗粒粉碎机_Part110	33	25	8
挤压颗粒粉碎机_Part111	33	25	8
挤压颗粒粉碎机_Part112	33	25	8
挤压颗粒粉碎机_Part113	33	25	8
挤压颗粒粉碎机_Part114	33	25	8
挤压颗粒粉碎机_Part115	33	25	8
挤压颗粒粉碎机_Part116	33	25	8
挤压颗粒粉碎机_Part117	33	25	8
挤压颗粒粉碎机_Part118	33	25	8
挤压颗粒粉碎机_Part164	33	25	8
挤压颗粒粉碎机_Part165	33	25	8
挤压颗粒粉碎机_Part166	33	25	8
挤压颗粒粉碎机_Part167	33	25	8
挤压颗粒粉碎机_Part168	33	25	8
挤压颗粒粉碎机_Part169	33	25	8
挤压颗粒粉碎机_Part170	33	25	8
挤压颗粒粉碎机_Part171	33	25	8
挤压颗粒粉碎机_Part172	33	25	8
挤压颗粒粉碎机_Part173	33	25	8
挤压颗粒粉碎机_Part174	33	25	8
挤压颗粒粉碎机_Part175	33	25	8
挤压颗粒粉碎机_Part176	33	25	8
挤压颗粒粉碎机_Part177	33	25	8
挤压颗粒粉碎机_Part178	33	25	8
挤压颗粒粉碎机_Part179	33	25	8
挤压颗粒粉碎机_Part225	33	25	8
挤压颗粒粉碎机_Part226	33	25	8
挤压颗粒粉碎机_Part227	33	25	8
挤压颗粒粉碎机_Part228	33	25	8
挤压颗粒粉碎机_Part229	33	25	8
挤压颗粒粉碎机_Part230	33	25	8
挤压颗粒粉碎机_Part231	33	25	8
挤压颗粒粉碎机_Part232	33	25	8
挤压颗粒粉碎机_Part233	33	25	8
挤压颗粒粉碎机_Part234	33	25	8
挤压颗粒粉碎机_Part235	33	25	8
挤压颗粒粉碎机_Part236	33	25	8
挤压颗粒粉碎机_Part237	33	25	8
挤压颗粒粉碎机_Part238	33	25	8
挤压颗粒粉碎机_Part239	33	25	8
挤压颗粒粉碎机_Part240	33	25	8
挤压颗粒粉碎机_Part290	33	25	8
挤压颗粒粉碎机_Part291	33	25	8
挤压颗粒粉碎机_Part292	33	25	8
挤压颗粒粉碎机_Part293	33	25	8
挤压颗粒粉碎机_Part294	33	25	8
挤压颗粒粉碎机_Part295	33	25	8
挤压颗粒粉碎机_Part296	33	25	8
挤压颗粒粉碎机_Part297	33	25	8
挤压颗粒粉碎机_Part298	33	25	8
挤压颗粒粉碎机_Part299	33	25	8
挤压颗粒粉碎机_Part300	33	25	8
挤压颗粒粉碎机_Part301	33	25	8
挤压颗粒粉碎机_Part302	33	25	8
挤压颗粒粉碎机_Part303	33	25	8
挤压颗粒粉碎机_Part304	33	25	8
挤压颗粒粉碎机_Part305	33	25	8
挤压颗粒粉碎机_Part42	33	25	8
挤压颗粒粉碎机_Part43	33	25	8
挤压颗粒粉碎机_Part44	33	25	8
挤压颗粒粉碎机_Part45	33	25	8
挤压颗粒粉碎机_Part46	33	25	8
挤压颗粒粉碎机_Part47	33	25	8
挤压颗粒粉碎机_Part48	33	25	8
挤压颗粒粉碎机_Part49	33	25	8
挤压颗粒粉碎机_Part50	33	25	8
挤压颗粒粉碎机_Part51	33	25	8
挤压颗粒粉碎机_Part52	33	25	8
挤压颗粒粉碎机_Part53	33	25	8
挤压颗粒粉碎机_Part54	33	25	8
挤压颗粒粉碎机_Part55	33	25	8
挤压颗粒粉碎机_Part56	33	25	8
挤压颗粒粉碎机_Part57	33	25	8
无心磨龙门式送料机_Part605	16	8	8
智能扫地机器人_Part176	96	88	8
桁架式搬运机_Part123	36	28	8
桁架式搬运机_Part151	36	28	8
桁架式搬运机_Part67	36	28	8
桁架式搬运机_Part95	36	28	8
比赛履带小车_Part1033	57	49	8
比赛履带小车_Part1042	57	49	8
比赛履带小车_Part755	22	14	8
滚筒式搅拌机_Part143	17	9	8
电池包装机_Part121	27	19	8
电池包装机_Part122	27	19	8
电池包装机_Part182	27	19	8
电池包装机_Part183	27	19	8
电池包装机_Part327	32	24	8
电池包装机_Part444	15	7	8
电池包装机_Part445	15	7	8
电池包装机_Part570	22	14	8
电池包装机_Part590	22	14	8
自动绕线机_Part711	29	21	8
自动绕线机_Part742	20	12	8
自动绕线机_Part751	20	12	8
自动绕线机_Part813	28	20	8
自动绕线机_Part820	28	20	8
自动锁螺丝机_Part729	14	6	8
自动锁螺丝机_Part747	14	6	8
自动锁螺丝机_Part765	14	6	8
自动锁螺丝机_Part783	14	6	8
自动锁螺丝机_Part801	14	6	8
自动锁螺丝机_Part819	14	6	8
自动锁螺丝机_Part86	25	17	8
自动锁螺丝机_Part87	25	17	8
转盘式铆接机_Part223	24	16	8
00173_1	36	27	9
01363_6	109	100	9
01895_1	36	27	9
02083_2	85	76	9
02686_1	36	27	9
03512_1	36	27	9
03875_3	19	10	9
04158_1	36	27	9
04289_3	97	88	9
05911_2	14	5	9
06234_2	11	2	9
06283	13	4	9
07071	167	158	9
08568_1	36	27	9
08772_1	502	493	9
09410_1	25	16	9
09429_1	29	20	9
09723_1	36	27	9
09794_1	506	497	9
10-手机贴标设备_Part241	20	11	9
10-手机贴标设备_Part242	20	11	9
10-手机贴标设备_Part496	20	11	9
10-手机贴标设备_Part497	20	11	9
10-手机贴标设备_Part557	45	36	9
10178	14	5	9
10447_1	506	497	9
10493	13	4	9
10652_1	28	19	9
11983_6	97	88	9
23-自动测试贴模机_Part1469	430	421	9
23-自动测试贴模机_Part1484	63	54	9
23-自动测试贴模机_Part1559	29	20	9
A16-框架式单斜臂机械手_Part19	419	410	9
B03-哈模框架机械手_Part268	139	130	9
DA57A-B303	40	31	9
FAVUQK5-601	132	123	9
GDR30008L	246	237	9
HFS26-75_part2	55	46	9
Hermit-Crab-V2-assy_part8	11	2	9
M-32-spk_box1-边圆角_Part18	14	5	9
M-32-spk_box1-边圆角_Part3	14	5	9
M-32-spk_box1-边圆角_Part50	14	5	9
M-38-tv1_Part26	90	81	9
USB全自动装配机3D_Part522	201	192	9
g3512发动机_Part111	660	651	9
g3512发动机_Part138	34	25	9
g3512发动机_Part419	359	350	9
g3512发动机_Part554	641	632	9
khelifaoui-V6-Turbo发动机_Part1	1042	1033	9
khelifaoui-V6-Turbo发动机_Part174	101	92	9
khelifaoui-V6-Turbo发动机_Part175	101	92	9
全自动攻牙机双向多头_Part163	53	44	9
全自动攻牙机双向多头_Part164	53	44	9
冰箱_Part51	15	6	9
冰箱_Part54	15	6	9
定制摩托车_Part26	92	83	9
座椅冲切设备_Part416	142	133	9
插料路由器_Part1	325	316	9
机器人搬运自动检测包装机_Part331	109	100	9
机器人搬运自动检测包装机_Part361	109	100	9
机器人搬运自动检测包装机_Part402	109	100	9
机器人搬运自动检测包装机_Part432	109	100	9
汽车电动助力转向系统_Part53	20	11	9
混合机_Part1000	17	8	9
混合机_Part1418	17	8	9
混合机_Part1479	12	3	9
混合机_Part253	12	3	9
混合机_Part469	17	8	9
混合机_Part666	12	3	9
滚筒式搅拌机_Part375	919	910	9
电子元器件_Part36	18	9	9
电池包装机_Part457	23	14	9
电池包装机_Part458	23	14	9
经典大众发动机_Part177	26	17	9
经典大众发动机_Part178	26	17	9
经典大众发动机_Part179	26	17	9
经典大众发动机_Part180	26	17	9
经典大众发动机_Part181	26	17	9
经典大众发动机_Part182	26	17	9
经典大众发动机_Part183	26	17	9
经典大众发动机_Part184	26	17	9
经典大众发动机_Part185	26	17	9
经典大众发动机_Part186	26	17	9
经典大众发动机_Part187	26	17	9
经典大众发动机_Part188	26	17	9
经典大众发动机_Part190	26	17	9
经典大众发动机_Part191	26	17	9
经典大众发动机_Part192	26	17	9
经典大众发动机_Part193	26	17	9
经典大众发动机_Part217	26	17	9
经典大众发动机_Part218	26	17	9
经典大众发动机_Part219	26	17	9
经典大众发动机_Part220	26	17	9
经典大众发动机_Part221	26	17	9
经典大众发动机_Part222	26	17	9
经典大众发动机_Part223	26	17	9
经典大众发动机_Part224	26	17	9
经典大众发动机_Part225	26	17	9
自动绕线机_Part18	41	32	9
花生包装机_Part190	56	47	9
花生包装机_Part191	56	47	9
转盘式铆接机_Part212	20	11	9
转盘式铆接机_Part225	40	31	9
锻压成型机_Part76	83	74	9
齿轮齿条式转向系统_Part89	22	13	9
齿轮齿条式转向系统_Part99	22	13	9
00252_2	179	169	10
00633_10	166	156	10
00633_7	166	156	10
00633_8	166	156	10
00633_9	166	156	10
01815_10	61	51	10
03179_4	87	77	10
06180_1	14	4	10
06211_2	13	3	10
06537_1	13	3	10
06628_2	179	169	10
07009_2	13	3	10
07050_2	13	3	10
07103_3	44	34	10
08083_1	13	3	10
08153_14	790	780	10
08153_7	790	780	10
08382	31	21	10
08513_2	54	44	10
08754_2	178	168	10
09319_2	13	3	10
09348_14	790	780	10
09498_2	179	169	10
09518_4	61	51	10
09622_2	44	34	10
10-手机贴标设备_Part260	26	16	10
10-手机贴标设备_Part515	26	16	10
10-手机贴标设备_Part625	26	16	10
10-手机贴标设备_Part626	26	16	10
10-手机贴标设备_Part627	26	16	10
10-手机贴标设备_Part628	26	16	10
10-手机贴标设备_Part629	26	16	10
10197	31	21	10
10233_2	54	44	10
10233_4	54	44	10
10233_7	54	44	10
10345	31	21	10
10384_2	13	3	10
10389_2	44	34	10
10389_4	44	34	10
10389_7	44	34	10
10504_2	13	3	10
10509_2	13	3	10
10634_2	13	3	10
11200_2	54	44	10
11200_4	54	44	10
1300切纸机_Part266	34	24	10
2250S-012BX4 SC	173	163	10
23-自动测试贴模机_Part1495	31	21	10
23-自动测试贴模机_Part1496	31	21	10
23-自动测试贴模机_Part554	241	231	10
23-自动测试贴模机_Part726	241	231	10
6749K684_PLASTIC_Part25	45	35	10
6749K684_PLASTIC_Part35	45	35	10
Base prise_Part10	33	23	10
Base prise_Part12	33	23	10
Base prise_Part14	33	23	10
Base prise_Part16	33	23	10
Base prise_Part18	33	23	10
Base prise_Part2	33	23	10
Base prise_Part20	33	23	10
Base prise_Part22	33	23	10
Base prise_Part24	33	23	10
Base prise_Part26	33	23	10
Base prise_Part4	33	23	10
Base prise_Part6	33	23	10
Base prise_Part8	33	23	10
CHBL6-10M_part2	115	105	10
E-EIC36-40_part1	190	180	10
FAZAC4-0.5-S	406	396	10
OT-EM1508D0922	32	22	10
SolarBoard_Part12	22	12	10
SolarBoard_Part13	22	12	10
SolarBoard_Part178	206	196	10
SolarBoard_Part247	22	12	10
SolarBoard_Part268	22	12	10
SolarBoard_Part305	22	12	10
SolarBoard_Part317	22	12	10
UNO-R4-MINIMA_Part2	111	101	10
XB5AS542C_Part11	61	51	10
XB5AS542C_Part13	61	51	10
ZB2BZ103C_Part29	146	136	10
g3512发动机_Part137	14	4	10
传感器机器人小车_Part138	30	20	10
传感器机器人小车_Part188	30	20	10
传感器机器人小车_Part38	30	20	10
传感器机器人小车_Part88	30	20	10
动力转向架_Part10	19	9	10
动力转向架_Part8	19	9	10
发动机后置客车后悬架模型_Part112	42	32	10
山地自行车3D_Part11348	43	33	10
市政下水道疏通机器人_Part10	46	36	10
市政下水道疏通机器人_Part27	46	36	10
市政下水道疏通机器人_Part28	46	36	10
市政下水道疏通机器人_Part29	140	130	10
座椅冲切设备_Part356	60	50	10
晶体机组装机构装配_Part283	80	70	10
晶体机组装机构装配_Part29	72	62	10
晶体机组装机构装配_Part415	33	23	10
晶体机组装机构装配_Part418	33	23	10
晶体机组装机构装配_Part514	80	70	10
晶体机组装机构装配_Part646	33	23	10
晶体机组装机构装配_Part649	33	23	10
机器人搬运自动检测包装机_Part214	30	20	10
比赛履带小车_Part1049	51	41	10
比赛履带小车_Part1055	51	41	10
比赛履带小车_Part1061	51	41	10
比赛履带小车_Part1067	51	41	10
比赛履带小车_Part49	12	2	10
混合机_Part1162	435	425	10
混合机_Part136	435	425	10
混合机_Part1369	435	425	10
混合机_Part797	435	425	10
玩具越野车拼装模型_Part126	28	18	10
玩具越野车拼装模型_Part32	28	18	10
玩具越野车拼装模型_Part33	28	18	10
玩具越野车拼装模型_Part58	28	18	10
玩具越野车拼装模型_Part61	55	45	10
玩具越野车拼装模型_Part65	55	45	10
电池包装机_Part215	45	35	10
电池包装机_Part217	45	35	10
电池包装机_Part219	45	35	10
电池包装机_Part221	45	35	10
电池包装机_Part23	45	35	10
电池包装机_Part275	45	35	10
电池包装机_Part359	45	35	10
电池包装机_Part361	45	35	10
电池包装机_Part39	45	35	10
电池包装机_Part579	28	18	10
电池包装机_Part659	37	27	10
电池包装机_Part674	37	27	10
电池包装机_Part688	28	18	10
花生包装机_Part245	55	45	10
转盘式铆接机_Part102	39	29	10
转盘式铆接机_Part172	33	23	10
转盘式铆接机_Part178	33	23	10
转盘式铆接机_Part23	39	29	10
转盘式铆接机_Part34	32	22	10
转盘式铆接机_Part65	39	29	10
转盘式铆接机_Part88	32	22	10
锻压成型机_Part69	32	22	10
锻压成型机_Part73	32	22	10
阿克曼汽车转向传动系统_Part23	14	4	10
阿克曼汽车转向传动系统_Part24	14	4	10
阿克曼汽车转向传动系统_Part25	14	4	10
阿克曼汽车转向传动系统_Part26	14	4	10
阿克曼汽车转向传动系统_Part27	14	4	10
阿克曼汽车转向传动系统_Part28	14	4	10
阿克曼汽车转向传动系统_Part29	14	4	10
阿克曼汽车转向传动系统_Part30	14	4	10
阿克曼汽车转向传动系统_Part31	14	4	10
阿克曼汽车转向传动系统_Part32	14	4	10
阿克曼汽车转向传动系统_Part33	14	4	10
阿克曼汽车转向传动系统_Part34	14	4	10
阿克曼汽车转向传动系统_Part35	14	4	10
阿克曼汽车转向传动系统_Part36	14	4	10
阿克曼汽车转向传动系统_Part37	14	4	10
阿克曼汽车转向传动系统_Part38	14	4	10
阿克曼汽车转向传动系统_Part39	14	4	10
阿克曼汽车转向传动系统_Part40	14	4	10
阿克曼汽车转向传动系统_Part41	14	4	10
阿克曼汽车转向传动系统_Part42	14	4	10
阿克曼汽车转向传动系统_Part43	14	4	10
阿克曼汽车转向传动系统_Part44	14	4	10
阿克曼汽车转向传动系统_Part45	14	4	10
阿克曼汽车转向传动系统_Part46	14	4	10
00012	28	17	11
00107_15	72	61	11
00228_15	72	61	11
01815_1	54	43	11
01815_8	54	43	11
02369_2	104	93	11
02936_1	194	183	11
04196_2	50	39	11
05425_2	58	47	11
07670_15	72	61	11
08514_1	194	183	11
08649_1	26	15	11
08772_15	72	61	11
09391_15	72	61	11
09518_2	54	43	11
09648	16	5	11
09716_1	67	56	11
09794_15	72	61	11
10126_1	194	183	11
10353_15	72	61	11
10447_15	72	61	11
10603_15	72	61	11
10米氢燃料车前围骨架_Part144	42	31	11
10米氢燃料车前围骨架_Part46	42	31	11
23-自动测试贴模机_Part1506	38	27	11
2W15015A_part1	67	56	11
6JD-971-845A_Part1	508	497	11
HKLSXB-48	59	48	11
PUGBP-80	37	26	11
Ricecooker_Part14	106	95	11
SolarBoard_Part303	23	12	11
SolarBoard_Part315	23	12	11
SolarBoard_Part358	23	12	11
SolarBoard_Part362	23	12	11
USB全自动装配机3D_Part59	26	15	11
无心磨龙门式送料机_Part148	28	17	11
无心磨龙门式送料机_Part157	27	16	11
晶体机组装机构装配_Part109	48	37	11
晶体机组装机构装配_Part112	48	37	11
晶体机组装机构装配_Part178	48	37	11
晶体机组装机构装配_Part181	48	37	11
汽车前悬挂和转向系统设计_Part219	18	7	11
汽车前悬挂和转向系统设计_Part220	18	7	11
汽车前悬挂和转向系统设计_Part345	18	7	11
汽车前悬挂和转向系统设计_Part346	18	7	11
汽车转向系统总成_Part43	33	22	11
注胶机_Part558	79	68	11
混合机_Part1153	143	132	11
混合机_Part1310	143	132	11
混合机_Part326	143	132	11
混合机_Part788	143	132	11
滚筒式搅拌机_Part2	25	14	11
玩具越野车拼装模型_Part122	41	30	11
玩具越野车拼装模型_Part41	31	20	11
玩具越野车拼装模型_Part42	31	20	11
玩具越野车拼装模型_Part53	41	30	11
玩具越野车拼装模型_Part57	49	38	11
电子编程小车_Part134	657	646	11
电池包装机_Part615	37	26	11
电池包装机_Part630	37	26	11
电池包装机_Part757	33	22	11
自动绕线机_Part403	52	41	11
自动绕线机_Part515	50	39	11
自动绕线机_Part613	50	39	11
自动绕线机_Part778	39	28	11
自动绕线机_Part780	39	28	11
转盘式铆接机_Part217	61	50	11
转盘式铆接机_Part29	72	61	11
转盘式铆接机_Part96	72	61	11
轿车底盘系统总成_Part451	121	110	11
00771	17	5	12
06484	17	5	12
07850	17	5	12
08140_5	31	19	12
08149_1	28	16	12
10-手机贴标设备_Part275	27	15	12
10-手机贴标设备_Part276	27	15	12
10-手机贴标设备_Part530	27	15	12
10-手机贴标设备_Part531	27	15	12
10201_5	31	19	12
10225_5	201	189	12
10317_5	201	189	12
10454_1	154	142	12
10866_2	73	61	12
10米氢燃料车动力转向泵_Part69	206	194	12
11329_1	154	142	12
23-自动测试贴模机_Part2	152	140	12
AVENTADOR_Part26	25	13	12
B09-搅碎机_Part12	66	54	12
B13-双肘颚式破碎机_Part462	308	296	12
B13-双肘颚式破碎机_Part539	308	296	12
Deutz-BF6M1013FC柴油发动机_Part15	15	3	12
M-32-spk_box1-边圆角_Part16	17	5	12
M-32-spk_box1-边圆角_Part39	17	5	12
khelifaoui-V6-Turbo发动机_Part3	65	53	12
khelifaoui-V6-Turbo发动机_Part5	65	53	12
sheng kong_Part20	27	15	12
М-11L五缸星型发动机_Part6	29	17	12
传感器机器人小车_Part707	27	15	12
传感器机器人小车_Part936	27	15	12
发动机后置客车后悬架模型_Part312	36	24	12
山地自行车3D_Part100	26	14	12
山地自行车3D_Part241	26	14	12
挤压颗粒粉碎机_Part494	37	25	12
无心磨龙门式送料机_Part242	28	16	12
无心磨龙门式送料机_Part81	108	96	12
晶体机组装机构装配_Part248	30	18	12
晶体机组装机构装配_Part479	30	18	12
机器人搬运自动检测包装机_Part290	40	28	12
桁架式搬运机_Part156	172	160	12
桁架式搬运机_Part164	172	160	12
桁架式搬运机_Part182	218	206	12
桁架式搬运机_Part184	218	206	12
桁架式搬运机_Part187	218	206	12
桁架式搬运机_Part189	218	206	12
桁架式搬运机_Part21	218	206	12
桁架式搬运机_Part22	218	206	12
桁架式搬运机_Part24	218	206	12
桁架式搬运机_Part25	218	206	12
水陆麦克纳姆轮四轮小车_Part1372	93	81	12
水陆麦克纳姆轮四轮小车_Part1384	121	109	12
汽车电动助力转向系统_Part43	72	60	12
油浸式变压器_Part607	57	45	12
玩具越野车拼装模型_Part104	19	7	12
玩具越野车拼装模型_Part144	19	7	12
玩具越野车拼装模型_Part43	108	96	12
玩具越野车拼装模型_Part44	108	96	12
玩具越野车拼装模型_Part54	32	20	12
玩具越野车拼装模型_Part55	32	20	12
玩具越野车拼装模型_Part73	44	32	12
电池包装机_Part343	23	11	12
电池包装机_Part441	22	10	12
经典大众发动机_Part11	17	5	12
经典大众发动机_Part83	17	5	12
自动绕线机_Part651	122	110	12
车辆动力转向架_Part1	26	14	12
车辆动力转向架_Part2	26	14	12
转盘式铆接机_Part17	30	18	12
转盘式铆接机_Part38	42	30	12
转盘式铆接机_Part74	42	30	12
转盘式铆接机_Part83	42	30	12
锻压成型机_Part68	21	9	12
锻压成型机_Part72	21	9	12
阿克曼汽车转向传动系统_Part5	117	105	12
阿克曼汽车转向传动系统_Part8	117	105	12
00091_2	51	38	13
00306_1	373	360	13
00807_16	27	14	13
00807_9	27	14	13
00927_1	42	29	13
01437_22	27	14	13
01437_46	27	14	13
02161_2	42	29	13
03754_1	145	132	13
04100_2	42	29	13
04330_16	27	14	13
04330_9	27	14	13
05366_1	171	158	13
06188_22	27	14	13
06541	21	8	13
06670_22	27	14	13
06812	20	7	13
07011	20	7	13
07013	168	155	13
07148	187	174	13
07388	166	153	13
07615	175	162	13
07966	176	163	13
08452	52	39	13
08502_2	37	24	13
08573	20	7	13
08615_1	133	120	13
09277	166	153	13
09370	188	175	13
09411	169	156	13
09615	153	140	13
09669	52	39	13
10215	163	150	13
10703	52	39	13
11499_1	42	29	13
23-自动测试贴模机_Part1525	142	129	13
B03-哈模框架机械手_Part267	143	130	13
CZ-55_80_part6	41	28	13
Deutz-BF6M1013FC柴油发动机_Part6	16	3	13
HFM06-40_part1	61	48	13
HFS26-75_part1	123	110	13
sheng kong_Part179	34	21	13
传感器机器人小车_Part226	16	3	13
座椅冲切设备_Part472	116	103	13
晶体机组装机构装配_Part427	90	77	13
晶体机组装机构装配_Part658	90	77	13
智能扫地机器人_Part26	63	50	13
氢燃料车后悬架_Part11	34	21	13
氢燃料车后悬架_Part15	34	21	13
氢燃料车后悬架_Part19	34	21	13
氢燃料车后悬架_Part23	34	21	13
油浸式变压器_Part1138	118	105	13
洗衣机_Part22	25	12	13
洗衣机_Part23	25	12	13
洗衣机_Part51	25	12	13
洗衣机_Part55	25	12	13
洗衣机_Part84	25	12	13
洗衣机_Part85	25	12	13
洗衣机_Part87	25	12	13
洗衣机_Part88	25	12	13
混合机_Part1154	722	709	13
混合机_Part1311	722	709	13
混合机_Part327	722	709	13
混合机_Part789	722	709	13
玩具越野车拼装模型_Part6	114	101	13
玩具越野车拼装模型_Part9	114	101	13
电子元器件_Part48	106	93	13
电池包装机_Part529	21	8	13
电池包装机_Part607	144	131	13
电池包装机_Part610	144	131	13
电池包装机_Part618	144	131	13
电池包装机_Part623	144	131	13
电池包装机_Part631	144	131	13
电池包装机_Part651	144	131	13
电池包装机_Part654	144	131	13
电池包装机_Part662	144	131	13
电池包装机_Part667	144	131	13
电池包装机_Part675	144	131	13
电池包装机_Part686	28	15	13
雅马哈摩托车拼装_Part1192	131	118	13
雅马哈摩托车拼装_Part1196	131	118	13
00707_2	78	64	14
01797	25	11	14
03800_2	144	130	14
06470_2	19	5	14
07004	31	17	14
07369_1	33	19	14
08119_2	19	5	14
08153_1	117	103	14
08153_8	117	103	14
08346_3	66	52	14
08441_2	78	64	14
08647_2	135	121	14
09427_2	135	121	14
09454_2	78	64	14
09650_14	205	191	14
1300切纸机_Part58	30	16	14
23-自动测试贴模机_Part1020	48	34	14
23-自动测试贴模机_Part1388	21	7	14
23-自动测试贴模机_Part566	48	34	14
28R-BOXL(43W115)-AS	34	20	14
AM-PI2273AE-2412	93	79	14
B13-双肘颚式破碎机_Part322	1135	1121	14
Deutz-BF6M1013FC柴油发动机_Part224	715	701	14
G007L90	575	561	14
HFS23-50_part2	91	77	14
NSU-D15-S50-N49_part1	30	16	14
SK3-043G	119	105	14
g3512发动机_Part480	79	65	14
g3512发动机_Part83	57	43	14
g3512发动机_Part84	57	43	14
四冲程发动机_Part49	30	16	14
工装装配_Part519	46	32	14
工装装配_Part595	46	32	14
座椅冲切设备_Part512	60	46	14
挤压颗粒粉碎机_Part19	261	247	14
无心磨龙门式送料机_Part262	30	16	14
无心磨龙门式送料机_Part57	199	185	14
晶体机组装机构装配_Part121	47	33	14
晶体机组装机构装配_Part157	47	33	14
智能扫地机器人_Part49	33	19	14
智能扫地机器人_Part85	33	19	14
水陆麦克纳姆轮四轮小车_Part1274	541	527	14
汽车空调-02_Part9	67	53	14
注胶机_Part508	37	23	14
洗衣机_Part105	27	13	14
洗衣机_Part106	27	13	14
洗衣机_Part107	27	13	14
洗衣机_Part122	27	13	14
洗衣机_Part123	27	13	14
洗衣机_Part133	27	13	14
洗衣机_Part136	27	13	14
洗衣机_Part137	27	13	14
洗衣机_Part149	27	13	14
洗衣机_Part150	27	13	14
洗衣机_Part151	27	13	14
洗衣机_Part236	27	13	14
洗衣机_Part28	27	13	14
洗衣机_Part376	27	13	14
洗衣机_Part377	27	13	14
洗衣机_Part511	43	29	14
洗衣机_Part52	27	13	14
洗衣机_Part86	27	13	14
洗衣机_Part89	27	13	14
电池包装机_Part32	37	23	14
电池包装机_Part642	28	14	14
简易汽车转向系统_Part180	30	16	14
简易汽车转向系统_Part199	30	16	14
01853_2	49	34	15
06834_7	23	8	15
08353_2	49	34	15
08670_1	34	19	15
08897	38	23	15
09596_2	49	34	15
10-手机贴标设备_Part814	70	55	15
10-手机贴标设备_Part815	70	55	15
10140	37	22	15
23-自动测试贴模机_Part1502	40	25	15
AVENTADOR_Part62	17	2	15
B09-搅碎机_Part200	725	710	15
DC-max16S-6V	43	28	15
GTC600C20S_part3	119	104	15
HPMBTG-S5-L8-F5-M2-N2	27	12	15
M-18_Part184	204	189	15
Pirate-Audio-Speaker-for-Raspberry-Pi_part1	134	119	15
Ricecooker_Part20	69	54	15
SI5T_K	26	11	15
SolarBoard_Part292	55	40	15
SolarBoard_Part85	55	40	15
g3512发动机_Part168	445	430	15
g3512发动机_Part400	655	640	15
卧式冰箱内胆绕管机_Part251	306	291	15
外骨骼装备_Part39	17	2	15
外骨骼装备_Part44	17	2	15
山地自行车3D_Part11375	44	29	15
无心磨龙门式送料机_Part177	34	19	15
电池包装机_Part130	38	23	15
电池包装机_Part191	38	23	15
电池包装机_Part379	46	31	15
电池包装机_Part381	46	31	15
电池包装机_Part383	46	31	15
电池包装机_Part385	46	31	15
电池包装机_Part387	46	31	15
电池包装机_Part389	46	31	15
电池包装机_Part391	46	31	15
电池包装机_Part393	46	31	15
电池包装机_Part426	46	31	15
转盘式铆接机_Part107	46	31	15
转盘式铆接机_Part56	95	80	15
00946_4	53	37	16
01421_4	59	43	16
01527_4	47	31	16
03020_9	51	35	16
04016_4	53	37	16
05088_2	75	59	16
05607_2	75	59	16
06236_1	20	4	16
06544_1	20	4	16
07040	21	5	16
07868_4	59	43	16
07868_7	59	43	16
08513_9	49	33	16
09677_2	75	59	16
10-手机贴标设备_Part725	37	21	16
10-手机贴标设备_Part726	37	21	16
10-手机贴标设备_Part747	37	21	16
10-手机贴标设备_Part748	37	21	16
10322_5	299	283	16
10474_1	20	4	16
10577_1	146	130	16
10676_1	20	4	16
10845_1	23	7	16
23-自动测试贴模机_Part43	326	310	16
3V110M5NCA	102	86	16
AGV移动运输小车_Part109	84	68	16
AGV移动运输小车_Part120	84	68	16
AGV移动运输小车_Part1270	154	138	16
B09-搅碎机_Part11	66	50	16
B09-搅碎机_Part87	32	16	16
B09-搅碎机_Part88	32	16	16
Carburator-V8发动机_Part228	77	61	16
LJ-BLYD03双屏(700立杆450托盘)_part1	47	31	16
ZHD16-3-A-02-B-RYG_Part2	124	108	16
ZHD16-3-A-02-B-RYG_Part3	124	108	16
ZHD16-3-A-02-B-RYG_Part4	124	108	16
ZHD16-3-A-02-B-RYG_Part5	124	108	16
g3512发动机_Part416	152	136	16
g3512发动机_Part568	168	152	16
g3512发动机_Part569	168	152	16
transmission__Part3688	34	18	16
transmission__Part3689	34	18	16
全自动攻牙机双向多头_Part210	58	42	16
全自动攻牙机双向多头_Part222	57	41	16
全自动攻牙机双向多头_Part227	57	41	16
全自动攻牙机双向多头_Part228	58	42	16
发动机部件加工机_Part117	29	13	16
发动机部件加工机_Part124	29	13	16
晶体机组装机构装配_Part461	29	13	16
晶体机组装机构装配_Part463	29	13	16
晶体机组装机构装配_Part465	29	13	16
晶体机组装机构装配_Part467	29	13	16
混合机_Part1060	25	9	16
混合机_Part1061	25	9	16
混合机_Part1062	25	9	16
混合机_Part1063	25	9	16
混合机_Part1243	25	9	16
混合机_Part1244	25	9	16
混合机_Part1245	25	9	16
混合机_Part1246	25	9	16
混合机_Part197	25	9	16
混合机_Part198	25	9	16
混合机_Part199	25	9	16
混合机_Part200	25	9	16
混合机_Part529	25	9	16
混合机_Part530	25	9	16
混合机_Part531	25	9	16
混合机_Part532	25	9	16
混合机_Part91	25	9	16
混合机_Part92	25	9	16
混合机_Part93	25	9	16
混合机_Part94	25	9	16
玩具越野车拼装模型_Part29	27	11	16
玩具越野车拼装模型_Part30	27	11	16
电池包装机_Part398	58	42	16
电池包装机_Part68	58	42	16
转盘式铆接机_Part25	78	62	16
转盘式铆接机_Part58	78	62	16
转盘式铆接机_Part97	78	62	16
锻压成型机_Part118	306	290	16
锻压成型机_Part30	105	89	16
锻压成型机_Part98	85	69	16
雅马哈摩托车拼装_Part991	141	125	16
雅马哈摩托车拼装_Part993	141	125	16
齿轮齿条式转向系统_Part81	128	112	16
齿轮齿条式转向系统_Part91	128	112	16
00320_1	25	8	17
00469_1	180	163	17
00516_1	180	163	17
01815_4	60	43	17
03020_2	48	31	17
03473_2	48	31	17
03473_4	48	31	17
03473_7	48	31	17
05863_1	40	23	17
06430_2	53	36	17
06470_5	181	164	17
07212	22	5	17
08042_2	59	42	17
08119_5	181	164	17
08402_5	181	164	17
08537	22	5	17
08609_2	48	31	17
09459_1	180	163	17
10-手机贴标设备_Part238	162	145	17
10-手机贴标设备_Part297	53	36	17
10-手机贴标设备_Part298	53	36	17
10-手机贴标设备_Part305	53	36	17
10-手机贴标设备_Part306	53	36	17
10-手机贴标设备_Part351	53	36	17
10-手机贴标设备_Part352	53	36	17
10-手机贴标设备_Part359	53	36	17
10-手机贴标设备_Part360	53	36	17
10-手机贴标设备_Part493	162	145	17
10154_2	48	31	17
10154_4	48	31	17
10365_14	222	205	17
10710_2	107	90	17
10710_4	107	90	17
12014_2	48	31	17
12014_4	48	31	17
BLA72-25	91	74	17
Carburator-V8发动机_Part543	924	907	17
Carburator-V8发动机_Part8	924	907	17
FBVPSE2-2	56	39	17
HAQ55-M6-D46	30	13	17
MHJ110_part3	57	40	17
PSF002A001_Part288	50	33	17
TORNO_Part7	33	16	17
V8-Engine-8缸发动机模型_Part160	20	3	17
V8-Engine-8缸发动机模型_Part161	20	3	17
V8-Engine-8缸发动机模型_Part162	20	3	17
V8-Engine-8缸发动机模型_Part163	20	3	17
WCDAT12x5x5_part1	26	9	17
ZHD73-1-A-B-RYG_Part4	26	9	17
ZM108-M5-03	37	20	17
发动机后置客车后悬架模型_Part45	20	3	17
发动机后置客车后悬架模型_Part78	20	3	17
奔驰4x4越野卡车_Part1434	31	14	17
奔驰4x4越野卡车_Part1566	31	14	17
奔驰4x4越野卡车_Part1597	31	14	17
宝马汽车发动机模型_Part153	60	43	17
座椅冲切设备_Part114	116	99	17
座椅冲切设备_Part117	116	99	17
座椅冲切设备_Part26	116	99	17
座椅冲切设备_Part29	116	99	17
座椅冲切设备_Part312	116	99	17
座椅冲切设备_Part314	116	99	17
座椅冲切设备_Part318	116	99	17
座椅冲切设备_Part320	116	99	17
座椅冲切设备_Part343	116	99	17
座椅冲切设备_Part345	116	99	17
座椅冲切设备_Part518	116	99	17
座椅冲切设备_Part520	116	99	17
座椅冲切设备_Part547	116	99	17
座椅冲切设备_Part549	116	99	17
座椅冲切设备_Part64	116	99	17
座椅冲切设备_Part65	116	99	17
无心磨龙门式送料机_Part52	33	16	17
机器人搬运自动检测包装机_Part293	55	38	17
消防车_Part38	34	17	17
消防车_Part43	34	17	17
混合机_Part1057	59	42	17
混合机_Part1240	59	42	17
混合机_Part194	59	42	17
混合机_Part526	59	42	17
混合机_Part88	59	42	17
电子编程小车_Part13	35	18	17
电工电子器件模型_Part25	112	95	17
电池包装机_Part253	24	7	17
电池包装机_Part362	24	7	17
电池包装机_Part65	50	33	17
电池包装机_Part66	50	33	17
电池包装机_Part678	38	21	17
自动绕线机_Part737	29	12	17
自动绕线机_Part746	29	12	17
雅马哈摩托车拼装_Part796	215	198	17
雅马哈摩托车拼装_Part797	215	198	17
雅马哈摩托车拼装_Part798	215	198	17
雅马哈摩托车拼装_Part799	215	198	17
00179_1	337	319	18
00298_1	26	8	18
00347_1	26	8	18
00931_1	337	319	18
01895_3	60	42	18
01920_1	337	319	18
02430_1	337	319	18
03512_3	48	30	18
04158_3	60	42	18
05347_1	228	210	18
05463_2	48	30	18
05463_4	48	30	18
06213_3	69	51	18
07107_5	126	108	18
07107_6	126	108	18
07107_7	126	108	18
07107_8	126	108	18
07112_7	135	117	18
07645_2	105	87	18
07665_1	337	319	18
08647_11	135	117	18
08647_4	135	117	18
08827_5	126	108	18
08827_6	126	108	18
08827_7	126	108	18
08827_8	126	108	18
09723_3	48	30	18
09750_1	26	8	18
10-手机贴标设备_Part596	50	32	18
10-手机贴标设备_Part603	209	191	18
10-手机贴标设备_Part666	50	32	18
10-手机贴标设备_Part693	42	24	18
10-手机贴标设备_Part694	42	24	18
10158_1	26	8	18
10254_1	26	8	18
10292_1	26	8	18
10506_1	26	8	18
11222_2	135	117	18
11222_4	135	117	18
23-自动测试贴模机_Part1522	31	13	18
60DS	780	762	18
DOHC-12V发动机模型_Part171	227	209	18
GAABDJ110	67	49	18
Hermit-Crab-V2-assy_part7	497	479	18
LABAR-D6-P4-L6-H2	20	2	18
M-17-0_43g3e(130mb)_Part107	22	4	18
M-17-0_43g3e(130mb)_Part23	22	4	18
M-17-0_43g3e(130mb)_Part269	22	4	18
M-17-0_43g3e(130mb)_Part270	22	4	18
M-17-0_43g3e(130mb)_Part271	22	4	18
M-17-0_43g3e(130mb)_Part272	22	4	18
M-17-0_43g3e(130mb)_Part65	22	4	18
M-17-0_43g3e(130mb)_Part67	22	4	18
M-20_Part147	22	4	18
M-20_Part185	22	4	18
M-20_Part187	22	4	18
M-20_Part20	22	4	18
M-20_Part221	22	4	18
M-20_Part58	22	4	18
M-20_Part60	22	4	18
M-20_Part94	22	4	18
M-46-000_55G3E_Part161	22	4	18
M-46-000_55G3E_Part162	22	4	18
V8-Engine-8缸发动机模型_Part156	118	100	18
V8-Engine-8缸发动机模型_Part157	118	100	18
g3512发动机_Part106	63	45	18
全自动攻牙机双向多头_Part245	212	194	18
外骨骼装备_Part126	143	125	18
外骨骼装备_Part158	143	125	18
工装装配_Part412	210	192	18
工装装配_Part676	210	192	18
挤压颗粒粉碎机_Part14	36	18	18
挤压颗粒粉碎机_Part470	38	20	18
晶体机组装机构装配_Part122	65	47	18
晶体机组装机构装配_Part158	65	47	18
机器人搬运自动检测包装机_Part211	46	28	18
桁架式搬运机_Part16	48	30	18
桁架式搬运机_Part208	48	30	18
水陆麦克纳姆轮四轮小车_Part1422	144	126	18
汽车转向系统总成_Part25	73	55	18
油浸式变压器_Part721	546	528	18
洗衣机_Part312	315	297	18
混合机_Part1147	911	893	18
混合机_Part1304	911	893	18
混合机_Part782	911	893	18
滚筒式搅拌机_Part312	73	55	18
滚筒式搅拌机_Part314	73	55	18
电池包装机_Part425	111	93	18
电池包装机_Part605	124	106	18
经典大众发动机_Part175	77	59	18
轿车底盘系统总成_Part279	121	103	18
轿车底盘系统总成_Part296	121	103	18
00219	28	9	19
00618_2	79	60	19
00823_2	113	94	19
00823_4	113	94	19
01094_2	113	94	19
02890_2	80	61	19
02962_2	67	48	19
02962_5	67	48	19
04274_2	67	48	19
04476_3	67	48	19
05366_2	125	106	19
05414_2	73	54	19
05767_2	67	48	19
05969_3	113	94	19
06624_2	73	54	19
06624_5	73	54	19
07219	26	7	19
10-手机贴标设备_Part639	107	88	19
10365_15	169	150	19
10838_1	126	107	19
2214S-006-BXT-R	49	30	19
23-自动测试贴模机_Part1514	97	78	19
6JD-971-845A_Part13	105	86	19
ACM1M-1309_part3	266	247	19
AVENTADOR_Part29	58	39	19
AVENTADOR_Part469	154	135	19
CCV10-021	25	6	19
Deutz-BF6M1013FC柴油发动机_Part209	75	56	19
Garrett-GTCP85-98D燃气涡轮发动机_Part291	126	107	19
KM-1218FN30-36	40	21	19
PHTPCA-L90	34	15	19
Q57A0-B303	50	31	19
REBB-5	27	8	19
TORNO_Part12	40	21	19
V8-Engine-8缸发动机模型_Part260	92	73	19
XB5AS542C_Part30	30	11	19
g3512发动机_Part439	29	10	19
宝马汽车发动机模型_Part9	27	8	19
工装装配_Part685	33	14	19
工装装配_Part99	33	14	19
座椅冲切设备_Part475	123	104	19
无心磨龙门式送料机_Part418	55	36	19
无心磨龙门式送料机_Part449	55	36	19
晶体机组装机构装配_Part113	50	31	19
晶体机组装机构装配_Part114	50	31	19
晶体机组装机构装配_Part182	50	31	19
晶体机组装机构装配_Part183	50	31	19
混合机_Part1150	51	32	19
混合机_Part1307	51	32	19
混合机_Part323	51	32	19
混合机_Part785	51	32	19
玩具越野车拼装模型_Part10	124	105	19
玩具越野车拼装模型_Part121	39	20	19
玩具越野车拼装模型_Part49	39	20	19
自动锁螺丝机_Part568	25	6	19
自动锁螺丝机_Part604	25	6	19
自动锁螺丝机_Part691	25	6	19
花生包装机_Part175	262	243	19
花生包装机_Part193	262	243	19
花生包装机_Part194	262	243	19
00068	156	136	20
00147	29	9	20
01679	29	9	20
01975	26	6	20
02775_4	69	49	20
03461_2	45	25	20
05463_5	26	6	20
05463_6	26	6	20
07242_4	26	6	20
07681	26	6	20
08811_6	117	97	20
09580_4	26	6	20
09704	26	6	20
10-手机贴标设备_Part2	74	54	20
10864_5	26	6	20
10864_6	26	6	20
10米氢燃料车前桥_Part242	25	5	20
10米氢燃料车前桥_Part243	25	5	20
10米氢燃料车前桥_Part244	25	5	20
10米氢燃料车前桥_Part245	25	5	20
10米氢燃料车前桥_Part312	25	5	20
10米氢燃料车前桥_Part313	25	5	20
10米氢燃料车前桥_Part314	25	5	20
10米氢燃料车前桥_Part315	25	5	20
10米氢燃料车后桥_Part177	25	5	20
10米氢燃料车后桥_Part178	25	5	20
10米氢燃料车后桥_Part179	25	5	20
10米氢燃料车后桥_Part180	25	5	20
10米氢燃料车后桥_Part247	25	5	20
10米氢燃料车后桥_Part248	25	5	20
10米氢燃料车后桥_Part249	25	5	20
10米氢燃料车后桥_Part250	25	5	20
11499_2	51	31	20
12029_4	86	66	20
23-自动测试贴模机_Part1235	244	224	20
23-自动测试贴模机_Part1297	149	129	20
23-自动测试贴模机_Part628	244	224	20
23-自动测试贴模机_Part690	149	129	20
23-自动测试贴模机_Part779	244	224	20
A16-框架式单斜臂机械手_Part12	121	101	20
Airtank35_Part342	30	10	20
B13-双肘颚式破碎机_Part1	520	500	20
M-38-tv1_Part6	32	12	20
PM27-01N	34	14	20
PULD-30	25	5	20
ZGA12FTT-ZYTD-N20(6V-17500R)-1_5	112	92	20
g3512发动机_Part251	62	42	20
khelifaoui-V6-Turbo发动机_Part173	292	272	20
医疗瓶灌装线_Part72	157	137	20
卧式冰箱内胆绕管机_Part379	161	141	20
发动机后置客车后悬架模型_Part175	75	55	20
发动机后置客车后悬架模型_Part177	75	55	20
发动机部件加工机_Part33	40	20	20
发动机部件加工机_Part63	40	20	20
奔驰4x4越野卡车_Part144	249	229	20
对开门冰箱_Part31	29	9	20
对开门冰箱_Part34	25	5	20
座椅冲切设备_Part118	116	96	20
座椅冲切设备_Part561	116	96	20
机器人搬运自动检测包装机_Part213	167	147	20
桁架式搬运机_Part100	112	92	20
桁架式搬运机_Part128	112	92	20
桁架式搬运机_Part44	112	92	20
桁架式搬运机_Part444	50	30	20
桁架式搬运机_Part72	112	92	20
注胶机_Part500	186	166	20
注胶机_Part574	104	84	20
混合机_Part1341	23	3	20
混合机_Part157	23	3	20
混合机_Part740	23	3	20
混合机_Part902	23	3	20
电池包装机_Part634	38	18	20
电池开关6_Part281	45	25	20
电饭锅_Part4	28	8	20
自动绕线机_Part718	39	19	20
车辆动力转向架_Part29	84	64	20
转盘式铆接机_Part119	30	10	20
转盘式铆接机_Part134	29	9	20
锻压成型机_Part3	157	137	20
01710_2	96	75	21
04919_1	236	215	21
10-手机贴标设备_Part262	114	93	21
10-手机贴标设备_Part266	114	93	21
10-手机贴标设备_Part517	114	93	21
10-手机贴标设备_Part521	114	93	21
10-手机贴标设备_Part570	64	43	21
10-手机贴标设备_Part571	64	43	21
10-手机贴标设备_Part572	64	43	21
10-手机贴标设备_Part573	49	28	21
10-手机贴标设备_Part660	64	43	21
10-手机贴标设备_Part661	64	43	21
10-手机贴标设备_Part715	102	81	21
10-手机贴标设备_Part738	102	81	21
10742_6	76	55	21
BO1815N2B-01-199-6.0	76	55	21
BTT-SKR-Pico-V1.0_part1	91	70	21
Deutz-BF6M1013FC柴油发动机_Part291	29	8	21
GabElec_basico_Part164	101	80	21
REBN-5	26	5	21
arduino电子元件_Part63	31	10	21
全自动攻牙机双向多头_Part190	118	97	21
动力转向架_Part31	131	110	21
动力转向架_Part32	131	110	21
动力转向架_Part33	131	110	21
动力转向架_Part34	131	110	21
无心磨龙门式送料机_Part207	57	36	21
油浸式变压器_Part105	176	155	21
注胶机_Part548	220	199	21
滚筒式搅拌机_Part249	453	432	21
电气导轨_Part10	97	76	21
电池包装机_Part284	60	39	21
电池包装机_Part286	60	39	21
电池包装机_Part324	50	29	21
锻压成型机_Part74	170	149	21
齿轮齿条式转向系统_Part26	37	16	21
02208_2	80	58	22
03174_2	120	98	22
03174_3	120	98	22
04154_2	120	98	22
04349_1	48	26	22
05222_2	52	30	22
05222_4	52	30	22
05931_2	80	58	22
05931_5	80	58	22
09348_7	790	768	22
23-自动测试贴模机_Part1119	46	24	22
23-自动测试贴模机_Part158	46	24	22
23-自动测试贴模机_Part176	46	24	22
23-自动测试贴模机_Part194	46	24	22
23-自动测试贴模机_Part212	46	24	22
23-自动测试贴模机_Part230	46	24	22
23-自动测试贴模机_Part248	46	24	22
23-自动测试贴模机_Part25	46	24	22
23-自动测试贴模机_Part266	46	24	22
23-自动测试贴模机_Part284	46	24	22
23-自动测试贴模机_Part302	46	24	22
23-自动测试贴模机_Part320	46	24	22
23-自动测试贴模机_Part338	46	24	22
23-自动测试贴模机_Part356	46	24	22
23-自动测试贴模机_Part374	46	24	22
23-自动测试贴模机_Part392	46	24	22
23-自动测试贴模机_Part410	46	24	22
23-自动测试贴模机_Part428	46	24	22
23-自动测试贴模机_Part446	46	24	22
23-自动测试贴模机_Part464	46	24	22
23-自动测试贴模机_Part482	46	24	22
23-自动测试贴模机_Part50	46	24	22
23-自动测试贴模机_Part500	46	24	22
23-自动测试贴模机_Part518	46	24	22
23-自动测试贴模机_Part536	46	24	22
23-自动测试贴模机_Part556	58	36	22
23-自动测试贴模机_Part557	58	36	22
23-自动测试贴模机_Part69	46	24	22
23-自动测试贴模机_Part728	58	36	22
23-自动测试贴模机_Part729	58	36	22
23-自动测试贴模机_Part804	46	24	22
23-自动测试贴模机_Part918	46	24	22
Airtank35_Part425	190	168	22
F-GU4004M	63	41	22
SK2-723L_part1	163	141	22
TST-04J0330A-48	165	143	22
arduino电子元件_Part227	28	6	22
g3512发动机_Part463	266	244	22
四冲程发动机_Part10	478	456	22
智能扫地机器人_Part179	38	16	22
机器人搬运自动检测包装机_Part270	62	40	22
汽车转向系统总成_Part48	57	35	22
自动绕线机_Part455	86	64	22
自动绕线机_Part553	86	64	22
转盘式铆接机_Part111	65	43	22
转盘式铆接机_Part207	65	43	22
转盘式铆接机_Part213	65	43	22
转盘式铆接机_Part215	65	43	22
转盘式铆接机_Part216	65	43	22
02336_2	76	53	23
10-手机贴标设备_Part558	49	26	23
10838_3	128	105	23
Arduino主板_Part27	147	124	23
Deutz-BF6M1013FC柴油发动机_Part338	230	207	23
Knee Paddle Switch_Part3	156	133	23
Knee Paddle Switch_Part33	156	133	23
PHV6A	52	29	23
SK2-063-1SX_part1	105	82	23
UCD05SD	63	40	23
XB5AS542C_Part3	450	427	23
ZB2BZ103C_Part21	324	301	23
ZB2BZ103C_Part7	324	301	23
g3512发动机_Part391	672	649	23
rice-cooker-7_Part10	36	13	23
sheng kong_Part197	88	65	23
传感器机器人小车_Part5	196	173	23
传感器机器人小车_Part6	196	173	23
四轴飞行器_Part669	182	159	23
四轴飞行器_Part671	182	159	23
四轴飞行器_Part676	182	159	23
机器人搬运自动检测包装机_Part207	102	79	23
滚筒式搅拌机_Part291	59	36	23
滚筒式搅拌机_Part292	59	36	23
转盘式铆接机_Part11	60	37	23
00891_20	29	5	24
00891_21	29	5	24
00891_28	29	5	24
00891_29	29	5	24
00891_33	29	5	24
00891_35	29	5	24
00891_38	29	5	24
00891_40	29	5	24
01264_1	102	78	24
01681	35	11	24
08046	502	478	24
08544_2	85	61	24
09462_2	239	215	24
B03-哈模框架机械手_Part186	96	72	24
B03-哈模框架机械手_Part188	96	72	24
B03-哈模框架机械手_Part190	96	72	24
B03-哈模框架机械手_Part192	96	72	24
B03-哈模框架机械手_Part247	96	72	24
B03-哈模框架机械手_Part248	96	72	24
B03-哈模框架机械手_Part250	96	72	24
B03-哈模框架机械手_Part251	96	72	24
B13-双肘颚式破碎机_Part256	785	761	24
T1N160-TMD32_500-FFC-4P+RC221_part1	768	744	24
UFC100-04	80	56	24
g3512发动机_Part479	89	65	24
外骨骼装备_Part109	30	6	24
外骨骼装备_Part118	30	6	24
外骨骼装备_Part260	30	6	24
外骨骼装备_Part262	30	6	24
外骨骼装备_Part268	30	6	24
外骨骼装备_Part270	30	6	24
外骨骼装备_Part276	30	6	24
外骨骼装备_Part278	30	6	24
外骨骼装备_Part284	30	6	24
外骨骼装备_Part286	30	6	24
外骨骼装备_Part292	30	6	24
外骨骼装备_Part294	30	6	24
外骨骼装备_Part300	30	6	24
外骨骼装备_Part302	30	6	24
外骨骼装备_Part308	30	6	24
外骨骼装备_Part310	30	6	24
外骨骼装备_Part316	30	6	24
外骨骼装备_Part318	30	6	24
外骨骼装备_Part324	30	6	24
外骨骼装备_Part326	30	6	24
外骨骼装备_Part332	30	6	24
外骨骼装备_Part334	30	6	24
外骨骼装备_Part340	30	6	24
外骨骼装备_Part342	30	6	24
外骨骼装备_Part348	30	6	24
外骨骼装备_Part350	30	6	24
外骨骼装备_Part356	30	6	24
外骨骼装备_Part358	30	6	24
外骨骼装备_Part364	30	6	24
外骨骼装备_Part366	30	6	24
外骨骼装备_Part372	30	6	24
外骨骼装备_Part374	30	6	24
外骨骼装备_Part380	30	6	24
外骨骼装备_Part382	30	6	24
外骨骼装备_Part388	30	6	24
外骨骼装备_Part390	30	6	24
外骨骼装备_Part396	30	6	24
外骨骼装备_Part398	30	6	24
外骨骼装备_Part404	30	6	24
外骨骼装备_Part406	30	6	24
外骨骼装备_Part412	30	6	24
外骨骼装备_Part414	30	6	24
外骨骼装备_Part420	30	6	24
外骨骼装备_Part422	30	6	24
外骨骼装备_Part428	30	6	24
外骨骼装备_Part430	30	6	24
定制摩托车_Part45	57	33	24
座椅冲切设备_Part490	116	92	24
座椅冲切设备_Part491	116	92	24
晶体机组装机构装配_Part291	61	37	24
晶体机组装机构装配_Part374	61	37	24
晶体机组装机构装配_Part522	61	37	24
晶体机组装机构装配_Part605	61	37	24
比赛履带小车_Part1019	79	55	24
比赛履带小车_Part1026	79	55	24
注胶机_Part559	83	59	24
注胶机_Part577	132	108	24
玩具越野车拼装模型_Part100	79	55	24
03877	34	9	25
06362	39	14	25
06825_2	64	39	25
09278_1	83	58	25
09348_1	164	139	25
09348_8	164	139	25
09646	39	14	25
12086_2	62	37	25
BTT-SKR-Pico_Part7	128	103	25
USB全自动装配机3D_Part372	37	12	25
g3512发动机_Part412	406	381	25
khelifaoui-V6-Turbo发动机_Part70	150	125	25
khelifaoui-V6-Turbo发动机_Part71	150	125	25
传感器机器人小车_Part1134	28	3	25
传感器机器人小车_Part905	28	3	25
工装装配_Part483	62	37	25
工装装配_Part527	62	37	25
工装装配_Part544	62	37	25
工装装配_Part551	62	37	25
工装装配_Part613	62	37	25
工装装配_Part629	62	37	25
工装装配_Part743	62	37	25
座椅冲切设备_Part32	56	31	25
座椅冲切设备_Part420	116	91	25
转盘式铆接机_Part103	178	153	25
转盘式铆接机_Part20	178	153	25
转盘式铆接机_Part46	178	153	25
轿车底盘系统总成_Part423	135	110	25
00891_100	31	5	26
00891_102	31	5	26
00891_105	31	5	26
00891_107	31	5	26
00891_109	31	5	26
00891_111	31	5	26
00891_114	31	5	26
00891_116	31	5	26
00891_118	31	5	26
00891_120	31	5	26
00891_126	31	5	26
00891_127	31	5	26
00891_128	31	5	26
00891_129	31	5	26
00891_135	31	5	26
00891_136	31	5	26
00891_137	31	5	26
00891_138	31	5	26
00891_43	31	5	26
00891_45	31	5	26
00891_50	31	5	26
00891_52	31	5	26
00891_66	31	5	26
00891_68	31	5	26
00891_81	31	5	26
00891_83	31	5	26
00891_85	31	5	26
00891_88	31	5	26
00891_90	31	5	26
00891_92	31	5	26
00891_95	31	5	26
00891_97	31	5	26
02261_2	63	37	26
02702_1	510	484	26
03919_2	63	37	26
03919_5	63	37	26
05909_2	60	34	26
05909_4	60	34	26
08544_1	199	173	26
09388_1	515	489	26
09797_1	28	2	26
10237_1	66	40	26
23-自动测试贴模机_Part1370	129	103	26
60DF	462	436	26
AGV移动运输小车_Part188	94	68	26
AGV移动运输小车_Part190	94	68	26
AGV移动运输小车_Part192	94	68	26
AGV移动运输小车_Part194	94	68	26
AGV移动运输小车_Part196	94	68	26
AGV移动运输小车_Part198	94	68	26
AGV移动运输小车_Part200	94	68	26
AGV移动运输小车_Part202	94	68	26
AGV移动运输小车_Part204	94	68	26
AGV移动运输小车_Part206	94	68	26
AGV移动运输小车_Part208	94	68	26
AGV移动运输小车_Part210	94	68	26
AGV移动运输小车_Part212	94	68	26
AGV移动运输小车_Part214	94	68	26
AGV移动运输小车_Part216	94	68	26
AGV移动运输小车_Part218	94	68	26
AGV移动运输小车_Part220	94	68	26
AGV移动运输小车_Part222	94	68	26
AGV移动运输小车_Part224	94	68	26
AGV移动运输小车_Part226	94	68	26
AGV移动运输小车_Part228	94	68	26
AGV移动运输小车_Part230	94	68	26
AGV移动运输小车_Part232	94	68	26
AGV移动运输小车_Part234	94	68	26
AGV移动运输小车_Part236	94	68	26
AGV移动运输小车_Part238	94	68	26
AGV移动运输小车_Part240	94	68	26
AGV移动运输小车_Part242	94	68	26
AGV移动运输小车_Part244	94	68	26
AGV移动运输小车_Part246	94	68	26
AGV移动运输小车_Part248	94	68	26
AGV移动运输小车_Part250	94	68	26
AGV移动运输小车_Part252	94	68	26
AGV移动运输小车_Part254	94	68	26
AGV移动运输小车_Part256	94	68	26
AGV移动运输小车_Part258	94	68	26
AGV移动运输小车_Part260	94	68	26
AGV移动运输小车_Part262	94	68	26
AGV移动运输小车_Part264	94	68	26
AGV移动运输小车_Part266	94	68	26
AGV移动运输小车_Part268	94	68	26
AGV移动运输小车_Part270	94	68	26
AGV移动运输小车_Part272	94	68	26
AGV移动运输小车_Part274	94	68	26
AGV移动运输小车_Part276	94	68	26
AGV移动运输小车_Part278	94	68	26
AGV移动运输小车_Part280	94	68	26
AGV移动运输小车_Part282	94	68	26
AGV移动运输小车_Part284	94	68	26
AGV移动运输小车_Part286	94	68	26
AGV移动运输小车_Part288	94	68	26
AGV移动运输小车_Part290	94	68	26
AGV移动运输小车_Part292	94	68	26
AGV移动运输小车_Part294	94	68	26
AGV移动运输小车_Part296	94	68	26
AGV移动运输小车_Part298	94	68	26
AGV移动运输小车_Part300	94	68	26
AGV移动运输小车_Part302	94	68	26
AGV移动运输小车_Part304	94	68	26
AGV移动运输小车_Part306	94	68	26
AGV移动运输小车_Part308	94	68	26
AGV移动运输小车_Part310	94	68	26
AGV移动运输小车_Part312	94	68	26
AGV移动运输小车_Part314	94	68	26
AGV移动运输小车_Part316	94	68	26
AGV移动运输小车_Part318	94	68	26
AGV移动运输小车_Part320	94	68	26
AGV移动运输小车_Part322	94	68	26
AGV移动运输小车_Part324	94	68	26
AGV移动运输小车_Part326	94	68	26
AGV移动运输小车_Part328	94	68	26
AGV移动运输小车_Part330	94	68	26
AGV移动运输小车_Part332	94	68	26
AGV移动运输小车_Part334	94	68	26
AGV移动运输小车_Part336	94	68	26
AGV移动运输小车_Part338	94	68	26
AGV移动运输小车_Part340	94	68	26
AGV移动运输小车_Part342	94	68	26
AGV移动运输小车_Part344	94	68	26
AGV移动运输小车_Part346	94	68	26
AGV移动运输小车_Part348	94	68	26
AGV移动运输小车_Part350	94	68	26
AGV移动运输小车_Part352	94	68	26
AGV移动运输小车_Part354	94	68	26
AGV移动运输小车_Part356	94	68	26
AGV移动运输小车_Part358	94	68	26
AGV移动运输小车_Part360	94	68	26
AGV移动运输小车_Part362	94	68	26
AGV移动运输小车_Part364	94	68	26
AGV移动运输小车_Part366	94	68	26
AGV移动运输小车_Part368	94	68	26
AGV移动运输小车_Part370	94	68	26
AGV移动运输小车_Part372	94	68	26
AGV移动运输小车_Part374	94	68	26
AGV移动运输小车_Part376	94	68	26
AGV移动运输小车_Part378	94	68	26
AGV移动运输小车_Part380	94	68	26
AGV移动运输小车_Part382	94	68	26
AGV移动运输小车_Part384	94	68	26
AGV移动运输小车_Part386	94	68	26
AGV移动运输小车_Part388	94	68	26
AGV移动运输小车_Part390	94	68	26
AGV移动运输小车_Part392	94	68	26
AGV移动运输小车_Part394	94	68	26
AGV移动运输小车_Part396	94	68	26
AGV移动运输小车_Part398	94	68	26
AGV移动运输小车_Part400	94	68	26
AGV移动运输小车_Part402	94	68	26
AGV移动运输小车_Part404	94	68	26
AGV移动运输小车_Part406	94	68	26
AGV移动运输小车_Part408	94	68	26
AGV移动运输小车_Part410	94	68	26
AGV移动运输小车_Part412	94	68	26
AGV移动运输小车_Part414	94	68	26
AGV移动运输小车_Part416	94	68	26
AGV移动运输小车_Part418	94	68	26
AGV移动运输小车_Part420	94	68	26
AGV移动运输小车_Part422	94	68	26
AGV移动运输小车_Part424	94	68	26
AGV移动运输小车_Part426	94	68	26
AGV移动运输小车_Part428	94	68	26
AGV移动运输小车_Part430	94	68	26
AGV移动运输小车_Part432	94	68	26
AGV移动运输小车_Part434	94	68	26
AGV移动运输小车_Part436	94	68	26
AGV移动运输小车_Part438	94	68	26
AGV移动运输小车_Part440	94	68	26
AGV移动运输小车_Part442	94	68	26
AGV移动运输小车_Part444	94	68	26
AGV移动运输小车_Part446	94	68	26
AGV移动运输小车_Part448	94	68	26
AGV移动运输小车_Part450	94	68	26
AGV移动运输小车_Part452	94	68	26
AGV移动运输小车_Part454	94	68	26
AGV移动运输小车_Part456	94	68	26
AGV移动运输小车_Part458	94	68	26
AGV移动运输小车_Part460	94	68	26
AGV移动运输小车_Part462	94	68	26
AGV移动运输小车_Part464	94	68	26
AGV移动运输小车_Part466	94	68	26
AGV移动运输小车_Part468	94	68	26
AGV移动运输小车_Part470	94	68	26
AGV移动运输小车_Part472	94	68	26
AGV移动运输小车_Part474	94	68	26
AGV移动运输小车_Part476	94	68	26
AGV移动运输小车_Part478	94	68	26
AGV移动运输小车_Part480	94	68	26
AGV移动运输小车_Part482	94	68	26
AGV移动运输小车_Part484	94	68	26
AGV移动运输小车_Part486	94	68	26
AGV移动运输小车_Part488	94	68	26
AGV移动运输小车_Part490	94	68	26
AGV移动运输小车_Part492	94	68	26
AGV移动运输小车_Part494	94	68	26
AGV移动运输小车_Part496	94	68	26
AGV移动运输小车_Part498	94	68	26
AGV移动运输小车_Part500	94	68	26
AGV移动运输小车_Part502	94	68	26
AGV移动运输小车_Part504	94	68	26
AGV移动运输小车_Part506	94	68	26
AGV移动运输小车_Part508	94	68	26
AGV移动运输小车_Part510	94	68	26
AGV移动运输小车_Part512	94	68	26
AGV移动运输小车_Part514	94	68	26
AGV移动运输小车_Part516	94	68	26
AGV移动运输小车_Part518	94	68	26
AGV移动运输小车_Part520	94	68	26
AGV移动运输小车_Part522	94	68	26
AGV移动运输小车_Part524	94	68	26
AGV移动运输小车_Part526	94	68	26
AGV移动运输小车_Part528	94	68	26
AGV移动运输小车_Part530	94	68	26
AGV移动运输小车_Part532	94	68	26
AGV移动运输小车_Part534	94	68	26
AGV移动运输小车_Part536	94	68	26
AGV移动运输小车_Part538	94	68	26
AGV移动运输小车_Part540	94	68	26
AGV移动运输小车_Part542	94	68	26
AGV移动运输小车_Part544	94	68	26
AGV移动运输小车_Part546	94	68	26
AGV移动运输小车_Part548	94	68	26
AGV移动运输小车_Part550	94	68	26
AGV移动运输小车_Part552	94	68	26
AGV移动运输小车_Part554	94	68	26
AGV移动运输小车_Part556	94	68	26
AGV移动运输小车_Part558	94	68	26
AGV移动运输小车_Part560	94	68	26
AGV移动运输小车_Part562	94	68	26
AGV移动运输小车_Part564	94	68	26
AGV移动运输小车_Part566	94	68	26
AGV移动运输小车_Part568	94	68	26
AGV移动运输小车_Part570	94	68	26
AGV移动运输小车_Part572	94	68	26
AGV移动运输小车_Part574	94	68	26
AGV移动运输小车_Part576	94	68	26
AGV移动运输小车_Part578	94	68	26
AGV移动运输小车_Part580	94	68	26
AGV移动运输小车_Part582	94	68	26
AGV移动运输小车_Part584	94	68	26
AGV移动运输小车_Part586	94	68	26
AGV移动运输小车_Part588	94	68	26
AGV移动运输小车_Part590	94	68	26
AGV移动运输小车_Part592	94	68	26
AGV移动运输小车_Part594	94	68	26
AGV移动运输小车_Part596	94	68	26
AGV移动运输小车_Part598	94	68	26
AGV移动运输小车_Part600	94	68	26
AGV移动运输小车_Part602	94	68	26
AGV移动运输小车_Part604	94	68	26
AGV移动运输小车_Part606	94	68	26
AGV移动运输小车_Part608	94	68	26
AGV移动运输小车_Part610	94	68	26
AGV移动运输小车_Part612	94	68	26
AGV移动运输小车_Part614	94	68	26
AGV移动运输小车_Part616	94	68	26
AGV移动运输小车_Part618	94	68	26
AGV移动运输小车_Part620	94	68	26
AGV移动运输小车_Part622	94	68	26
AGV移动运输小车_Part624	94	68	26
AGV移动运输小车_Part626	94	68	26
AGV移动运输小车_Part628	94	68	26
AGV移动运输小车_Part630	94	68	26
AGV移动运输小车_Part632	94	68	26
AGV移动运输小车_Part634	94	68	26
AGV移动运输小车_Part636	94	68	26
AGV移动运输小车_Part638	94	68	26
AGV移动运输小车_Part640	94	68	26
AGV移动运输小车_Part642	94	68	26
AGV移动运输小车_Part644	94	68	26
AGV移动运输小车_Part646	94	68	26
AGV移动运输小车_Part648	94	68	26
AGV移动运输小车_Part650	94	68	26
AGV移动运输小车_Part652	94	68	26
AGV移动运输小车_Part654	94	68	26
AGV移动运输小车_Part656	94	68	26
AGV移动运输小车_Part658	94	68	26
AGV移动运输小车_Part660	94	68	26
AGV移动运输小车_Part662	94	68	26
AGV移动运输小车_Part664	94	68	26
AGV移动运输小车_Part666	94	68	26
AGV移动运输小车_Part668	94	68	26
AGV移动运输小车_Part670	94	68	26
AGV移动运输小车_Part672	94	68	26
AGV移动运输小车_Part674	94	68	26
AGV移动运输小车_Part676	94	68	26
AGV移动运输小车_Part678	94	68	26
AGV移动运输小车_Part680	94	68	26
AGV移动运输小车_Part682	94	68	26
AGV移动运输小车_Part684	94	68	26
AGV移动运输小车_Part686	94	68	26
AGV移动运输小车_Part688	94	68	26
AGV移动运输小车_Part690	94	68	26
AGV移动运输小车_Part692	94	68	26
AGV移动运输小车_Part694	94	68	26
AGV移动运输小车_Part696	94	68	26
AGV移动运输小车_Part698	94	68	26
AGV移动运输小车_Part700	94	68	26
AGV移动运输小车_Part702	94	68	26
AGV移动运输小车_Part704	94	68	26
AGV移动运输小车_Part706	94	68	26
AGV移动运输小车_Part708	94	68	26
AGV移动运输小车_Part710	94	68	26
AGV移动运输小车_Part712	94	68	26
AGV移动运输小车_Part714	94	68	26
AGV移动运输小车_Part716	94	68	26
AGV移动运输小车_Part718	94	68	26
AGV移动运输小车_Part720	94	68	26
AGV移动运输小车_Part722	94	68	26
AGV移动运输小车_Part724	94	68	26
AGV移动运输小车_Part726	94	68	26
AGV移动运输小车_Part728	94	68	26
AGV移动运输小车_Part730	94	68	26
AGV移动运输小车_Part732	94	68	26
AGV移动运输小车_Part734	94	68	26
AGV移动运输小车_Part736	94	68	26
AGV移动运输小车_Part738	94	68	26
AGV移动运输小车_Part740	94	68	26
AGV移动运输小车_Part742	94	68	26
AGV移动运输小车_Part744	94	68	26
AGV移动运输小车_Part746	94	68	26
AGV移动运输小车_Part748	94	68	26
AGV移动运输小车_Part750	94	68	26
AGV移动运输小车_Part752	94	68	26
AGV移动运输小车_Part754	94	68	26
AGV移动运输小车_Part756	94	68	26
AGV移动运输小车_Part758	94	68	26
AGV移动运输小车_Part760	94	68	26
AGV移动运输小车_Part762	94	68	26
AGV移动运输小车_Part764	94	68	26
AGV移动运输小车_Part766	94	68	26
AGV移动运输小车_Part768	94	68	26
AGV移动运输小车_Part770	94	68	26
AGV移动运输小车_Part772	94	68	26
B03-哈模框架机械手_Part142	85	59	26
Deutz-BF6M1013FC柴油发动机_Part234	29	3	26
Dimmer Speed Control 01a v8_part1	66	40	26
KHQBA-D25-d5	29	3	26
SK1-388_part1	44	18	26
TORNO_Part6	34	8	26
USB全自动装配机3D_Part221	165	139	26
USB全自动装配机3D_Part500	163	137	26
USB全自动装配机3D_Part511	163	137	26
USB全自动装配机3D_Part71	163	137	26
USB全自动装配机3D_Part746	163	137	26
VLH2000-01-ST	277	251	26
transmission__Part3679	38	12	26
transmission__Part3680	38	12	26
transmission__Part3681	38	12	26
transmission__Part3682	38	12	26
transmission__Part3683	38	12	26
transmission__Part3684	38	12	26
transmission__Part3685	38	12	26
transmission__Part3686	38	12	26
transmission__Part3687	38	12	26
transmission__Part3693	40	14	26
transmission__Part3694	40	14	26
卧式冰箱内胆绕管机_Part218	110	84	26
卧式冰箱内胆绕管机_Part228	110	84	26
卧式冰箱内胆绕管机_Part238	110	84	26
卧式冰箱内胆绕管机_Part248	110	84	26
山地自行车3D_Part11311	172	146	26
智能扫地机器人_Part40	149	123	26
混合机_Part1238	142	116	26
混合机_Part171	142	116	26
混合机_Part657	142	116	26
混合机_Part82	142	116	26
混合机_Part897	142	116	26
滚筒式搅拌机_Part105	122	96	26
自动绕线机_Part329	52	26	26
自动绕线机_Part364	52	26	26
自动绕线机_Part473	52	26	26
自动绕线机_Part571	52	26	26
00150_3	1527	1500	27
00150_4	1527	1500	27
08533_2	87	60	27
08533_5	87	60	27
08880_2	87	60	27
09443_2	75	48	27
10131_2	75	48	27
10131_5	75	48	27
10440_3	75	48	27
10448_2	84	57	27
10829_1	121	94	27
1300切纸机_Part8	856	829	27
23-自动测试贴模机_Part1485	54	27	27
Base prise_Part29	94	67	27
FAERB4-0.5_part2	131	104	27
GabElec_basico_Part525	79	52	27
GabElec_basico_Part529	79	52	27
GabElec_basico_Part698	79	52	27
GabElec_basico_Part702	79	52	27
GabElec_basico_Part901	79	52	27
HFJ01-64_part1	65	38	27
PAL01	90	63	27
khelifaoui-V6-Turbo发动机_Part179	70	43	27
卧式冰箱内胆绕管机_Part380	90	63	27
卧式冰箱内胆绕管机_Part390	88	61	27
水陆麦克纳姆轮四轮小车_Part1379	81	54	27
洗衣机_Part292	40	13	27
洗衣机_Part296	40	13	27
洗衣机_Part542	40	13	27
洗衣机_Part557	40	13	27
混合机_Part1208	46	19	27
混合机_Part1334	46	19	27
混合机_Part19	46	19	27
混合机_Part277	46	19	27
混合机_Part594	46	19	27
混合机_Part690	46	19	27
滚筒式搅拌机_Part250	146	119	27
玩具越野车拼装模型_Part105	69	42	27
电气导轨_Part2	100	73	27
电气导轨_Part3	100	73	27
电气导轨_Part4	100	73	27
电气导轨_Part5	100	73	27
电气导轨_Part6	100	73	27
电气导轨_Part7	100	73	27
电气导轨_Part8	100	73	27
电气导轨_Part9	100	73	27
自动绕线机_Part719	230	203	27
自动绕线机_Part720	230	203	27
自动绕线机_Part721	230	203	27
自动绕线机_Part722	230	203	27
锻压成型机_Part29	102	75	27
00493_1	204	176	28
03566_1	91	63	28
07242_3	58	30	28
10296_1	403	375	28
10808_1	204	176	28
DOHC-12V发动机模型_Part180	171	143	28
KHTDA-M6	33	5	28
QC1010-01-EP1S_part1	154	126	28
外骨骼装备_Part122	30	2	28
外骨骼装备_Part137	30	2	28
外骨骼装备_Part138	30	2	28
外骨骼装备_Part139	30	2	28
外骨骼装备_Part140	30	2	28
外骨骼装备_Part142	30	2	28
外骨骼装备_Part150	30	2	28
外骨骼装备_Part151	30	2	28
外骨骼装备_Part152	30	2	28
外骨骼装备_Part153	30	2	28
家用电暖器_Part36	257	229	28
座椅冲切设备_Part237	106	78	28
座椅冲切设备_Part468	116	88	28
无心磨龙门式送料机_Part53	76	48	28
晶体机组装机构装配_Part429	63	35	28
晶体机组装机构装配_Part660	63	35	28
桁架式搬运机_Part19	218	190	28
比赛履带小车_Part625	36	8	28
水陆麦克纳姆轮四轮小车_Part1429	83	55	28
水陆麦克纳姆轮四轮小车_Part1439	83	55	28
汽车空调-04_Part30	223	195	28
油浸式变压器_Part280	66	38	28
电池包装机_Part246	85	57	28
电池包装机_Part456	60	32	28
自动锁螺丝机_Part829	49	21	28
转盘式铆接机_Part73	58	30	28
00469_2	83	54	29
00516_2	83	54	29
01452_1	376	347	29
02770_1	376	347	29
04954_2	90	61	29
09459_2	83	54	29
09580_3	59	30	29
10387_1	376	347	29
10577_2	70	41	29
10694_4	90	61	29
10864_2	59	30	29
10864_4	59	30	29
全自动攻牙机双向多头_Part209	51	22	29
医疗瓶灌装线_Part13	718	689	29
市政下水道疏通机器人_Part53	94	65	29
玩具越野车拼装模型_Part101	40	11	29
玩具越野车拼装模型_Part147	40	11	29
玩具越野车拼装模型_Part89	40	11	29
玩具越野车拼装模型_Part90	40	11	29
01701_2	75	45	30
02775_2	86	56	30
08171_1	77	47	30
10718_1	32	2	30
10米氢燃料车后桥_Part389	344	314	30
1300切纸机_Part129	436	406	30
GabElec_basico_Part524	79	49	30
GabElec_basico_Part697	79	49	30
GabElec_basico_Part875	177	147	30
USB全自动装配机3D_Part330	165	135	30
USB全自动装配机3D_Part353	165	135	30
g3512发动机_Part348	39	9	30
座椅冲切设备_Part309	116	86	30
座椅冲切设备_Part310	116	86	30
水陆麦克纳姆轮四轮小车_Part4	212	182	30
水陆麦克纳姆轮四轮小车_Part69	212	182	30
水陆麦克纳姆轮四轮小车_Part79	212	182	30
水陆麦克纳姆轮四轮小车_Part88	212	182	30
玩具越野车拼装模型_Part46	49	19	30
玩具越野车拼装模型_Part47	49	19	30
玩具越野车拼装模型_Part85	49	19	30
玩具越野车拼装模型_Part88	49	19	30
玩具越野车拼装模型_Part94	49	19	30
03020_3	58	27	31
05817_51	37	6	31
05817_53	37	6	31
05817_56	37	6	31
05817_58	37	6	31
08607_73	37	6	31
08607_75	37	6	31
08607_78	37	6	31
08607_80	37	6	31
09395_33	37	6	31
09395_35	37	6	31
09395_38	37	6	31
09395_40	37	6	31
09466_33	37	6	31
09466_35	37	6	31
09466_38	37	6	31
09466_40	37	6	31
09668_7	201	170	31
10697_7	201	170	31
23-自动测试贴模机_Part1389	57	26	31
23-自动测试贴模机_Part763	64	33	31
Deutz-BF6M1013FC柴油发动机_Part331	111	80	31
四轴飞行器_Part681	190	159	31
四轴飞行器_Part685	190	159	31
四轴飞行器_Part686	190	159	31
四轴飞行器_Part688	190	159	31
四轴飞行器_Part689	190	159	31
四轴飞行器_Part691	190	159	31
座椅冲切设备_Part492	116	85	31
比赛履带小车_Part50	47	16	31
比赛履带小车_Part51	47	16	31
电池包装机_Part330	41	10	31
电池包装机_Part342	44	13	31
自动绕线机_Part700	76	45	31
自动绕线机_Part712	76	45	31
03039_2	112	80	32
05165_2	140	108	32
05165_4	140	108	32
05817_16	39	7	32
05817_17	39	7	32
05817_24	39	7	32
05817_25	39	7	32
08607_20	39	7	32
08607_21	39	7	32
08607_28	39	7	32
08607_29	39	7	32
09395_20	39	7	32
09395_21	39	7	32
09395_28	39	7	32
09395_29	39	7	32
09466_20	39	7	32
09466_21	39	7	32
09466_28	39	7	32
09466_29	39	7	32
09726_2	80	48	32
09732_2	140	108	32
09732_4	140	108	32
10413_2	80	48	32
ACM2M-1829T_part4	35	3	32
AL6H-P4GC_Part24	109	77	32
GV2PM01C_part1	480	448	32
HFQ32-90.5_part1	166	134	32
RB-36008F-82R	43	11	32
卧式冰箱内胆绕管机_Part253	229	197	32
发动机后置客车后悬架模型_Part174	119	87	32
定制摩托车_Part68	108	76	32
智能扫地机器人_Part4	69	37	32
智能扫地机器人_Part54	69	37	32
电池包装机_Part337	44	12	32
电脑主板散热器_Part90	290	258	32
自动绕线机_Part709	51	19	32
00549_1	363	330	33
02095_3	304	271	33
02095_4	304	271	33
06869_3	304	271	33
06869_4	304	271	33
07389_2	38	5	33
08111_3	304	271	33
08111_4	304	271	33
10219_1	48	15	33
AGV移动运输小车_Part1397	238	205	33
AGV移动运输小车_Part1414	238	205	33
GTL20006	128	95	33
NM1LE-125S_3300-40A-30.50.100mA_part1	86	53	33
SR01	39	6	33
定制摩托车_Part79	108	75	33
山地自行车3D_Part11301	55	22	33
山地自行车3D_Part11302	55	22	33
山地自行车3D_Part11303	55	22	33
山地自行车3D_Part11304	55	22	33
山地自行车3D_Part11324	298	265	33
座椅冲切设备_Part113	116	83	33
座椅冲切设备_Part27	116	83	33
座椅冲切设备_Part28	116	83	33
座椅冲切设备_Part313	116	83	33
座椅冲切设备_Part315	116	83	33
座椅冲切设备_Part319	116	83	33
座椅冲切设备_Part321	116	83	33
座椅冲切设备_Part342	116	83	33
座椅冲切设备_Part346	116	83	33
座椅冲切设备_Part519	116	83	33
座椅冲切设备_Part521	116	83	33
座椅冲切设备_Part548	116	83	33
座椅冲切设备_Part550	116	83	33
座椅冲切设备_Part63	116	83	33
座椅冲切设备_Part66	116	83	33
混合机_Part1036	121	88	33
混合机_Part1198	121	88	33
混合机_Part1280	121	88	33
混合机_Part239	121	88	33
混合机_Part505	121	88	33
自动锁螺丝机_Part97	186	153	33
自动锁螺丝机_Part98	186	153	33
雅马哈摩托车拼装_Part1046	216	183	33
10603_1	502	468	34
DMSL16-T-NA-R-1_1-BP-Ⅰ-0	36	2	34
DOHC-12V发动机模型_Part103	165	131	34
DOHC-12V发动机模型_Part128	165	131	34
DOHC-12V发动机模型_Part51	165	131	34
DOHC-12V发动机模型_Part52	165	131	34
Ricecooker_Part11	64	30	34
SK4-9002-1X_SK4-9002-1X_1	61	27	34
electric-kettle-18_Part1	81	47	34
医疗瓶灌装线_Part53	133	99	34
医疗瓶灌装线_Part55	133	99	34
医疗瓶灌装线_Part57	133	99	34
医疗瓶灌装线_Part59	133	99	34
山地自行车3D_Part10769	44	10	34
山地自行车3D_Part10770	44	10	34
山地自行车3D_Part10783	44	10	34
山地自行车3D_Part10784	44	10	34
00431_1	47	12	35
晶体机组装机构装配_Part111	75	40	35
晶体机组装机构装配_Part115	75	40	35
晶体机组装机构装配_Part180	75	40	35
晶体机组装机构装配_Part184	75	40	35
智能扫地机器人_Part35	51	16	35
智能扫地机器人_Part46	51	16	35
02758_3	101	65	36
04981_1	217	181	36
05957_1	225	189	36
07101_4	217	181	36
FBFR3	51	15	36
TORNO_Part100	82	46	36
TS◻A-H08J2430A-48	192	156	36
g3512发动机_Part376	231	195	36
khelifaoui-V6-Turbo发动机_Part144	639	603	36
传感器机器人小车_Part593	111	75	36
外骨骼装备_Part83	215	179	36
外骨骼装备_Part98	215	179	36
奔驰4x4越野卡车_Part1433	146	110	36
座椅冲切设备_Part568	116	80	36
晶体机组装机构装配_Part124	47	11	36
晶体机组装机构装配_Part160	47	11	36
03179_3	65	28	37
03821_1	148	111	37
04394_3	65	28	37
08422_1	349	312	37
08805_1	349	312	37
HFX41-145_part1	47	10	37
g3512发动机_Part507	77	40	37
g3512发动机_Part510	77	40	37
g3512发动机_Part511	77	40	37
g3512发动机_Part512	77	40	37
g3512发动机_Part517	77	40	37
g3512发动机_Part518	77	40	37
g3512发动机_Part519	77	40	37
g3512发动机_Part522	77	40	37
g3512发动机_Part523	77	40	37
g3512发动机_Part524	77	40	37
06589_1	63	25	38
1300切纸机_Part12	92	54	38
LEDN-300-E	49	11	38
M-18_Part182	204	166	38
电池包装机_Part442	117	79	38
电池包装机_Part754	117	79	38
电池包装机_Part755	117	79	38
齿轮箱-B16-0-5	87	49	38
00107_4	100	61	39
00107_5	100	61	39
00228_4	100	61	39
00228_5	100	61	39
07256_2	108	69	39
07670_4	100	61	39
07670_5	100	61	39
08568_18	114	75	39
08945_9	123	84	39
09391_4	100	61	39
09391_5	100	61	39
10290_9	114	75	39
10353_4	100	61	39
10353_5	100	61	39
B03-哈模框架机械手_Part143	95	56	39
Deutz-BF6M1013FC柴油发动机_Part334	122	83	39
LSWB-d12	108	69	39
卧式冰箱内胆绕管机_Part282	94	55	39
机器人搬运自动检测包装机_Part218	479	440	39
机器人搬运自动检测包装机_Part294	137	98	39
花生包装机_Part198	97	58	39
花生包装机_Part199	97	58	39
轿车底盘系统总成_Part614	52	13	39
锻压成型机_Part99	269	230	39
02977_2	77	37	40
08742_7	90	50	40
09757_2	77	37	40
10143_2	77	37	40
10143_4	77	37	40
10592_1	49	9	40
10694_2	90	50	40
130MB055A-701000	101	61	40
奔驰4x4越野卡车_Part1352	203	163	40
奔驰4x4越野卡车_Part1369	203	163	40
奔驰4x4越野卡车_Part146	469	429	40
奔驰4x4越野卡车_Part1495	203	163	40
奔驰4x4越野卡车_Part1561	203	163	40
奔驰4x4越野卡车_Part1592	203	163	40
奔驰4x4越野卡车_Part383	203	163	40
奔驰4x4越野卡车_Part384	203	163	40
奔驰4x4越野卡车_Part469	203	163	40
奔驰4x4越野卡车_Part541	203	163	40
奔驰4x4越野卡车_Part542	203	163	40
奔驰4x4越野卡车_Part543	203	163	40
奔驰4x4越野卡车_Part544	203	163	40
奔驰4x4越野卡车_Part549	469	429	40
奔驰4x4越野卡车_Part554	469	429	40
奔驰4x4越野卡车_Part87	469	429	40
奔驰4x4越野卡车_Part946	203	163	40
奔驰4x4越野卡车_Part947	203	163	40
工装装配_Part244	236	196	40
工装装配_Part362	236	196	40
扫雪车拼装模型_Part4	203	163	40
转盘式铆接机_Part80	57	17	40
锻压成型机_Part53	520	480	40
齿轮齿条式转向系统_Part62	59	19	40
齿轮齿条式转向系统_Part67	59	19	40
07076_1	57	16	41
07107_1	574	533	41
08104_1	57	16	41
08185	52	11	41
08513_3	45	4	41
10225_1	501	460	41
10317_1	501	460	41
10551_1	57	16	41
23-自动测试贴模机_Part1510	45	4	41
FDE-M04	47	6	41
晶体机组装机构装配_Part425	52	11	41
晶体机组装机构装配_Part656	52	11	41
轿车底盘系统总成_Part649	52	11	41
02671_1	281	239	42
03342_2	88	46	42
03384_2	88	46	42
05300_3	133	91	42
07107_18	142	100	42
08133_1	269	227	42
10201_2	1086	1044	42
10553_3	132	90	42
10819_1	281	239	42
23-自动测试贴模机_Part1504	51	9	42
electric-kettle-18_Part2	101	59	42
水陆麦克纳姆轮四轮小车_Part1432	81	39	42
水陆麦克纳姆轮四轮小车_Part1442	81	39	42
电池包装机_Part460	130	88	42
04793_3	124	81	43
06479_2	235	192	43
10-手机贴标设备_Part125	133	90	43
10-手机贴标设备_Part323	133	90	43
10-手机贴标设备_Part721	133	90	43
10-手机贴标设备_Part743	133	90	43
10117_9	125	82	43
AD400-03	179	136	43
LCKHW_part2	76	33	43
barracuda_part1	340	297	43
智能扫地机器人_Part51	47	4	43
玩具越野车拼装模型_Part110	107	64	43
玩具越野车拼装模型_Part114	107	64	43
玩具越野车拼装模型_Part152	107	64	43
玩具越野车拼装模型_Part155	107	64	43
自动锁螺丝机_Part608	94	51	43
00121_1	81	37	44
06333_1	81	37	44
08772_3	279	235	44
09794_3	279	235	44
10447_3	279	235	44
10603_3	279	235	44
FAERB4-0.5_part1	93	49	44
无心磨龙门式送料机_Part598	106	62	44
水陆麦克纳姆轮四轮小车_Part6	95	51	44
水陆麦克纳姆轮四轮小车_Part71	95	51	44
水陆麦克纳姆轮四轮小车_Part81	95	51	44
水陆麦克纳姆轮四轮小车_Part90	95	51	44
滚筒式搅拌机_Part381	146	102	44
00140	189	144	45
00849	359	314	45
03393_2	129	84	45
05855_10	87	42	45
06290_3	282	237	45
07112_6	230	185	45
08647_10	230	185	45
08647_3	230	185	45
10-手机贴标设备_Part194	218	173	45
10-手机贴标设备_Part449	218	173	45
11222_1	230	185	45
11222_3	230	185	45
23-自动测试贴模机_Part1467	87	42	45
AVENTADOR_Part132	86	41	45
AVENTADOR_Part133	86	41	45
DHW3-A28-12-AH5-I-2-N-D_part2	433	388	45
GabElec_basico_Part885	79	34	45
M-17-0_43g3e(130mb)_Part122	87	42	45
M-17-0_43g3e(130mb)_Part219	87	42	45
M-18_Part278	87	42	45
M-20_Part109	101	56	45
M-20_Part236	101	56	45
M-46-000_55G3E_Part154	87	42	45
四轴飞行器_Part675	182	137	45
拖拉机_Part145	101	56	45
拖拉机_Part275	101	56	45
注胶机_Part544	234	189	45
注胶机_Part547	234	189	45
轿车底盘系统总成_Part435	121	76	45
00150_7	71	25	46
02095_2	269	223	46
05300_1	138	92	46
06869_2	269	223	46
06875_1	300	254	46
08111_2	269	223	46
12147_2	205	159	46
12147_4	205	159	46
60HSM22-E5Z-H22_part1	207	161	46
电子钓鱼杆_Part36	128	82	46
00575_2	123	76	47
01461_2	123	76	47
01507_4	304	257	47
06444_2	128	81	47
06543_2	128	81	47
07644_2	123	76	47
08577_2	128	81	47
09480_2	128	81	47
10135_2	128	81	47
10232_2	128	81	47
23-自动测试贴模机_Part15	624	577	47
23-自动测试贴模机_Part723	624	577	47
LF-9020-500	201	154	47
座椅冲切设备_Part421	116	69	47
座椅冲切设备_Part423	116	69	47
滚筒式搅拌机_Part378	51	4	47
轿车底盘系统总成_Part68	861	814	47
02912_13	76	28	48
09710_13	76	28	48
23-自动测试贴模机_Part758	392	344	48
transmission__Part3467	52	4	48
医疗瓶灌装线_Part119	306	258	48
医疗瓶灌装线_Part155	306	258	48
座椅冲切设备_Part469	116	68	48
座椅冲切设备_Part471	116	68	48
挤压颗粒粉碎机_Part36	250	202	48
桁架式搬运机_Part191	304	256	48
电子钓鱼杆_Part48	241	193	48
车辆动力转向架_Part6	260	212	48
00228_1	530	481	49
09391_1	530	481	49
10353_1	524	475	49
23-自动测试贴模机_Part1476	72	23	49
Deutz-BF6M1013FC柴油发动机_Part276	506	457	49
transmission__Part3601	85	36	49
外骨骼装备_Part135	77	28	49
外骨骼装备_Part160	77	28	49
座椅冲切设备_Part417	123	74	49
电工电子器件模型_Part31	260	211	49
00633_6	191	141	50
02261_1	98	48	50
03083_1	130	80	50
05436_1	130	80	50
05436_3	130	80	50
07101_1	217	167	50
08554_1	130	80	50
08554_3	130	80	50
08676_1	130	80	50
10米氢燃料车氢燃料ATS_Part10	117	67	50
10米氢燃料车氢燃料ATS_Part15	117	67	50
10米氢燃料车氢燃料ATS_Part20	117	67	50
10米氢燃料车氢燃料ATS_Part25	117	67	50
10米氢燃料车氢燃料ATS_Part30	117	67	50
10米氢燃料车氢燃料ATS_Part5	117	67	50
23-自动测试贴模机_Part1057	123	73	50
23-自动测试贴模机_Part1135	123	73	50
23-自动测试贴模机_Part938	123	73	50
TORNO_Part261	60	10	50
电池开关6_Part288	81	31	50
00199_1	104	53	51
02872_1	66	15	51
03461_1	66	15	51
06213_1	73	22	51
09571_18	146	95	51
AVENTADOR_Part419	646	595	51
INDO四冲程单缸发动机模型_Part49	644	593	51
sheng kong_Part260	334	283	51
发动机后置客车后悬架模型_Part173	75	24	51
00172_7	139	87	52
00306_3	154	102	52
00306_4	154	102	52
00535_1	221	169	52
00652_1	221	169	52
06321_1	221	169	52
06470_1	414	362	52
08119_1	414	362	52
08402_1	420	368	52
08422_3	160	108	52
08805_3	160	108	52
23-自动测试贴模机_Part1259	184	132	52
23-自动测试贴模机_Part1329	84	32	52
23-自动测试贴模机_Part652	184	132	52
5IK120GU-AF-5GU3K_part2	179	127	52
B03-哈模框架机械手_Part259	114	62	52
B03-哈模框架机械手_Part261	114	62	52
B03-哈模框架机械手_Part263	114	62	52
B03-哈模框架机械手_Part265	114	62	52
T2-1_1-1-LR-B3_part3	76	24	52
TORNO_Part198	61	9	52
消防车_Part66	876	824	52
车辆动力转向架_Part23	55	3	52
车辆动力转向架_Part24	55	3	52
02474_2	97	44	53
02474_4	97	44	53
07048_2	97	44	53
08586_2	119	66	53
08586_4	119	66	53
1300切纸机_Part24	429	376	53
INDO四冲程单缸发动机模型_Part65	755	702	53
V8-Engine-8缸发动机模型_Part94	781	728	53
座椅冲切设备_Part308	116	63	53
电子元器件_Part1	236	183	53
00826_3	89	35	54
04058_1	70	16	54
05106_3	133	79	54
05786_3	89	35	54
06381	190	136	54
08153_2	306	252	54
08153_9	306	252	54
08787_3	133	79	54
10201_6	94	40	54
23-自动测试贴模机_Part796	402	348	54
GTF40010	130	76	54
发动机后置客车后悬架模型_Part172	119	65	54
电池包装机_Part455	80	26	54
锻压成型机_Part48	178	124	54
01470_1	540	485	55
06627	141	86	55
10866_1	152	97	55
AX65-30-11-80_part4	360	305	55
NXBLE-32-4P-C6-30mA-6kA_part3	66	11	55
SK1-388_part2	130	75	55
UAE1-1111N	133	78	55
V8-Engine-8缸发动机模型_Part95	781	726	55
无心磨龙门式送料机_Part56	92	37	55
水陆麦克纳姆轮四轮小车_Part1348	111	56	55
水陆麦克纳姆轮四轮小车_Part1351	111	56	55
滚筒式搅拌机_Part90	720	665	55
00179_8	142	86	56
00952_13	142	86	56
02430_8	142	86	56
06500_13	142	86	56
08827_2	173	117	56
80DT (1)	208	152	56
D40B0-R503	64	8	56
LCKHW_part1	64	8	56
TORNO_Part4	59	3	56
奔驰4x4越野卡车_Part1527	107	51	56
奔驰4x4越野卡车_Part1535	107	51	56
山地自行车3D_Part5583	58	2	56
座椅冲切设备_Part311	116	60	56
座椅冲切设备_Part489	116	60	56
06828_1	231	174	57
06828_3	231	174	57
10386_6	231	174	57
HLF8X10S_part2	194	137	57
SK6-ZB75105S	168	111	57
SolarBoard_Part286	160	103	57
SolarBoard_Part79	160	103	57
TD55-3-24-C-F-Z_Part2	103	46	57
g3512发动机_Part437	761	704	57
传感器机器人小车_Part208	131	74	57
传感器机器人小车_Part210	131	74	57
拖拉机_Part453	137	80	57
正泰热过载继电器_Part10	96	39	57
正泰热过载继电器_Part20	96	39	57
正泰热过载继电器_Part32	96	39	57
L5P-100_part1	107	49	58
M-38-tv1_Part164	117	59	58
SK1-701L-X_part1	67	9	58
机器人搬运自动检测包装机_Part52	186	128	58
转盘式铆接机_Part176	115	57	58
00107_14	104	45	59
00228_14	104	45	59
03342_1	163	104	59
06043_3	147	88	59
07670_14	104	45	59
09391_14	104	45	59
09723_7	147	88	59
09732_7	147	88	59
10353_14	104	45	59
PSF002A001_Part261	633	574	59
sheng kong_Part227	91	32	59
拖拉机_Part454	243	184	59
自动绕线机_Part211	227	168	59
03384_1	163	103	60
05558_1	90	30	60
06644_3	133	73	60
08639_1	224	164	60
08754_1	218	158	60
10657_1	212	152	60
晶体机组装机构装配_Part250	131	71	60
晶体机组装机构装配_Part481	131	71	60
汽车空调-03_Part16	169	109	60
油浸式变压器_Part1300	538	478	60
空调内机_Part32	161	101	60
02058_1	85	24	61
03369_2	140	79	61
F-M3X050Y	71	10	61
05176_3	142	80	62
06385_2	219	157	62
A-max16-1.5V	471	409	62
GAFC100M5S_part1	147	85	62
汽车电动助力转向系统_Part12	73	11	62
02761	147	84	63
08673_2	146	83	63
10583_2	146	83	63
FE060-L1-3-S2-P2╱φ14×31╱φ50×5╱4-φ4-φ70	311	248	63
JGL25_part1	225	162	63
座椅冲切设备_Part424	116	53	63
无心磨龙门式送料机_Part85	147	84	63
04651_7	130	66	64
08140_2	1096	1032	64
10米氢燃料车集中润滑_Part20	102	38	64
AVENTADOR_Part468	154	90	64
BIGTREETECH-Octopus_Part2	145	81	64
M-46-000_55G3E_Part89	159	95	64
M-46-000_55G3E_Part98	159	95	64
电子元器件_Part2	92	28	64
03369_1	154	89	65
WLDAB-1-A-B	100	35	65
正泰热过载继电器_Part28	748	683	65
玩具越野车拼装模型_Part50	187	122	65
SPK-WM-24_Part2	123	57	66
外骨骼装备_Part3	262	196	66
外骨骼装备_Part4	262	196	66
电池包装机_Part395	92	26	66
电池包装机_Part63	92	26	66
07107_2	150	83	67
ES8005K-75-30-A-3	237	170	67
TORNO_Part257	86	19	67
VKZ2301	74	7	67
外骨骼装备_Part21	121	54	67
外骨骼装备_Part24	121	54	67
00107_1	530	462	68
00775_1	350	282	68
00952_1	350	282	68
06500_1	350	282	68
07670_1	530	462	68
09500_1	350	282	68
09721	170	102	68
11868_3	140	72	68
23-自动测试贴模机_Part1328	120	52	68
Airtank35_Part237	186	118	68
Airtank35_Part275	186	118	68
Airtank35_Part313	186	118	68
Airtank35_Part37	186	118	68
Deutz-BF6M1013FC柴油发动机_Part333	412	344	68
10413_1	177	108	69
10米氢燃料车前围骨架_Part455	1015	946	69
Garrett-GTCP85-98D燃气涡轮发动机_Part469	106	37	69
WSA01-25-L-90	72	3	69
00596_2	115	45	70
08-全自动立式圆瓶贴标机_Part7	100	30	70
08945_2	115	45	70
08945_5	115	45	70
10290_2	107	37	70
10290_5	107	37	70
10米氢燃料车前桥_Part286	83	13	70
10米氢燃料车前桥_Part356	83	13	70
10米氢燃料车后桥_Part221	83	13	70
10米氢燃料车后桥_Part291	83	13	70
6JD-971-845A_Part14	75	5	70
Airtank35_Part420	190	120	70
CJX2-4011-24V_part16	87	17	70
L5P-100_part3	374	304	70
THB060-30-8 -25-30-46-M4	547	477	70
V8-Engine-8缸发动机模型_Part77	869	799	70
宝马汽车发动机模型_Part224	143	73	70
01363_1	118	47	71
04289_2	118	47	71
08516_1	104	33	71
11983_1	118	47	71
AVENTADOR_Part470	318	247	71
GabElec_basico_Part1043	253	182	71
GabElec_basico_Part1044	253	182	71
GabElec_basico_Part1045	253	182	71
GabElec_basico_Part1046	253	182	71
GabElec_basico_Part1047	253	182	71
GabElec_basico_Part1048	253	182	71
GabElec_basico_Part1049	253	182	71
GabElec_basico_Part1050	253	182	71
GabElec_basico_Part1051	253	182	71
GabElec_basico_Part1052	253	182	71
GabElec_basico_Part1053	253	182	71
GabElec_basico_Part1054	253	182	71
GabElec_basico_Part1055	253	182	71
GabElec_basico_Part1056	253	182	71
GabElec_basico_Part1057	253	182	71
GabElec_basico_Part1058	253	182	71
GabElec_basico_Part1059	253	182	71
GabElec_basico_Part1060	253	182	71
GabElec_basico_Part1061	253	182	71
GabElec_basico_Part1062	253	182	71
GabElec_basico_Part1063	253	182	71
GabElec_basico_Part1064	253	182	71
GabElec_basico_Part1065	253	182	71
GabElec_basico_Part1066	253	182	71
GabElec_basico_Part1067	253	182	71
GabElec_basico_Part1068	253	182	71
GabElec_basico_Part1069	253	182	71
GabElec_basico_Part1070	253	182	71
GabElec_basico_Part1071	253	182	71
GabElec_basico_Part1072	253	182	71
GabElec_basico_Part1073	253	182	71
GabElec_basico_Part1074	253	182	71
GabElec_basico_Part1075	253	182	71
GabElec_basico_Part1076	253	182	71
QS0806-5C-380-80	97	26	71
ZM3R06	150	79	71
水陆麦克纳姆轮四轮小车_Part1383	119	48	71
电池包装机_Part403	88	17	71
电池包装机_Part73	88	17	71
00633_20	112	40	72
08827_19	112	40	72
HFM06-40_part2	91	19	72
凯蒂猫耳机_Part8	159	87	72
四轴飞行器_Part674	182	110	72
01275_2	158	85	73
02900_2	178	105	73
03299_1	243	170	73
07073_1	243	170	73
09668_16	112	39	73
10697_16	112	39	73
E-EIC36-40_part2	173	100	73
动力转向架_Part9	144	71	73
自动锁螺丝机_Part873	81	8	73
自动锁螺丝机_Part877	81	8	73
自动锁螺丝机_Part883	81	8	73
自动锁螺丝机_Part885	81	8	73
02569_2	117	43	74
02569_5	117	43	74
08427_18	116	42	74
08799_18	116	42	74
10117_2	117	43	74
10117_5	117	43	74
10415_18	116	42	74
B13-双肘颚式破碎机_Part348	109	35	74
HFQ32-90.5_part3	450	376	74
LEDS-E	126	52	74
汽车转向系统总成_Part28	94	20	74
汽车转向系统总成_Part34	94	20	74
23-自动测试贴模机_Part1056	234	159	75
23-自动测试贴模机_Part550	458	383	75
挤压颗粒粉碎机_Part35	167	92	75
电池开关6_Part348	449	374	75
电池开关6_Part365	449	374	75
电池开关6_Part382	449	374	75
06492_2	169	93	76
06492_4	169	93	76
10605_2	169	93	76
宝马汽车发动机模型_Part104	123	47	76
宝马汽车发动机模型_Part109	123	47	76
宝马汽车发动机模型_Part114	123	47	76
宝马汽车发动机模型_Part119	123	47	76
宝马汽车发动机模型_Part57	123	47	76
宝马汽车发动机模型_Part62	123	47	76
宝马汽车发动机模型_Part67	123	47	76
宝马汽车发动机模型_Part72	123	47	76
宝马汽车发动机模型_Part77	123	47	76
宝马汽车发动机模型_Part82	123	47	76
宝马汽车发动机模型_Part94	123	47	76
宝马汽车发动机模型_Part99	123	47	76
晶体机组装机构装配_Part271	118	42	76
晶体机组装机构装配_Part502	118	42	76
注胶机_Part63	175	99	76
注胶机_Part64	175	99	76
消防车_Part19	469	393	76
02294_1	271	194	77
08751_1	271	194	77
ZGB102FH(A8042)-ZYTD-555 (12V-3700R)-1_16.4	311	234	77
电工电子器件模型_Part85	151	74	77
Airtank35_Part432	182	104	78
g3512发动机_Part156	90	12	78
电池包装机_Part214	175	97	78
电池包装机_Part216	175	97	78
电池包装机_Part218	175	97	78
电池包装机_Part220	175	97	78
电池包装机_Part358	179	101	78
电池包装机_Part360	179	101	78
雅马哈摩托车拼装_Part84	292	214	78
雅马哈摩托车拼装_Part85	292	214	78
Airtank35_Part415	182	103	79
Airtank35_Part428	190	111	79
V8-Engine-8缸发动机模型_Part267	247	168	79
03483_2	140	60	80
03539_2	128	48	80
03539_5	128	48	80
09726_1	177	97	80
四轴飞行器_Part677	190	110	80
经典大众发动机_Part159	111	31	80
00896_2	121	40	81
02261_3	126	45	81
03083_2	121	40	81
03253_2	121	40	81
03253_5	121	40	81
05436_2	121	40	81
05436_4	121	40	81
08554_2	121	40	81
08554_4	121	40	81
08676_2	121	40	81
08742_6	271	190	81
10606_2	121	40	81
10694_1	271	190	81
110MB040A-001000	135	54	81
微波炉_Part35	268	187	81
花生包装机_Part179	139	58	81
02418_1	301	219	82
02606_1	301	219	82
04904_2	217	135	82
06043_2	94	12	82
09508	174	92	82
09723_6	94	12	82
09732_6	94	12	82
10-手机贴标设备_Part239	166	84	82
10-手机贴标设备_Part240	166	84	82
10-手机贴标设备_Part494	166	84	82
10-手机贴标设备_Part495	166	84	82
10260_1	301	219	82
11473_2	201	119	82
DOHC-12V发动机模型_Part177	116	34	82
无心磨龙门式送料机_Part448	386	304	82
电池包装机_Part38	175	93	82
00172_6	95	12	83
04651_6	95	12	83
23-自动测试贴模机_Part1550	882	799	83
HAK05-D68-d10-I-10	212	129	83
卧式冰箱内胆绕管机_Part252	240	156	84
08427_3	110	25	85
08799_3	110	25	85
10415_3	110	25	85
11858_2	181	96	85
山地自行车3D_Part10713	93	8	85
山地自行车3D_Part5471	93	8	85
00172_2	131	45	86
00172_4	131	45	86
00332_2	128	42	86
01613_2	131	45	86
01613_4	131	45	86
01998_2	128	42	86
03842_2	128	42	86
03978_2	128	42	86
04651_2	123	37	86
04651_4	123	37	86
05255_2	128	42	86
08342_2	128	42	86
10134_2	128	42	86
10744_2	128	42	86
桁架式搬运机_Part192	359	273	86
00172_1	141	54	87
00172_3	141	54	87
01613_1	141	54	87
01613_3	141	54	87
04651_1	141	54	87
04651_3	141	54	87
08827_4	101	14	87
11783_2	142	55	87
11783_4	142	55	87
11868_2	99	12	87
无心磨龙门式送料机_Part566	693	606	87
01983_2	154	66	88
03412_2	138	50	88
03412_5	138	50	88
06849_2	138	50	88
DOHC-12V发动机模型_Part139	130	42	88
DOHC-12V发动机模型_Part140	130	42	88
g3512发动机_Part227	160	72	88
00493_2	128	39	89
00847_2	128	39	89
10808_2	128	39	89
01275_1	288	198	90
GTC600C20S_part2	149	59	90
电池包装机_Part22	184	94	90
电池包装机_Part274	184	94	90
07998_1	277	186	91
11710_1	277	186	91
RU250DF	402	311	91
YW1L-AF2E10Q4G_Part3	253	162	91
传感器机器人小车_Part209	128	37	91
02395_1	312	219	93
04371_1	312	219	93
12081_1	312	219	93
无刷电机-IDX70S-550W-24V	114	21	93
10米氢燃料车后桥_Part246	586	492	94
10米氢燃料车后桥_Part312	586	492	94
2232S-012-BX4-SC	177	83	94
BTT-SKR-Pico_Part8	221	127	94
电子钓鱼杆_Part45	189	95	94
锻压成型机_Part1	279	185	94
03084_1	239	144	95
无心磨龙门式送料机_Part168	709	614	95
05957_2	127	31	96
Deutz-BF6M1013FC柴油发动机_Part321	215	119	96
01507_1	139	42	97
10336_1	139	42	97
10336_5	139	42	97
M-17-0_43g3e(130mb)_Part248	179	82	97
M-17-0_43g3e(130mb)_Part39	179	82	97
02900_1	534	436	98
LF-36H塑料轴-CW	127	29	98
М-11L五缸星型发动机_Part3	115	17	98
04981_2	135	35	100
07101_2	135	35	100
07101_5	135	35	100
02671_10	123	22	101
02671_11	123	22	101
02671_12	123	22	101
08133_10	123	22	101
08133_11	123	22	101
08133_12	123	22	101
09650_11	123	22	101
09650_12	123	22	101
09650_13	123	22	101
10365_11	123	22	101
10365_12	123	22	101
10365_13	123	22	101
10819_10	123	22	101
10819_11	123	22	101
10819_12	123	22	101
四轴飞行器_Part673	182	81	101
g3512发动机_Part555	808	706	102
四轴飞行器_Part680	182	80	102
汽车转向系统总成_Part35	133	31	102
自动绕线机_Part707	143	41	102
02624_1	116	13	103
10654_3	116	13	103
USB全自动装配机3D_Part359	147	44	103
23-自动测试贴模机_Part1097	296	192	104
USB全自动装配机3D_Part336	142	38	104
外骨骼装备_Part12	123	19	104
02624_3	118	13	105
02656_1	279	174	105
02912_1	267	162	105
03174_1	279	174	105
04154_1	267	162	105
05061_3	183	78	105
08838_1	118	13	105
08838_3	118	13	105
09603_1	279	174	105
09710_1	267	162	105
10654_1	118	13	105
12016_1	281	176	105
花生包装机_Part170	222	117	105
02241_1	291	185	106
03034_1	291	185	106
05284_1	291	185	106
23-自动测试贴模机_Part1357	858	752	106
桁架式搬运机_Part6	447	341	106
10322_1	501	394	107
Garrett-GTCP85-98D燃气涡轮发动机_Part1280	109	2	107
USB全自动装配机3D_Part556	146	39	107
USB全自动装配机3D_Part595	137	30	107
USB全自动装配机3D_Part64	137	30	107
09668_1	521	413	108
Airtank35_Part414	182	74	108
Airtank35_Part435	190	82	108
四轴飞行器_Part684	190	81	109
山地自行车3D_Part5584	129	20	109
05165_1	131	21	110
05165_3	131	21	110
08911_4	225	115	110
09732_1	131	21	110
09732_3	131	21	110
QS0806-43-400_part1	131	21	110
USB全自动装配机3D_Part339	134	24	110
USB全自动装配机3D_Part340	134	24	110
USB全自动装配机3D_Part341	134	24	110
USB全自动装配机3D_Part343	134	24	110
USB全自动装配机3D_Part346	134	24	110
USB全自动装配机3D_Part357	134	24	110
00931_3	150	39	111
01452_3	150	39	111
02770_3	150	39	111
02770_4	150	39	111
10710_1	305	194	111
10710_3	305	194	111
GAFR100M5SN	185	74	111
g3512发动机_Part50	184	73	111
05944	172	60	112
USB全自动装配机3D_Part502	146	34	112
山地自行车3D_Part16	162	50	112
注胶机_Part529	470	358	112
USB全自动装配机3D_Part333	135	22	113
USB全自动装配机3D_Part338	159	46	113
USB全自动装配机3D_Part347	135	22	113
USB全自动装配机3D_Part348	135	22	113
USB全自动装配机3D_Part351	135	22	113
USB全自动装配机3D_Part352	135	22	113
USB全自动装配机3D_Part358	135	22	113
USB全自动装配机3D_Part518	137	24	113
USB全自动装配机3D_Part550	139	26	113
02627	238	124	114
06146	238	124	114
09487	238	124	114
09757_1	321	207	114
10143_1	321	207	114
10143_3	321	207	114
GAR100M5S	138	24	114
g3512发动机_Part359	173	59	114
g3512发动机_Part361	393	279	114
g3512发动机_Part379	389	275	114
Garrett-GTCP85-98D燃气涡轮发动机_Part1255	117	2	115
ARI1000-01L	255	139	116
山地自行车3D_Part104	182	66	116
山地自行车3D_Part245	182	66	116
ST28P2-12V-3.789_1	132	15	117
10210	309	191	118
g3512发动机_Part167	133	15	118
四轴飞行器_Part690	190	72	118
无心磨龙门式送料机_Part1	136	18	118
桁架式搬运机_Part323	233	115	118
桁架式搬运机_Part324	233	115	118
桁架式搬运机_Part325	233	115	118
桁架式搬运机_Part326	233	115	118
桁架式搬运机_Part327	233	115	118
桁架式搬运机_Part328	233	115	118
桁架式搬运机_Part329	233	115	118
桁架式搬运机_Part330	233	115	118
桁架式搬运机_Part331	233	115	118
桁架式搬运机_Part332	233	115	118
桁架式搬运机_Part333	233	115	118
桁架式搬运机_Part334	233	115	118
桁架式搬运机_Part335	233	115	118
桁架式搬运机_Part336	233	115	118
桁架式搬运机_Part337	233	115	118
桁架式搬运机_Part338	233	115	118
桁架式搬运机_Part339	233	115	118
桁架式搬运机_Part340	233	115	118
桁架式搬运机_Part341	233	115	118
桁架式搬运机_Part342	233	115	118
桁架式搬运机_Part343	233	115	118
桁架式搬运机_Part344	233	115	118
桁架式搬运机_Part345	233	115	118
桁架式搬运机_Part346	233	115	118
桁架式搬运机_Part347	233	115	118
桁架式搬运机_Part348	233	115	118
桁架式搬运机_Part349	233	115	118
桁架式搬运机_Part350	233	115	118
桁架式搬运机_Part351	233	115	118
桁架式搬运机_Part352	233	115	118
桁架式搬运机_Part353	233	115	118
桁架式搬运机_Part354	233	115	118
桁架式搬运机_Part355	233	115	118
桁架式搬运机_Part356	233	115	118
M-46-000_55G3E_Part78	122	3	119
QS0806-24-264	204	85	119
USB全自动装配机3D_Part349	149	30	119
USB全自动装配机3D_Part361	149	30	119
XB5AD21C_Part1	299	180	119
09668_6	138	18	120
10697_6	138	18	120
USB全自动装配机3D_Part31	135	15	120
USB全自动装配机3D_Part34	135	15	120
USB全自动装配机3D_Part585	152	32	120
USB全自动装配机3D_Part587	137	17	120
g3512发动机_Part110	245	125	120
GAFC100M5S_part2	174	53	121
SK1-830-3	316	195	121
USB全自动装配机3D_Part32	213	92	121
USB全自动装配机3D_Part344	183	62	121
00633_11	209	87	122
06444_1	226	104	122
09480_1	226	104	122
10232_1	226	104	122
USB全自动装配机3D_Part571	210	88	122
02671_5	196	73	123
08133_5	196	73	123
10819_5	196	73	123
M-18_Part501	1155	1032	123
USB全自动装配机3D_Part108	144	21	123
USB全自动装配机3D_Part109	144	21	123
USB全自动装配机3D_Part12	183	60	123
USB全自动装配机3D_Part225	144	21	123
USB全自动装配机3D_Part233	144	21	123
USB全自动装配机3D_Part263	144	21	123
USB全自动装配机3D_Part432	155	32	123
USB全自动装配机3D_Part506	155	32	123
USB全自动装配机3D_Part584	144	21	123
USB全自动装配机3D_Part604	145	22	123
USB全自动装配机3D_Part608	144	21	123
USB全自动装配机3D_Part79	144	21	123
USB全自动装配机3D_Part98	144	21	123
USB全自动装配机3D_Part99	144	21	123
锻压成型机_Part25	211	88	123
06290_4	140	16	124
06290_5	140	16	124
08772_4	140	16	124
08772_5	140	16	124
09794_4	140	16	124
09794_5	140	16	124
10447_4	140	16	124
10447_5	140	16	124
10603_4	140	16	124
10603_5	140	16	124
Basys3_part2	660	535	125
USB全自动装配机3D_Part420	164	39	125
USB全自动装配机3D_Part436	175	50	125
USB全自动装配机3D_Part714	167	41	126
10365_7	198	71	127
AVENTADOR_Part134	318	191	127
USB全自动装配机3D_Part416	173	46	127
USB全自动装配机3D_Part602	145	18	127
USB全自动装配机3D_Part685	145	18	127
桁架式搬运机_Part266	222	95	127
桁架式搬运机_Part267	222	95	127
桁架式搬运机_Part268	222	95	127
桁架式搬运机_Part269	222	95	127
桁架式搬运机_Part270	222	95	127
桁架式搬运机_Part271	222	95	127
桁架式搬运机_Part272	222	95	127
桁架式搬运机_Part273	222	95	127
桁架式搬运机_Part274	222	95	127
桁架式搬运机_Part275	222	95	127
桁架式搬运机_Part276	222	95	127
桁架式搬运机_Part277	222	95	127
桁架式搬运机_Part278	222	95	127
桁架式搬运机_Part279	222	95	127
桁架式搬运机_Part280	222	95	127
桁架式搬运机_Part285	222	95	127
桁架式搬运机_Part286	222	95	127
桁架式搬运机_Part287	222	95	127
桁架式搬运机_Part288	222	95	127
桁架式搬运机_Part289	222	95	127
桁架式搬运机_Part290	222	95	127
桁架式搬运机_Part291	222	95	127
桁架式搬运机_Part292	222	95	127
桁架式搬运机_Part293	222	95	127
桁架式搬运机_Part294	222	95	127
桁架式搬运机_Part295	222	95	127
桁架式搬运机_Part296	222	95	127
桁架式搬运机_Part297	222	95	127
桁架式搬运机_Part298	222	95	127
桁架式搬运机_Part299	222	95	127
油浸式变压器_Part228	506	379	127
油浸式变压器_Part232	506	379	127
油浸式变压器_Part236	506	379	127
锻压成型机_Part2	213	86	127
08647_1	230	102	128
09427_1	230	102	128
USB全自动装配机3D_Part576	156	28	128
USB全自动装配机3D_Part620	168	40	128
发动机部件加工机_Part127	617	489	128
发动机部件加工机_Part76	617	489	128
挤压颗粒粉碎机_Part891	391	263	128
GabElec_basico_Part94	809	680	129
M-18_Part185	277	148	129
00633_1	455	325	130
08358	135	5	130
08427_8	193	63	130
08799_8	193	63	130
10415_8	193	63	130
GabElec_basico_Part523	449	319	130
GabElec_basico_Part696	449	319	130
USB全自动装配机3D_Part70	174	44	130
M-18_Part183	277	146	131
USB全自动装配机3D_Part14	149	17	132
USB全自动装配机3D_Part224	149	17	132
USB全自动装配机3D_Part23	149	17	132
USB全自动装配机3D_Part232	149	17	132
USB全自动装配机3D_Part24	149	17	132
USB全自动装配机3D_Part262	149	17	132
USB全自动装配机3D_Part415	194	62	132
USB全自动装配机3D_Part517	170	38	132
USB全自动装配机3D_Part54	149	17	132
USB全自动装配机3D_Part624	149	17	132
USB全自动装配机3D_Part689	149	17	132
USB全自动装配机3D_Part95	194	62	132
USB全自动装配机3D_Part97	149	17	132
USB全自动装配机3D_Part27	187	54	133
USB全自动装配机3D_Part414	177	44	133
USB全自动装配机3D_Part593	172	39	133
USB全自动装配机3D_Part622	209	76	133
USB全自动装配机3D_Part317	198	64	134
USB全自动装配机3D_Part56	160	26	134
外骨骼装备_Part17	197	63	134
电子钓鱼杆_Part67	477	343	134
06492_1	362	227	135
06492_3	362	227	135
Airtank35_Part437	182	47	135
EYEBORG_part1	392	257	135
USB全自动装配机3D_Part19	148	13	135
USB全自动装配机3D_Part407	165	30	135
USB全自动装配机3D_Part481	282	147	135
USB全自动装配机3D_Part49	148	13	135
ZHD73-1-A-B-RYG_Part11	139	4	135
山地自行车3D_Part10764	186	51	135
山地自行车3D_Part10778	186	51	135
A9F18301_part6	176	40	136
A9F18301_part8	176	40	136
USB全自动装配机3D_Part454	195	59	136
USB全自动装配机3D_Part72	190	54	136
10米氢燃料车后桥_Part385	344	207	137
USB全自动装配机3D_Part11	153	16	137
USB全自动装配机3D_Part435	153	16	137
USB全自动装配机3D_Part46	173	36	137
USB全自动装配机3D_Part599	153	16	137
USB全自动装配机3D_Part627	161	24	137
USB全自动装配机3D_Part73	161	24	137
USB全自动装配机3D_Part106	169	30	139
USB全自动装配机3D_Part297	181	42	139
USB全自动装配机3D_Part45	175	36	139
USB全自动装配机3D_Part51	152	13	139
М-11L五缸星型发动机_Part2	698	559	139
USB全自动装配机3D_Part430	157	17	140
USB全自动装配机3D_Part447	206	66	140
USB全自动装配机3D_Part582	174	34	140
USB全自动装配机3D_Part419	151	10	141
自动锁螺丝机_Part535	272	131	141
USB全自动装配机3D_Part603	161	19	142
major-kettel_Part1	162	20	142
外骨骼装备_Part7	211	69	142
汽车空调-01_Part46	188	46	142
05052_3	173	30	143
USB全自动装配机3D_Part515	195	52	143
ZHD16-3-A-02-B-RYG_Part1	201	58	143
GabElec_basico_Part99	313	169	144
QC1010-01-EP1S_part3	227	83	144
USB全自动装配机3D_Part720	167	23	144
USB全自动装配机3D_Part728	169	25	144
07107_4	200	55	145
MKQP25_part2	413	268	145
USB全自动装配机3D_Part228	205	60	145
USB全自动装配机3D_Part29	211	66	145
USB全自动装配机3D_Part596	167	22	145
USB全自动装配机3D_Part681	157	12	145
USB全自动装配机3D_Part682	157	12	145
USB全自动装配机3D_Part694	185	40	145
USB全自动装配机3D_Part719	170	24	146
工装装配_Part737	170	24	146
02474_1	198	51	147
02474_3	198	51	147
07048_1	198	51	147
USB全自动装配机3D_Part592	188	41	147
外骨骼装备_Part73	244	97	147
外骨骼装备_Part99	241	94	147
M-18_Part336	151	3	148
M-38-tv1_Part3	510	362	148
USB全自动装配机3D_Part441	188	40	148
工装装配_Part535	172	24	148
智能扫地机器人_Part156	300	152	148
智能扫地机器人_Part82	300	152	148
03604_1	380	231	149
05487_1	380	231	149
USB全自动装配机3D_Part626	201	51	150
01264_6	382	231	151
LF-9011-600	199	48	151
USB全自动装配机3D_Part257	235	84	151
USB全自动装配机3D_Part453	181	30	151
USB全自动装配机3D_Part570	223	72	151
洗衣机_Part111	315	164	151
USB全自动装配机3D_Part492	197	45	152
USB全自动装配机3D_Part690	220	68	152
挤压颗粒粉碎机_Part890	955	803	152
QP1000-01-L	182	29	153
AX65-30-11-80_part3	186	32	154
05214_1	199	44	155
09793_1	199	44	155
电池包装机_Part244	255	100	155
07670_16	410	254	156
09391_16	410	254	156
10605_1	382	226	156
00107_16	439	282	157
00228_16	439	282	157
10353_16	439	282	157
Airtank35_Part417	182	25	157
Airtank35_Part419	190	33	157
Airtank35_Part421	190	33	157
Airtank35_Part423	190	33	157
Airtank35_Part424	190	33	157
Airtank35_Part426	190	33	157
Airtank35_Part427	182	25	157
Airtank35_Part431	190	33	157
Airtank35_Part436	182	25	157
LF-9005-500	211	54	157
LJ-A01_part1	270	113	157
11964_3	220	62	158
M-32-spk_box1-边圆角_Part41	787	629	158
USB全自动装配机3D_Part484	191	33	158
山地自行车3D_Part82	213	54	159
座椅冲切设备_Part125	248	89	159
USB全自动装配机3D_Part692	181	21	160
USB全自动装配机3D_Part706	181	21	160
05015_5	342	181	161
09571_1	475	314	161
6749K684_PLASTIC_Part39	218	56	162
LF-9021-800	210	48	162
山地自行车3D_Part5494	195	33	162
USB全自动装配机3D_Part721	185	22	163
电子钓鱼杆_Part1	257	94	163
01470_7	220	56	164
02702_7	220	56	164
四轴飞行器_Part692	190	24	166
08772_16	471	304	167
09650_7	190	23	167
10447_16	471	304	167
09794_16	506	338	168
10603_16	506	338	168
USB全自动装配机3D_Part749	271	103	168
山地自行车3D_Part5480	204	35	169
05088_1	195	25	170
05607_1	195	25	170
09677_1	195	25	170
FIT-EM-W5100S-EVB-Pico_FlameIT-ImmersionCooling_part1	681	511	170
L6-壁挂标准_part5	248	78	170
06290_16	470	299	171
USB全自动装配机3D_Part696	191	19	172
消防车_Part86	1007	835	172
智能扫地机器人_Part134	180	7	173
QWTL-3-24-RAG_Part3	818	644	174
08580_1	394	219	175
座椅冲切设备_Part569	572	396	176
00847_1	199	22	177
MHJ110_part1	275	98	177
对开门冰箱_Part4	402	225	177
06470_16	489	311	178
08402_16	489	311	178
09668_17	497	319	178
V8-Engine-8缸发动机模型_Part1	184	6	178
V8-Engine-8缸发动机模型_Part14	184	6	178
V8-Engine-8缸发动机模型_Part19	184	6	178
V8-Engine-8缸发动机模型_Part24	184	6	178
V8-Engine-8缸发动机模型_Part29	184	6	178
V8-Engine-8缸发动机模型_Part34	184	6	178
V8-Engine-8缸发动机模型_Part39	184	6	178
V8-Engine-8缸发动机模型_Part9	184	6	178
08119_16	524	345	179
10296_16	532	353	179
四冲程发动机_Part9	221	41	180
四轴飞行器_Part670	182	2	180
四轴飞行器_Part672	182	2	180
四轴飞行器_Part678	182	2	180
四轴飞行器_Part679	182	2	180
传感器机器人小车_Part245	319	134	185
SK3-021H-1	254	67	187
g3512发动机_Part461	214	26	188
四轴飞行器_Part682	190	2	188
四轴飞行器_Part683	190	2	188
四轴飞行器_Part687	190	2	188
山地自行车3D_Part5499	348	158	190
Garrett-GTCP85-98D燃气涡轮发动机_Part1	608	417	191
5SU13561KK06_part1	523	331	192
MHR25_part1	299	107	192
无心磨龙门式送料机_Part93	382	190	192
混合机_Part1266	870	676	194
混合机_Part225	870	676	194
07119	477	282	195
08673_4	262	67	195
10583_4	262	67	195
V8-Engine-8缸发动机模型_Part76	869	670	199
khelifaoui-V6-Turbo发动机_Part170	485	286	199
轿车底盘系统总成_Part266	353	154	199
60-95-50-65	309	108	201
6749K684_PLASTIC_Part1	273	70	203
HFX54-286_part4	228	24	204
医疗瓶灌装线_Part31	413	207	206
V8-Engine-8缸发动机模型_Part225	247	40	207
10365_1	340	132	208
ACM1M-1309_part1	1005	797	208
10141	406	197	209
23-自动测试贴模机_Part847	621	409	212
23-自动测试贴模机_Part1133	643	430	213
23-自动测试贴模机_Part936	643	430	213
消防车_Part95	593	376	217
消防车_Part97	593	376	217
khelifaoui-V6-Turbo发动机_Part65	1127	909	218
动力转向架_Part2	445	225	220
g3512发动机_Part438	555	333	222
滚筒式搅拌机_Part382	726	504	222
经典大众发动机_Part152	475	252	223
AVENTADOR_Part150	419	193	226
М-11L五缸星型发动机_Part146	516	289	227
М-11L五缸星型发动机_Part200	516	289	227
М-11L五缸星型发动机_Part254	516	289	227
М-11L五缸星型发动机_Part308	516	289	227
М-11L五缸星型发动机_Part87	516	289	227
08140_1	640	408	232
10201_1	640	408	232
ARDUINONANO	605	371	234
g3512发动机_Part114	336	102	234
g3512发动机_Part377	379	145	234
USB全自动装配机3D_Part495	381	141	240
23-自动测试贴模机_Part592	492	248	244
洗衣机_Part338	280	28	252
V8-Engine-8缸发动机模型_Part65	726	470	256
10872	528	270	258
山地自行车3D_Part5549	276	16	260
BT可爱飞机造型小音箱收音机_Part14	512	251	261
04198	390	128	262
07984	390	128	262
08140_6	272	10	262
10318_4	272	10	262
Garrett-GTCP85-98D燃气涡轮发动机_Part8_Shell	1197	930	267
水陆麦克纳姆轮四轮小车_Part67	878	611	267
水陆麦克纳姆轮四轮小车_Part77	878	611	267
水陆麦克纳姆轮四轮小车_Part86	878	611	267
消防车_Part61	452	184	268
nrf91-feather-v5_Part3	288	19	269
智能扫地机器人_Part53	305	30	275
02758_2	305	26	279
卧式冰箱内胆绕管机_Part257	378	91	287
4x3.5 HDD Assembly_Part13	443	151	292
4x3.5 HDD Assembly_Part183	443	151	292
4x3.5 HDD Assembly_Part268	443	151	292
4x3.5 HDD Assembly_Part98	443	151	292
FreeJoy_Extend_Board-15Button_6Axis_part6	410	117	293
无心磨龙门式送料机_Part217	321	20	301
10130	309	5	304
INDO四冲程单缸发动机模型_Part72	547	242	305
01591_3	795	487	308
V8-Engine-8缸发动机模型_Part6	952	641	311
08427_1	612	300	312
08799_1	600	288	312
10415_1	612	300	312
05015_7	323	10	313
08750_1	336	21	315
g3512发动机_Part41	358	43	315
g3512发动机_Part43	358	43	315
02441_1	336	18	318
electric-kettle-11_Part1	480	162	318
01694_5	333	13	320
01854_5	333	13	320
滚筒式搅拌机_Part390	437	115	322
FP3001RG	439	116	323
g3512发动机_Part543	761	434	327
00575_1	373	45	328
01461_1	373	45	328
07644_1	373	45	328
g3512发动机_Part42	364	36	328
A16-框架式单斜臂机械手_Part79	371	35	336
A16-框架式单斜臂机械手_Part80	371	35	336
A16-框架式单斜臂机械手_Part81	371	35	336
A16-框架式单斜臂机械手_Part82	371	35	336
A16-框架式单斜臂机械手_Part83	371	35	336
A16-框架式单斜臂机械手_Part84	371	35	336
A16-框架式单斜臂机械手_Part85	371	35	336
Airtank35_Part116	688	351	337
汽车空调-01_Part30	404	67	337
四轴飞行器_Part440	393	55	338
Deutz-BF6M1013FC柴油发动机_Part332	841	500	341
M-18_Part241	646	300	346
TORNO_Part148	376	24	352
山地自行车3D_Part87	358	4	354
山地自行车3D_Part90	358	4	354
四轴飞行器_Part875	721	366	355
V8-Engine-8缸发动机模型_Part5	610	252	358
10米氢燃料车前桥_Part310	479	117	362
Airtank35_Part671	721	357	364
10697_1	582	215	367
DZ47LE-32-4P-C6-30mA_part1	656	271	385
10米氢燃料车前桥_Part381	479	82	397
23-自动测试贴模机_Part1055	575	173	402
无心磨龙门式送料机_Part108	543	135	408
FAVUPRS4	422	13	409
10米氢燃料车动力转向泵_Part1	457	43	414
工装装配_Part100	639	222	417
06385_1	450	26	424
智能扫地机器人_Part145	461	36	425
智能扫地机器人_Part55	461	36	425
BIGTREETECH-TFT35-V3.0-Touch-Screen	693	260	433
Arduino主板_Part70	443	6	437
00252_9	509	65	444
05015_1	456	5	451
Arduino主板_Part68	464	8	456
Arduino主板_Part69	464	8	456
BIGTREETECH-SKR-3-EZ_Part15	607	139	468
09650_1	577	102	475
TORNO_Part48	565	84	481
TORNO_Part70	565	84	481
GabElec_basico_Part205	1037	533	504
FBMESG2_part1	572	58	514
花生包装机_Part2	535	19	516
四轴飞行器_Part2	554	27	527
市政下水道疏通机器人_Part78	753	221	532
自动锁螺丝机_Part195	619	69	550
雅马哈摩托车拼装_Part1124	583	29	554
B09-搅碎机_Part481	714	59	655
B09-搅碎机_Part663	714	59	655
khelifaoui-V6-Turbo发动机_Part225	797	114	683
khelifaoui-V6-Turbo发动机_Part229	797	114	683
四轴飞行器_Part876	757	9	748
四轴飞行器_Part878	757	9	748
四轴飞行器_Part882	757	9	748
四轴飞行器_Part883	757	9	748
